bucket_start_offset_s,bucket_end_offset_s,bucket_label,market_count,mean_trade_count,median_trade_count,mean_quote_volume,median_quote_volume,mean_winner_aligned_signed_quote,median_winner_aligned_signed_quote,mean_abs_winner_aligned_signed_quote,median_abs_winner_aligned_signed_quote,positive_winner_aligned_share
-60,-55,-60 to -55,10919,3.8065756937448483,2.0,9075.869342994209,103.552444176,3260.202181147618,0.0,8566.760916580795,89.63373663600001,0.3937173733858412
-55,-50,-55 to -50,10919,3.2072534114845683,1.0,7896.800377569299,51.521166294,2270.088114324442,0.0,7485.899766528388,43.62880694,0.3675244985804561
-50,-45,-50 to -45,10919,3.2930671306896238,1.0,7654.393173784446,49.02935324,1576.7304672905561,0.0,7238.167536688048,39.376096,0.36908141771224473
-45,-40,-45 to -40,10919,3.145984064474769,1.0,9196.426829208303,37.685031657,1849.974859542454,0.0,8356.231676328143,29.850546845,0.3689898342339042
-40,-35,-40 to -35,10919,3.072534114845682,1.0,7570.38675108145,37.956481100000005,2706.8403291000996,0.0,7298.883442428912,30.000428427000003,0.35845773422474586
-35,-30,-35 to -30,10919,2.988826815642458,1.0,8428.141190156222,29.95161,2340.1019984018494,0.0,8069.42653534544,24.752795056,0.34975730378239767
-30,-25,-30 to -25,10919,3.07216778093232,1.0,8274.017117938676,41.19032036,1994.9378316396237,0.0,7949.494885898308,32.429840000000006,0.3536953933510395
-25,-20,-25 to -20,10919,3.19681289495375,1.0,8885.439875350869,38.499779923,3034.4901786097957,0.0,8554.560859706096,29.780077832,0.35937356900815093
-20,-15,-20 to -15,10919,3.1658576792746587,1.0,10153.944179105807,44.91602099999999,4702.149729572289,0.0,9815.950652447505,32.851518,0.3502152211741002
-15,-10,-15 to -10,10919,3.255792655005037,1.0,10419.887598452236,44.334728884,3983.609366921612,0.0,9910.641029175982,35.24067449599999,0.3590072350947889
-10,-5,-10 to -5,10919,3.4377690264676253,1.0,13622.5475382157,39.527403705000005,3875.7303929706745,0.0,13257.30709280975,31.300829123999996,0.359739902921513
-5,0,-5 to +0,10919,3.5767927465885156,1.0,15927.276748266511,49.491130561999995,4815.02533807763,0.0,15109.029337465798,39.60035303,0.36083890466159907
0,5,+0 to +5,10919,5.135268797508929,3.0,13543.756626850403,195.028093572,1122.493007945513,0.0,12475.039608020847,146.670089496,0.4058063925267882
5,10,+5 to +10,10919,4.103397747046433,2.0,9587.036231425507,101.903011668,1737.2039711307486,0.0,8861.792723790326,85.427044332,0.37833134902463594
10,15,+10 to +15,10919,3.5364960161186922,2.0,7843.078396052378,79.9865,1586.009992653415,0.0,7344.645127218204,59.625737872,0.3638611594468358
15,20,+15 to +20,10919,3.5802729187654547,2.0,8982.022623957695,65.187391861,2862.550135424994,0.0,8440.972241209727,50.216712339999994,0.3689898342339042
20,25,+20 to +25,10919,3.515340232622035,1.0,9885.445862642471,56.342877262,1709.6793522987757,0.0,8596.042838265885,48.506332485,0.36477699423024085
25,30,+25 to +30,10919,3.364776994230241,1.0,8435.389570026633,55.869852802000004,2319.459108368572,0.0,7899.926348283083,47.976138784,0.34984888726073815
