segment,underlying_source,underlying_symbol,step_order,funnel_step,rows
calibration,binanceus,BTCUSDT,1,market_venue_rows,5567
calibration,binanceus,BTCUSDT,2,cache_complete,5567
calibration,binanceus,BTCUSDT,3,cache_complete_nonempty,5165
calibration,binanceus,BTCUSDT,4,pre_final_price_observed,147
calibration,binanceus,BTCUSDT,5,final_endpoint_observed,10
calibration,binanceus,BTCUSDT,6,exante_close,7
calibration,binanceus,BTCUSDT,7,low_prior_momentum,0
calibration,binanceus,BTCUSDT,8,matched_controls_ok,0
calibration,binanceus,BTCUSDT,9,incidence_eligible,0
calibration,binanceus,BTCUSDT,10,post_15s_observed,0
calibration,binanceus,BTCUSDT,11,reversion_eligible,0
calibration,binanceus,BTCUSDT,12,large_directional_flow,0
calibration,kraken,XBTUSD,1,market_venue_rows,5567
calibration,kraken,XBTUSD,2,cache_complete,5567
calibration,kraken,XBTUSD,3,cache_complete_nonempty,5566
calibration,kraken,XBTUSD,4,pre_final_price_observed,2048
calibration,kraken,XBTUSD,5,final_endpoint_observed,859
calibration,kraken,XBTUSD,6,exante_close,662
calibration,kraken,XBTUSD,7,low_prior_momentum,253
calibration,kraken,XBTUSD,8,matched_controls_ok,88
calibration,kraken,XBTUSD,9,incidence_eligible,88
calibration,kraken,XBTUSD,10,post_15s_observed,40
calibration,kraken,XBTUSD,11,reversion_eligible,40
calibration,kraken,XBTUSD,12,large_directional_flow,8
evaluation,binanceus,BTCUSDT,1,market_venue_rows,5352
evaluation,binanceus,BTCUSDT,2,cache_complete,5352
evaluation,binanceus,BTCUSDT,3,cache_complete_nonempty,5166
evaluation,binanceus,BTCUSDT,4,pre_final_price_observed,205
evaluation,binanceus,BTCUSDT,5,final_endpoint_observed,19
evaluation,binanceus,BTCUSDT,6,exante_close,7
evaluation,binanceus,BTCUSDT,7,low_prior_momentum,0
evaluation,binanceus,BTCUSDT,8,matched_controls_ok,0
evaluation,binanceus,BTCUSDT,9,incidence_eligible,0
evaluation,binanceus,BTCUSDT,10,post_15s_observed,0
evaluation,binanceus,BTCUSDT,11,reversion_eligible,0
evaluation,binanceus,BTCUSDT,12,large_directional_flow,0
evaluation,kraken,XBTUSD,1,market_venue_rows,5352
evaluation,kraken,XBTUSD,2,cache_complete,5352
evaluation,kraken,XBTUSD,3,cache_complete_nonempty,5352
evaluation,kraken,XBTUSD,4,pre_final_price_observed,2229
evaluation,kraken,XBTUSD,5,final_endpoint_observed,1066
evaluation,kraken,XBTUSD,6,exante_close,557
evaluation,kraken,XBTUSD,7,low_prior_momentum,242
evaluation,kraken,XBTUSD,8,matched_controls_ok,121
evaluation,kraken,XBTUSD,9,incidence_eligible,121
evaluation,kraken,XBTUSD,10,post_15s_observed,78
evaluation,kraken,XBTUSD,11,reversion_eligible,78
evaluation,kraken,XBTUSD,12,large_directional_flow,11
all,binanceus,BTCUSDT,1,market_venue_rows,10919
all,binanceus,BTCUSDT,2,cache_complete,10919
all,binanceus,BTCUSDT,3,cache_complete_nonempty,10331
all,binanceus,BTCUSDT,4,pre_final_price_observed,352
all,binanceus,BTCUSDT,5,final_endpoint_observed,29
all,binanceus,BTCUSDT,6,exante_close,14
all,binanceus,BTCUSDT,7,low_prior_momentum,0
all,binanceus,BTCUSDT,8,matched_controls_ok,0
all,binanceus,BTCUSDT,9,incidence_eligible,0
all,binanceus,BTCUSDT,10,post_15s_observed,0
all,binanceus,BTCUSDT,11,reversion_eligible,0
all,binanceus,BTCUSDT,12,large_directional_flow,0
all,kraken,XBTUSD,1,market_venue_rows,10919
all,kraken,XBTUSD,2,cache_complete,10919
all,kraken,XBTUSD,3,cache_complete_nonempty,10918
all,kraken,XBTUSD,4,pre_final_price_observed,4277
all,kraken,XBTUSD,5,final_endpoint_observed,1925
all,kraken,XBTUSD,6,exante_close,1219
all,kraken,XBTUSD,7,low_prior_momentum,495
all,kraken,XBTUSD,8,matched_controls_ok,209
all,kraken,XBTUSD,9,incidence_eligible,209
all,kraken,XBTUSD,10,post_15s_observed,118
all,kraken,XBTUSD,11,reversion_eligible,118
all,kraken,XBTUSD,12,large_directional_flow,19
