wallet,product,condition_id,winner,official_margin_bps_abs,first_entry_offset_s,last_entry_offset_s,n_winner_buys,winner_buy_notional,cls,pre_runup_bps,prior_momentum_bps,is_low_momentum,is_contested,entry_price_spot,entry_pm_price,prior_pm_price,staleness_pm_bps,baseline_frac_flat_of_decided,in_basis_band
0xb305d384400e3d7a15780216a55368ea677eca4e,5m,0x00390c29a781f1c8b21364ebceffa739b38f5c6946d52f78e2c14255c77639ed,Up,0.9342170817570987,-33,-13,3,117.67,no_push_after_entry,0.012805736970908024,0.28,1,1,78090.0,0.4004,0.64,-2396.0,,1
0xb305d384400e3d7a15780216a55368ea677eca4e,5m,0x00aea3b552c1139df1c83ee7c838d6ee668b4c59659fb1d898bb4887f9b404e3,Up,5.217969028136076,-299,-250,3,150.97,pre_onset_flat,2.5173788591286406,2.98,1,1,78256.0,0.38,0.6,-2200.0,0.7391,0
0xb305d384400e3d7a15780216a55368ea677eca4e,5m,0x015bc5f95eca2b7d477b50fa61dc3725f31b2bf640644848f9df6c8f8a4fad01,Down,0.4924014410180132,-89,-61,2,164.12,choppy_gap,1.8811555245326308,0.01,1,1,80801.4,0.552136,0.69,-1378.6,,1
0xb305d384400e3d7a15780216a55368ea677eca4e,5m,0x03b7a6f008fe6a7617bd1919ac7fbfeb7f321c84af9b5209b6a656ab7b7dc885,Up,16.012592535042153,-138,-138,1,46.0,post_onset,5.612689723890122,7.49,1,0,63427.7,0.46,,,0.1558,0
0xb305d384400e3d7a15780216a55368ea677eca4e,5m,0x0d45fc4061cd09e77da185b0bb6751d9ac822e8f716b5ab519d4a65543ed992c,Down,0.10077381076233438,-38,-38,1,32.4,no_push_after_entry,0.012419490652572295,4.27,1,1,80518.6,0.2683435481199271,,,,1
0xb305d384400e3d7a15780216a55368ea677eca4e,5m,0x0d75213c6e932f75a4847fd80daa34a23d0cd6f3b3a1fe37a788c441e3415cec,Up,1.6543992873661442,-133,-16,4,231.53,pre_onset_flat,0.8783418971672066,3.81,1,1,77418.6,0.5214170443240853,0.318,2034.2,0.931,1
0xb305d384400e3d7a15780216a55368ea677eca4e,5m,0x0e5f81b52d40bd0d8dbbea14b5b3aec8f148d50ace199bbe4c4a6987c14240dc,Down,0.1573591547824391,-202,-22,3,138.22,no_push_after_entry,1.3670928567356084,0.04,1,1,73879.4,0.809069,0.53,2790.7,,1
0xb305d384400e3d7a15780216a55368ea677eca4e,5m,0x0ea8f43eefe3eafe433ee6ec6df942989611faf01a585d31365df691729b4ab4,Down,0.44442877464705055,-214,-43,3,124.43,no_push_after_entry,1.0241468216883571,0.0,1,1,78113.8,0.45,0.39433,556.7,,1
0xb305d384400e3d7a15780216a55368ea677eca4e,5m,0x14757f2971da0befdab19ea343d8856d179a85ff0098f8464a70a4f1459099c3,Up,0.9039489136912887,-72,-20,3,128.58,no_push_after_entry,0.388080179867811,3.83,1,1,79880.4,0.134316,0.4057595,-2714.4,,1
0xb305d384400e3d7a15780216a55368ea677eca4e,5m,0x15827f18c29e442f221714526641ed8df5a9d99eea0d7b391541ed0f11a2b8e4,Up,22.715391976435296,-30,-30,1,94.0,pre_onset_flat,4.470506546438115,25.48,0,0,63080.1,0.94,,,0.2,0
0xb305d384400e3d7a15780216a55368ea677eca4e,5m,0x16a8db802bd8810b4fc7c165e8e218b25dfb2651cc663e1304e1fcc91cc4abf6,Down,1.0341261492080487,-313,-217,3,117.41,no_push_after_entry,0.7849888477450399,0.0,1,1,73886.4,0.57,0.43,1400.0,,1
0xb305d384400e3d7a15780216a55368ea677eca4e,5m,0x18a4fa14da5faf1df34adf743bdd8aa4e1cbaf57e9dcb23ca27d48060c362e44,Up,4.024263864840492,-27,-20,2,220.37,no_push_after_entry,3.314624472078881,7.53,1,1,63053.9,0.57,0.53185,381.5,,1
0xb305d384400e3d7a15780216a55368ea677eca4e,5m,0x1c7dabf2d115c983f04333bea2597013d88ffcf5e23408b0ee07454ed8240001,Up,0.685688352826463,-66,-66,1,71.61,no_push_after_entry,0.01338284987866048,0.03,1,1,74722.5,0.597617458065593,,,,1
0xb305d384400e3d7a15780216a55368ea677eca4e,5m,0x1c9c72b3f8e91b3d2babce828e810383f159511a66c285178f3156902709c728,Down,3.03047988487452,-24,-24,1,180.5,post_onset,5.504027728746576,7.62,1,1,62318.0,0.5746270414822833,,,0.3019,1
0xb305d384400e3d7a15780216a55368ea677eca4e,5m,0x1cde174e5a56c68a1952f8c110d4bc02cfefdd30dae69515c1102c4264b864fa,Down,9.093695302290124,-164,-164,1,168.0,pre_onset_flat,0.6197699009391071,0.01,1,1,79061.6,0.56,,,0.9636,0
0xb305d384400e3d7a15780216a55368ea677eca4e,5m,0x1da09b88b8249b0b7621f071f12c489e1c7a8a712db73b6f09062ab2af56fc98,Up,0.7148125397973467,-93,-8,4,151.09,no_push_after_entry,0.9934175878464081,0.68,1,1,73483.7,0.6125156445556946,0.66,-474.8,,1
0xb305d384400e3d7a15780216a55368ea677eca4e,5m,0x1dd0bd3ab835e07353c391ed1d1d9b9192746a7c9648b0014291a54916931838,Up,0.506819793994221,-122,-46,4,130.65,no_push_after_entry,2.4443030542744264,0.01,1,1,81413.8,0.45,0.570626,-1206.3,,1
0xb305d384400e3d7a15780216a55368ea677eca4e,5m,0x1f630ffe897b08e7a89465d5bbd06c5d62a3d13326b4aba609d3525c7d0dd523,Down,2.031655751813921,-42,-31,2,169.58,no_push_after_entry,0.012989661529145652,2.6,1,1,76984.3,0.85555,0.95,-944.5,,1
0xb305d384400e3d7a15780216a55368ea677eca4e,5m,0x228fa9306764b5feb3709ab99257a4530e8452e984d4051de1d397810fdff7a7,Up,1.7186744707662223,-216,-28,4,363.77,pre_onset_flat,0.01229404402635706,0.96,1,1,81340.2,0.2309347886929751,0.39213114285714284,-1612.0,0.9643,1
0xb305d384400e3d7a15780216a55368ea677eca4e,5m,0x22f825bd30c28be92ce049d6fb344bed046dfa7db35d0e700f9edc1156f03b7d,Down,1.9095194985167336,-184,-125,3,89.75,pre_onset_flat,0.6051219063138793,7.75,1,1,77670.3,0.27,0.38,-1100.0,0.6724,1
0xb305d384400e3d7a15780216a55368ea677eca4e,5m,0x24c02b0479f675e1cfc3627c7957c3c99aaccb223b6738446a960aff344e35a5,Down,1.3029117628249418,-280,-50,5,482.67,no_push_after_entry,0.01264345580938585,0.0,1,1,79092.3,0.5358176234752197,0.53,58.2,,1
0xb305d384400e3d7a15780216a55368ea677eca4e,5m,0x260d7dbda188aa4e3e66dba08317346981515607a3e3356ad355d17b467df3ac,Up,1.5271746327050253,-276,-237,4,215.36,no_push_after_entry,0.01236006857258127,0.17,1,1,80905.7,0.49,0.652898,-1629.0,,1
0xb305d384400e3d7a15780216a55368ea677eca4e,5m,0x265dfb2debc775860e2360d6e0bd8d61cc2d2a87200388efe6b6f8433d2c8345,Down,1.6613956733864321,-299,-193,3,104.15,choppy_gap,1.778833355210939,1.91,1,1,81514.1,0.21,0.4938314019074967,-2838.3,,1
0xb305d384400e3d7a15780216a55368ea677eca4e,5m,0x26e81bbd4f96733ffad8e509de231daf1865423ba0841e38ee0b48d9bdad6d45,Up,0.32473480761537193,-191,-107,3,115.75,pre_onset_flat,0.012397349941393866,3.09,1,1,80662.4,0.12,0.15182882167431272,-318.3,0.6269,1
0xb305d384400e3d7a15780216a55368ea677eca4e,5m,0x272720af35ddd26f431ff3ae0e893672700dbfde1822706791e9c52e73a5bd94,Down,0.40138705804426333,-321,-92,2,126.13,no_push_after_entry,2.636242858000095,0.97,1,1,76624.2,0.6,0.61,-100.0,,1
0xb305d384400e3d7a15780216a55368ea677eca4e,5m,0x276c88f977191fe88394e67102e748e3129b905d05d62e19ebf3168aff537141,Up,0.9923388130659919,-211,-211,1,78.0,pre_onset_flat,1.4972280863655605,0.79,1,1,73469.1,0.26,,,1.0,1
0xb305d384400e3d7a15780216a55368ea677eca4e,5m,0x27a7ed46b6268e0ce420d5851ce1b31b0bc3fda79f86b6f98e3f6dcf24193bfd,Down,0.6162856792750878,-283,-25,2,217.81,no_push_after_entry,0.2591440336189916,1.79,1,1,73318.3,0.76405,0.65,1140.5,,1
0xb305d384400e3d7a15780216a55368ea677eca4e,5m,0x288bb00fe35b4a8999c4bf97701becbf5e3eeb61df21e71f52a8f023201ecf01,Down,3.9950165847007937,-36,-17,2,473.7,no_push_after_entry,0.0,3.82,1,1,60756.2,0.4779260086704434,0.49,-120.7,,1
0xb305d384400e3d7a15780216a55368ea677eca4e,5m,0x28a80bdd94c2c170026ec32ba591e1d61b057a9793b4a617ae3bdecd90907e9c,Down,0.8545035795377922,-33,-24,2,53.0,no_push_after_entry,0.01359137002448088,0.0,1,1,73576.1,0.13,0.4,-2700.0,,1
0xb305d384400e3d7a15780216a55368ea677eca4e,5m,0x29a5ca1ad8263cc960ed531f903bfd72e19d48359cf2a7d5e3d472ee6edc3649,Down,4.874685157696732,-33,-20,2,38.36,pre_onset_flat,2.4400940425426496,0.82,1,1,60653.4,0.16,0.15280114005700285,72.0,0.9583,1
0xb305d384400e3d7a15780216a55368ea677eca4e,5m,0x2c0957d4eb7c23aba6e35851d9b5b0bf0f7042def08fba3fd6be02cab1e66b7a,Up,7.653437295488388,-296,-282,3,181.0,pre_onset_flat,0.10937194527415563,0.01,1,1,73144.9,0.53,0.65,-1200.0,1.0,0
0xb305d384400e3d7a15780216a55368ea677eca4e,5m,0x2c6d2c59507b6b13a9fba2e425e5a328988b5b9da1eed171b1ac7446e25c61db,Up,0.8603319583379105,-41,-15,2,38.35,no_push_after_entry,1.823302899595088,2.97,1,1,73493.0,0.62,0.197542,4224.6,,1
0xb305d384400e3d7a15780216a55368ea677eca4e,5m,0x2d54fd7653747410edd4613d7f454a6c182fe0e2273a7fb5ef65cb1614a240a0,Down,6.9981185324403885,-66,-66,1,267.0,post_onset,17.413631138223664,7.89,1,1,61848.1,0.89,,,0.141,0
0xb305d384400e3d7a15780216a55368ea677eca4e,5m,0x2d7e892c462ec7dcfa1cf4ee6c2a6fe3fc2e1ff1f5cab8b45d06c5f9957fb397,Up,6.00390882473957,-270,-270,1,30.45,pre_onset_flat,0.0,2.68,1,1,80194.0,0.53,,,0.807,0
0xb305d384400e3d7a15780216a55368ea677eca4e,5m,0x2f8d7dc540976cf91ba3e7e8bb5899921106748fb57b15ad59f704733fbeef64,Down,0.7705226490907217,-276,-276,1,99.8,no_push_after_entry,0.13261737632435028,2.57,1,1,75404.9,0.5673860147811256,,,,1
0xb305d384400e3d7a15780216a55368ea677eca4e,5m,0x322bef2dfb8cc7355bf9c1149a7d6950e56fc4edad74896b3202a2d50826bc9c,Up,1.1735057225506733,-281,-253,3,209.19,no_push_after_entry,0.0632055317481386,0.09,1,1,79107.0,0.68,0.64,400.0,,1
0xb305d384400e3d7a15780216a55368ea677eca4e,5m,0x331ec79e17709ecf34a2e88c1e7377b87648c28421e9b5e32a588101f6e08af0,Down,1.0187293063877978,-26,-14,2,104.26,no_push_after_entry,0.30475188384806273,8.05,1,1,62345.8,0.537284,0.505299,319.8,,1
0xb305d384400e3d7a15780216a55368ea677eca4e,5m,0x34c6939b5c48231342d472bb381c398aaba447d9ca7d165b4e2e6667b3c667b3,Up,0.30768682939454806,-16,-11,2,102.69,no_push_after_entry,1.0720633214850415,0.03,1,1,77420.8,0.498756,0.528106,-293.5,,1
0xb305d384400e3d7a15780216a55368ea677eca4e,5m,0x381f0c259426ded5e3e4f3da5dc93ef1afba9ed1341bde2c13d482e7e29b2101,Down,5.731697397589325,-127,-99,3,82.59,pre_onset_flat,3.718082315110427,2.79,1,1,80417.8,0.355196,0.2,1552.0,1.0,0
0xb305d384400e3d7a15780216a55368ea677eca4e,5m,0x38d487bbd1bab33cb0d8862a48117a06907e2c0a335d9da978cd18e719669458,Up,3.0214618609008257,-53,-53,1,65.53,no_push_after_entry,1.394931852093566,13.34,0,1,63802.4,0.655316,,,,1
0xb305d384400e3d7a15780216a55368ea677eca4e,5m,0x3c7fb2030ef9a9e6c2c08f329c29f9dd8e184c8f4742175478c7f2d32025d9ea,Down,2.3069962127283805,-9,-9,1,89.0,no_push_after_entry,3.534090190629414,0.24,1,1,61684.9,0.89,,,,1
0xb305d384400e3d7a15780216a55368ea677eca4e,5m,0x3daffb7ad3554211a3132debc3530119a38a56ad8e2bf2e4d692801a1cebfd98,Down,1.7848550753988475,-247,-247,1,48.89,no_push_after_entry,0.01237646738563473,0.2,1,1,80798.5,0.488867,,,,1
0xb305d384400e3d7a15780216a55368ea677eca4e,5m,0x3dc379165d85406d6c8b82dbd2bb8860ee469673249193babcf20f998e585bed,Down,1.1159089392703583,-70,-15,3,244.48,no_push_after_entry,0.012892961344486887,2.99,1,1,77561.7,0.95,0.88,700.0,,1
0xb305d384400e3d7a15780216a55368ea677eca4e,5m,0x3f842c25f95535e8a4875647975aacede31274fd3e8f4351e3585a697e068d3a,Down,0.6948555759957091,-28,-23,3,98.0,no_push_after_entry,0.013382796146727485,0.03,1,1,74722.8,0.2011581791010461,0.21,-88.4,,1
0xb305d384400e3d7a15780216a55368ea677eca4e,5m,0x3fc8b9455ff1b0d6977ef00863eb1dae4747aa84f02719908803a237dcbc77d2,Down,14.288678362500583,-174,-174,1,65.0,pre_onset_flat,2.444212813667407,6.2,1,0,63415.1,0.65,,,0.6707,0
0xb305d384400e3d7a15780216a55368ea677eca4e,5m,0x4031da7df209abca5a966864916f4e866b8b9d80ec0aa46d583030601dc631d3,Down,1.7520725465510663,-86,-55,2,25.95,no_push_after_entry,2.095588235294831,4.28,1,1,81600.0,0.2942528735632184,0.52,-2257.5,,1
0xb305d384400e3d7a15780216a55368ea677eca4e,5m,0x42f29d2272e52d869d2876779e40c71ec43b16a69d7cfac45a155ef830e9511c,Down,5.1859778012653495,-268,-268,1,135.77,pre_onset_flat,0.013719114843508906,3.2,1,1,72891.0,0.452571,,,0.7949,0
0xb305d384400e3d7a15780216a55368ea677eca4e,5m,0x4514c5a7bfabedc23a4cb276aecf928e211d3727381676809f7c4366a6c0b169,Down,7.447686009046775,-252,-236,3,176.99,pre_onset_flat,0.012363491599108933,1.14,1,1,80883.3,0.53,0.62,-900.0,0.9851,0
0xb305d384400e3d7a15780216a55368ea677eca4e,5m,0x4593128b1276527f99693c99fd4bda6038d45775bdd0fa6d83fe5d6340141ed8,Up,0.041910432240958334,-57,-50,3,200.72,no_push_after_entry,1.353607934419225,0.68,1,1,79048.0,0.46,0.47,-100.0,,1
0xb305d384400e3d7a15780216a55368ea677eca4e,5m,0x4713e1a4a3bbac0f79e74ddc5f5ef8c659b93b552a21767c68cf102021e3f3f6,Down,1.169027283344779,-132,-132,1,60.97,no_push_after_entry,0.012371659498010114,0.01,1,1,80829.9,0.60965,,,,1
0xb305d384400e3d7a15780216a55368ea677eca4e,5m,0x48e48a6d767e30ef8f21e6ab1619964c4142d369cea557cf7e839659a8f6c689,Down,0.7603831163927177,-2,-2,1,91.2,post_onset,6.14062858203334,0.01,1,1,73282.4,0.883921302578019,,,0.9722,1
0xb305d384400e3d7a15780216a55368ea677eca4e,5m,0x49db719603656a9e5a46773628c74a6142fc2dfdba48a97e785828b6db7947f1,Up,1.0507455947202242,-32,-32,1,100.0,pre_onset_flat,0.01364522683222249,1.45,1,1,73285.7,0.5,,,0.9844,1
0xb305d384400e3d7a15780216a55368ea677eca4e,5m,0x49f62f7172bd608dd79af7b3c9aaa2df5f0c96528d19b5456c97a04614b1e8f9,Down,8.624418457551197,-232,-61,2,138.0,no_push_after_entry,2.7822538574797964,4.52,1,1,77634.9,0.95,0.43,5200.0,,0
0xb305d384400e3d7a15780216a55368ea677eca4e,5m,0x4a20c9065541185026630645e2b73a16f7070078959628a773aca15db012be4d,Up,1.0119509992654743,-170,-71,2,109.08,no_push_after_entry,0.012946659762535053,1.89,1,1,77240.0,0.480819,0.61,-1291.8,,1
0xb305d384400e3d7a15780216a55368ea677eca4e,5m,0x4abdf7b086f7250622be8f5fa579c63b4012e2f9de26157c60e677e945efc7e4,Down,6.092675762600794,-95,-95,1,46.03,no_push_after_entry,1.397752465802091,5.02,1,1,77266.9,0.460349,,,,0
0xb305d384400e3d7a15780216a55368ea677eca4e,5m,0x4bf35ad7140b6da5945237fa762b079da9929deb22cb8875cb642c3d828e0ff3,Down,0.967129588308826,-14,-14,1,159.58,no_push_after_entry,0.013621639882774995,0.5,1,1,73412.6,0.5319436666666667,,,,1
0xb305d384400e3d7a15780216a55368ea677eca4e,5m,0x4df1631c1ce4e9c0a1eb07f06bc37fcfa4b9ab3fd048ae58e2cd3644343f6831,Up,0.30249947529139865,-222,-182,2,113.23,no_push_after_entry,1.8771252704287587,3.65,1,1,74049.4,0.22,0.33,-1100.0,,1
0xb305d384400e3d7a15780216a55368ea677eca4e,5m,0x4e65841b93e88febcffa9b26da8be917974ed6ae80241dc51d4ded41f2b376b9,Up,6.603688773838286,-122,-120,2,181.7,post_onset,6.367198212141405,5.55,1,1,63450.2,0.71,0.71,0.0,0.2976,0
0xb305d384400e3d7a15780216a55368ea677eca4e,5m,0x4fc73d3d4a23597544d47a3cfa177bf9ed620e2bc6ee006b515d7ca1fdaa1bf3,Down,0.3478430284422842,-114,-50,2,37.0,post_onset,7.338196687215091,2.15,1,1,76449.3,0.23,0.14,900.0,0.1731,1
0xb305d384400e3d7a15780216a55368ea677eca4e,5m,0x527f41974155ce6775736c9741d71974d2e62a4d3ad04fca7c995e8f12c6cf22,Down,1.8532670450477005,-203,-203,1,58.0,no_push_after_entry,0.6565378159591844,5.28,1,1,80726.5,0.58,,,,1
0xb305d384400e3d7a15780216a55368ea677eca4e,5m,0x53bc1efa3c9290df53c70d79107c14fdc0c43804c53dcd34abcf1d66f3cb17bb,Down,1.6334296565440107,-215,-215,1,36.7,no_push_after_entry,0.01263832648225691,0.25,1,1,79124.4,0.58,,,,1
0xb305d384400e3d7a15780216a55368ea677eca4e,5m,0x5518a58af9421683fc2a35605bcadb23fd96f8b121bbe5e0b9dc5d23121d7d84,Up,12.81046147477137,-162,-135,2,140.69,pre_onset_flat,3.2028436227303696,1.49,1,0,63693.4,0.6269,0.78,-1531.0,0.2917,0
0xb305d384400e3d7a15780216a55368ea677eca4e,5m,0x56e73d7a08c1132ed547577df2b87e5edfd72860773d2bddb7de6bd2ae448a32,Up,0.9314473381168941,-124,-124,1,31.0,pre_onset_flat,0.3907730663571744,2.47,1,1,76770.9,0.31,,,0.973,1
0xb305d384400e3d7a15780216a55368ea677eca4e,5m,0x5bfc886a7f938aead3bc33308af1300828e1024fd6bef8b650d415593ace9b36,Down,2.0539881476307893,-23,-23,1,72.0,no_push_after_entry,2.5859110164510954,5.17,1,1,63807.3,0.72,,,,1
0xb305d384400e3d7a15780216a55368ea677eca4e,5m,0x5c5d2343788b33f967923700d654bad3bed7892a697bff3c0539a2bb65899c1e,Up,11.289388192847776,-146,-146,1,77.0,pre_onset_flat,3.5845594280494915,6.4,1,0,60816.4,0.77,,,0.9403,0
0xb305d384400e3d7a15780216a55368ea677eca4e,5m,0x5c8fd0627b6af6fb7de23d1bd3efa5d9f6b6e6ac789fd8d3aaa9bdcc4297c049,Up,4.207856247912604,-9,-9,1,37.0,post_onset,8.87039989640456,2.02,1,1,61778.5,0.37,,,0.7292,1
0xb305d384400e3d7a15780216a55368ea677eca4e,5m,0x5cd216b4390143b04d7f613056f6e9870e823cbef9200a4bc9aa031203242b9a,Up,1.0465314543348971,-207,-207,1,27.28,no_push_after_entry,0.0,1.35,1,1,76773.5,0.32,,,,1
0xb305d384400e3d7a15780216a55368ea677eca4e,5m,0x60e9596345af66b4e12a6f37d011d1b12fc66cb2dd6bab5b3afd58b85167dded,Down,1.4063131042528427,-129,-85,3,131.41,no_push_after_entry,2.971677928225393,0.0,1,1,75714.8,0.542223,0.39,1522.2,,1
0xb305d384400e3d7a15780216a55368ea677eca4e,5m,0x62c16be9ab814e1cd493fc1bfb51ac83284cfac48f510a6efcaa417a562dc2c7,Down,0.5414475160194335,-47,-47,1,29.38,no_push_after_entry,0.140772070821894,0.37,1,1,78140.5,0.29382,,,,1
0xb305d384400e3d7a15780216a55368ea677eca4e,5m,0x65c70dcabcc4f089d904ad48369f86524e483f4f26d70abfcde95d0a6e10f3ac,Up,14.790414484965254,-173,-173,2,122.95,pre_onset_flat,0.9270461794689406,1.56,1,0,63643.0,0.4172,,,0.4658,0
0xb305d384400e3d7a15780216a55368ea677eca4e,5m,0x67c229802bc7fb25e5cbd62ca5640032448554c4045c03972b8f84f049195fae,Up,0.4321641749676514,-174,-46,4,82.59,pre_onset_flat,0.012744357116164668,3.68,1,1,78466.1,0.1823559886517824,0.355828,-1734.7,0.8919,1
0xb305d384400e3d7a15780216a55368ea677eca4e,5m,0x698e800b26060d7b3b2d3f50a28ee6d612df8e5fc1ca7c0f579626b86d3debf6,Down,1.281278105792374,-210,-9,4,138.01,no_push_after_entry,0.012383808911793701,0.0,1,1,80750.6,0.49,0.41,800.0,,1
0xb305d384400e3d7a15780216a55368ea677eca4e,5m,0x6ad21d331c664ee2bbcbb7cffbf92c31c2fdf406a33fe2da9e89011739bbb430,Up,0.4927505257951766,-131,-131,1,92.0,no_push_after_entry,1.4282294307757597,0.23,1,1,73517.6,0.46,,,,1
0xb305d384400e3d7a15780216a55368ea677eca4e,5m,0x6b887d2a433ae1f4012ece6c980a76ca694d65d59119c01350fd77271db5720e,Up,1.3050322684868432,-45,-14,2,85.65,no_push_after_entry,0.012402454692750127,2.06,1,1,80629.2,0.67,0.43,2400.0,,1
0xb305d384400e3d7a15780216a55368ea677eca4e,5m,0x6bfb99661d47e478bb50cbc4fa87bae162cc3e2a56e9487ba0a10423f7835492,Up,4.330531789117436,-152,-39,2,158.58,no_push_after_entry,0.0,1.45,1,1,60763.3,0.8557761732851985,0.733652,1221.2,,1
0xb305d384400e3d7a15780216a55368ea677eca4e,5m,0x6fb2b5cb01a4e051fd8f4ad94f54b4b4a80e5e0f29a5b4190b8518c0885dca42,Down,0.8493244717058169,-62,-50,3,221.26,pre_onset_flat,2.3827349370141477,11.0,0,1,76802.5,0.45403378471742434,0.15956548913722843,2944.7,0.7949,1
0xb305d384400e3d7a15780216a55368ea677eca4e,5m,0x716382ef65cc473972c5c38bea0ed4e6439f17aec0d9a374ddcb412391a3abb2,Up,9.232677945943744,-125,-29,2,98.89,pre_onset_flat,0.01567852747247161,16.23,0,1,63781.5,0.648944,0.34,3089.4,0.4935,0
0xb305d384400e3d7a15780216a55368ea677eca4e,5m,0x72a6c268538884c30a62ba28fc921abca461803fdc93877423692fa076171cc9,Up,8.31942063996901,-149,-149,1,29.0,pre_onset_flat,0.2345595034262639,7.99,1,1,81002.9,0.29,,,0.7,0
0xb305d384400e3d7a15780216a55368ea677eca4e,5m,0x74efe29e0b378b1ca84b29c901e3aa9e550dd3c517cad0029cbd7fb458393fdf,Down,0.5563838831421705,-189,-161,3,50.0,pre_onset_flat,1.7325039234254875,1.97,1,1,79076.3,0.13,0.12,100.0,1.0,1
0xb305d384400e3d7a15780216a55368ea677eca4e,5m,0x75edbe925b48c23daa5e351c2cc188c49eeec0ae7ee0e807c0930a33b1c5e92b,Down,0.5775923601273618,-124,-81,2,74.89,no_push_after_entry,0.012742213552595494,4.22,1,1,78479.3,0.38,0.368885,111.1,,1
0xb305d384400e3d7a15780216a55368ea677eca4e,5m,0x77b158fc7e1115b3f03c97d60bddba7d3353b559200885c52e79ff4e2130e709,Up,0.07863575586637947,-12,-12,1,71.82,no_push_after_entry,0.8478369559664544,0.35,1,1,80204.1,0.359113,,,,1
0xb305d384400e3d7a15780216a55368ea677eca4e,5m,0x79a69f2cb3134e783c348b3a7f74e2a08f6c91a7bafd59af85027d6232e4e72d,Up,1.4429203225144427,-23,-23,1,52.33,no_push_after_entry,1.214172130439734,0.14,1,1,76595.4,0.523284,,,,1
0xb305d384400e3d7a15780216a55368ea677eca4e,5m,0x7aa197de2b9dcd775cf5576e38f3e08c139eaacd6e8eb68394363c0b8eda0076,Down,2.1085505005973677,-118,-38,2,114.08,no_push_after_entry,0.012285540533784715,1.49,1,1,81396.5,0.2916666666666667,0.4654,-1737.3,,1
0xb305d384400e3d7a15780216a55368ea677eca4e,5m,0x7d4b4cbc18220c5f80bf8febdd4175edd5bac5524755170a1763a1e53818a6be,Up,0.7856349342274795,-266,-203,2,164.05,no_push_after_entry,0.01231818361063463,0.0,1,1,81180.8,0.5801485,0.5,801.5,,1
0xb305d384400e3d7a15780216a55368ea677eca4e,5m,0x7d4d82a2095f4cc755fd290e5bbc4a6632e9e6383088a33b4ffbb3ca873ed094,Up,2.2084251985041874,-3,-3,1,82.0,no_push_after_entry,0.012852578354621768,3.64,1,1,77805.4,0.82,,,,1
0xb305d384400e3d7a15780216a55368ea677eca4e,5m,0x7ec145c5b383315f7c4d0981fcc06f374814cf0d7eb314d58ec699d6d62e52f1,Down,17.48178123604772,-287,-287,1,62.0,post_onset,8.865893651341114,2.7,1,0,61809.9,0.62,,,0.3542,0
0xb305d384400e3d7a15780216a55368ea677eca4e,5m,0x7ec41bf025b2d55991d6943694a0c62d88991c152f28c3ec2aefa56c1af7b274,Down,4.410336527451608,-110,-110,1,29.0,pre_onset_flat,1.3717741017280236,1.5,1,1,72898.3,0.29,,,0.8889,1
0xb305d384400e3d7a15780216a55368ea677eca4e,5m,0x830ffa5262862ec9e201fce40100442ab72948349063f83f9308882b6f5d4a78,Down,3.4579250540188746,-18,-18,1,88.0,no_push_after_entry,0.5824775870056798,1.51,1,1,80689.8,0.88,,,,1
0xb305d384400e3d7a15780216a55368ea677eca4e,5m,0x831efa7331672592d6aefb7cb8fd83814fe56341cebe94d94b45a7c89f4bb263,Up,2.0855528643204844,-129,-127,2,100.0,pre_onset_flat,2.456203899656424,1.82,1,1,80612.2,0.5,0.5,0.0,0.8246,1
0xb305d384400e3d7a15780216a55368ea677eca4e,5m,0x850e420bbd53754929f934661057d4f4b47164be93721d0aae00532b7e226352,Down,0.46984104948743094,-125,-8,3,215.53,no_push_after_entry,2.771573438543644,1.7,1,1,73604.4,0.7378135405105438,0.68,578.1,,1
0xb305d384400e3d7a15780216a55368ea677eca4e,5m,0x85617415edf8c894d19fdddac29121b5f8ffef3dc81e1ea87b93b3ed8152b084,Down,1.0586825598079352,-36,-36,1,48.0,no_push_after_entry,0.012373419913196607,0.02,1,1,80818.4,0.48,,,,1
0xb305d384400e3d7a15780216a55368ea677eca4e,5m,0x8c7a864117167c01ca605d35f6e5972564cf11e4fe84f5d1dff8f857ad6517f2,Down,2.514716949211325,-291,-9,4,484.44,no_push_after_entry,0.8099146511940571,2.98,1,1,61734.9,0.76,0.7,600.0,,1
0xb305d384400e3d7a15780216a55368ea677eca4e,5m,0x8e7ec71f7155fbe4adcd3977bf59728bd93a53c435d65364ecf92159748edf1a,Down,5.94284146327547,-248,-248,1,144.17,pre_onset_flat,4.817269435985953,1.22,1,1,73693.2,0.480583,,,0.7015,0
0xb305d384400e3d7a15780216a55368ea677eca4e,5m,0x8f2dd401c919e0be3c2fb017d3875f2834aa387f92859b6950afbe23ba373676,Down,1.5775207284043982,-128,-84,3,171.1,no_push_after_entry,4.010268363524231,1.12,1,1,77052.2,0.52,0.61,-900.0,,1
0xb305d384400e3d7a15780216a55368ea677eca4e,5m,0x90d08c853203725ff9ee5c2fb384c3abacb799360d25e54cd036f1588b362ed6,Up,2.0399665141934746,-261,-88,2,70.19,no_push_after_entry,0.0,2.04,1,1,78078.2,0.63,0.74,-1100.0,,1
0xb305d384400e3d7a15780216a55368ea677eca4e,5m,0x915b17854367c9d92eea1d7ab7eeff4e8e3a03ccc074c73750db13348a7914a7,Down,0.8396089179580892,-72,-14,2,89.76,pre_onset_flat,3.4552595650510316,21.11,0,1,77273.5,0.1488,0.3,-1512.0,0.3019,1
0xb305d384400e3d7a15780216a55368ea677eca4e,5m,0x9190595bff616b49af44c416ae512c726ac823b71e55e9284c2570ee63fb28fb,Down,0.9605715498990443,-17,-17,1,26.0,post_onset,9.892650519205892,8.03,1,1,63279.3,0.65,,,0.2125,1
0xb305d384400e3d7a15780216a55368ea677eca4e,5m,0x95034825096482e1dde77e99d649ad5a2fd2269e122e8190e49c19fe80b1aeb7,Down,0.6213821352110277,-206,-143,3,176.44,no_push_after_entry,0.012314436830734465,0.01,1,1,81205.5,0.36,0.29,700.0,,1
0xb305d384400e3d7a15780216a55368ea677eca4e,5m,0x96155d29dcffc7feb3b41f178b2364538d649a5979b6fccf0e42c86bc5cf5508,Up,0.6444350252095351,-331,-331,1,65.0,no_push_after_entry,1.3670095920750354,0.01,1,1,73883.9,0.65,,,,1
0xb305d384400e3d7a15780216a55368ea677eca4e,5m,0x969a2f996f84c43f04f3e3fe02c6e243709cd7b6d0729123e49d5b1d9389b2b6,Up,2.668807040930532,-53,-50,2,71.37,no_push_after_entry,0.01237729459462118,2.17,1,1,80793.1,0.36,0.35367,63.3,,1
0xb305d384400e3d7a15780216a55368ea677eca4e,5m,0x9890a133c88da28474afc0f5cb905bcab9b741a307cf85f644c709185a74eb27,Up,0.6776144882948416,-207,-207,1,41.0,no_push_after_entry,1.5128219885382503,3.93,1,1,60813.5,0.41,,,,1
0xb305d384400e3d7a15780216a55368ea677eca4e,5m,0x99ef83a7dabb717c7e2c34b4183342b638b39c69ae7497718de5e461c6589a1d,Down,1.5175743607735017,-172,-172,1,59.4,no_push_after_entry,1.2853438665608128,2.15,1,1,80912.2,0.66,,,,1
0xb305d384400e3d7a15780216a55368ea677eca4e,5m,0x9a8146d912a029d4081d48117a3f59108a2854532d32abb5b34a05d2046cfd04,Down,0.9025925534861895,-203,-126,2,64.67,no_push_after_entry,0.013208015681325022,0.0,1,1,75711.6,0.43,0.48,-500.0,,1
0xb305d384400e3d7a15780216a55368ea677eca4e,5m,0x9cbad67d3b2d0d6642fe45cf221c4d1eacddd2877c34a9ba80a2a141e04e7ed6,Up,2.108108759874911,-98,-24,2,127.09,no_push_after_entry,0.4862945972662986,3.88,1,1,80198.3,0.600723,0.6702490249024903,-695.3,,1
0xb305d384400e3d7a15780216a55368ea677eca4e,5m,0x9e39a56a20d182c35ee176e3d4538034b67d6b0c7757464f5693828dfa85c25e,Down,8.84558236281486,-29,-29,1,99.0,no_push_after_entry,3.3080400409536845,4.21,1,1,73155.1,0.99,,,,0
0xb305d384400e3d7a15780216a55368ea677eca4e,5m,0x9ec42799f6d916e6ffb3f9f81ad3907cd0a4074d4e77e796efd8a8cdf113b3d3,Up,14.46616239719361,-135,-135,1,186.0,no_push_after_entry,4.4841866476743375,10.67,0,0,60657.6,0.93,,,,0
0xb305d384400e3d7a15780216a55368ea677eca4e,5m,0x9f633eead6a1a866a7d95236327d2eb01cba06eea0c3e7f9a3a6a7eb381ccbed,Down,5.009721177447643,-159,-7,4,256.21,no_push_after_entry,0.49651631738812557,4.03,1,1,80561.3,0.99,0.5,4900.0,,0
0xb305d384400e3d7a15780216a55368ea677eca4e,5m,0xa35c615026696edfe3b274b3c52019a261f2e128e84ad2391ca718e0b293925c,Down,0.9598139995556572,-169,-57,2,290.0,no_push_after_entry,0.8792633970882889,1.47,1,1,72788.2,0.58,0.58,0.0,,1
0xb305d384400e3d7a15780216a55368ea677eca4e,5m,0xa86f27aa507083863bee38208b43432bdf747f66d36b48ad5f47202dac445e1d,Down,1.1853391961119866,-76,-25,3,127.31,no_push_after_entry,0.0,0.01,1,1,78053.3,0.4,0.12805879539350234,2719.4,,1
0xb305d384400e3d7a15780216a55368ea677eca4e,5m,0xa8fadda52b50a1f7292589f64cc28626c299d3a2aa3edb4923e067cf9441265e,Up,1.8050257362802775,-209,-21,6,290.28,no_push_after_entry,0.012664095010000691,1.75,1,1,78963.4,0.34164726175075466,0.51,-1683.5,,1
0xb305d384400e3d7a15780216a55368ea677eca4e,5m,0xaa8e1e94c6eedd86d3e65bee10fc8d3bd5a613c8cad9c796e0305adfab2a9785,Up,4.409657673027442,-54,-54,1,216.0,no_push_after_entry,0.07369567860894749,2.19,1,1,81415.9,0.72,,,,1
0xb305d384400e3d7a15780216a55368ea677eca4e,5m,0xaaf05a5a67505c50eb01df82af67773b7dee572ecc555bb4120aec7023a4f4c2,Up,0.2988467680103305,-20,-4,2,69.09,no_push_after_entry,1.3427758016318252,0.12,1,1,77451.5,0.35,0.36097003071057926,-109.7,,1
0xb305d384400e3d7a15780216a55368ea677eca4e,5m,0xab39da2da74636c0792aade49ae27b24a6fde175003230bd79386d63c6f588be,Down,0.4686239886152789,-265,-105,5,324.35,no_push_after_entry,0.01236859909608061,0.01,1,1,80849.9,0.72,0.633482,865.2,,1
0xb305d384400e3d7a15780216a55368ea677eca4e,5m,0xab7212afe6f7b3f1384cf329f7220328ed8ab3cae5354505267a6ffb6a79327c,Down,0.5806468304938773,-75,-75,1,38.0,pre_onset_flat,1.1817625428544418,0.44,1,1,80388.4,0.38,,,0.7812,1
0xb305d384400e3d7a15780216a55368ea677eca4e,5m,0xacea81fff8470fad7dc6c8382035eefb3564e904872bcb2a74a3b64b6cc0ee1d,Up,0.47951795681574194,-50,-38,2,56.89,no_push_after_entry,2.009887349056075,3.97,1,1,61695.0,0.26270140004590314,0.34,-773.0,,1
0xb305d384400e3d7a15780216a55368ea677eca4e,5m,0xb6a9b9b28c542a63222f409e2be30ad57c868e5496b86d251a07a7e0668b6d2f,Down,3.2364363550756634,-279,-39,4,443.0,no_push_after_entry,0.0,0.01,1,1,81122.8,0.93,0.62,3100.0,,1
0xb305d384400e3d7a15780216a55368ea677eca4e,5m,0xb85ba0e73357e778cc92c0833fe95cad40a60392a8dfc1b556d5baab9c3fbbcd,Down,1.196239043485283,-102,-100,2,118.69,no_push_after_entry,0.012376620564475482,0.0,1,1,80797.5,0.52,0.525855,-58.5,,1
0xb305d384400e3d7a15780216a55368ea677eca4e,5m,0xbad8ff2f202f7213f380e61e2531ca536e6e6ff197306605e242407091cdadd0,Up,0.3845952759606291,-152,-152,1,86.0,no_push_after_entry,2.7234598834359165,1.39,1,1,80779.6,0.43,,,,1
0xb305d384400e3d7a15780216a55368ea677eca4e,5m,0xbbbcc04c29a690ddbc80391fc2847715535fd11200abfaae53f4e46a15879b92,Up,0.5329391884227636,-17,-17,1,38.0,no_push_after_entry,2.3093384515115907,3.75,1,1,77944.4,0.38,,,,1
0xb305d384400e3d7a15780216a55368ea677eca4e,5m,0xbbbf5a6afd2dcd08e6b26dbfa239f826c80353582c41f1a3a85e2533dfdf65d5,Down,1.0059357025513982,-73,-73,1,51.56,no_push_after_entry,2.7716604578724198,0.0,1,1,72880.5,0.39,,,,1
0xb305d384400e3d7a15780216a55368ea677eca4e,5m,0xbe6c81613cf7d3169d7602a6b4cf491fe3202027557d08472b1cb59c4d62504c,Down,1.0865967886811374,-117,-35,3,83.38,pre_onset_flat,1.5339393432997295,2.72,1,1,80185.7,0.32,0.1703,1497.0,0.6111,1
0xb305d384400e3d7a15780216a55368ea677eca4e,5m,0xbef3a7c87704668e7f3a0b5398aa4aa44b401aa67d62352a037842ef13c7a272,Down,7.742827235041208,-234,-234,1,26.03,pre_onset_flat,3.4452811349406107,7.46,1,1,76916.8,0.260283,,,0.62,0
0xb305d384400e3d7a15780216a55368ea677eca4e,5m,0xbf35c1b6161008ab51a53cdbe0669de9cd0b96601788c60b87d2fac5cab4e5c0,Up,2.327336889624323,-84,-10,2,61.49,no_push_after_entry,1.0779096738974183,1.19,1,1,73290.0,0.75,0.22,5300.0,,1
0xb305d384400e3d7a15780216a55368ea677eca4e,5m,0xc3711049e701936b6f274e7ffa056c51976fd61ba12bfb1f38bee164d8b9e98d,Down,2.675631515108938,-280,-40,4,291.67,no_push_after_entry,0.03709116265994456,0.46,1,1,80881.8,0.661393569678484,0.54,1213.9,,1
0xb305d384400e3d7a15780216a55368ea677eca4e,5m,0xc5e22e15ececa7c200409b4344f76e57ddbb5ca7a9cdcf85f6579d1522f1a012,Up,4.197601966757587,-260,-260,1,67.21,no_push_after_entry,1.1891466266001582,0.87,1,1,62229.5,0.672079,,,,1
0xb305d384400e3d7a15780216a55368ea677eca4e,5m,0xc5fe07f93fb541e9eefec61bd57e03ba8f982b15c3ca4c6460c51c6b9b6a89f4,Down,0.9861629795135562,-149,-149,1,41.94,no_push_after_entry,0.012815173165773333,0.0,1,1,78032.5,0.66,,,,1
0xb305d384400e3d7a15780216a55368ea677eca4e,5m,0xc612efbb38ebec38e7d5b6934b713356a271547279998da555f6a8a19a4c5ff3,Up,1.5852497600438165,-47,-47,1,55.82,pre_onset_flat,0.012456852577611892,2.24,1,1,80277.1,0.37828759232906417,,,0.9744,1
0xb305d384400e3d7a15780216a55368ea677eca4e,5m,0xc76745d8ead8a85640ea2855248c5ca7ec830c4a08cc0e888004606d220bbe6d,Down,3.625219541858711,-247,-224,3,154.83,no_push_after_entry,0.013019748355061658,5.83,1,1,76806.4,0.482739,0.58,-972.6,,1
0xb305d384400e3d7a15780216a55368ea677eca4e,5m,0xc795f5887555808090e7b7599f1061a070532c93715101032562f020c7ee00c0,Down,0.08711555189438419,-97,-41,2,78.68,no_push_after_entry,0.013551733064171626,0.01,1,1,73791.3,0.8126512492256865,0.39325,4194.0,,1
0xb305d384400e3d7a15780216a55368ea677eca4e,5m,0xc7f5e0329155bb89f1351a10b95641d89483922ae72b550e26eac26a22919bef,Down,1.4125661022007172,-173,-49,2,120.46,no_push_after_entry,0.0124471617988913,0.01,1,1,80339.6,0.5205650994575045,0.48718438973284445,333.8,,1
0xb305d384400e3d7a15780216a55368ea677eca4e,5m,0xcbf1fa4714d4c369d641eb0401afecf3e25707307ac2b5128a1b4420b19b9adb,Down,1.3333092047469886,-93,-93,1,30.0,no_push_after_entry,1.1411176845916238,4.39,1,1,62219.7,0.3,,,,1
0xb305d384400e3d7a15780216a55368ea677eca4e,5m,0xcca2d8d96ef99a61967ef42c2669979fb478c8625f1a2749a56c5c0aca02d096,Down,0.9954632382125995,-245,-245,1,54.0,pre_onset_flat,0.012717792192015869,1.86,1,1,78630.0,0.54,,,1.0,1
0xb305d384400e3d7a15780216a55368ea677eca4e,5m,0xccf1f4a81a1e61383b2afbb0e02033be8a28179f80e98156f178f4756077dc1e,Up,5.286741120199137,-288,-165,3,208.35,post_onset,4.014249799681064,6.45,1,1,63523.7,0.5282323333333333,0.51,182.3,0.3696,0
0xb305d384400e3d7a15780216a55368ea677eca4e,5m,0xcd004be30eaf0702703bed0cfa931fea4965ae3762bb0aa4a3eafecef9bcf777,Up,8.711193244806653,-34,-12,2,192.18,no_push_after_entry,1.193522984545365,3.86,1,1,81272.0,0.99,0.931814,581.9,,0
0xb305d384400e3d7a15780216a55368ea677eca4e,5m,0xcdc6fe1924473136b9baa41ae8ebb51aabb5af7e27d9a29f85256f08dcb83366,Up,0.5758684584556849,-235,-232,2,128.0,no_push_after_entry,0.0,1.91,1,1,79025.2,0.32,0.32,0.0,,1
0xb305d384400e3d7a15780216a55368ea677eca4e,5m,0xcf036aae52b6a35126c0c485b3e16a80ceea7144d60dc4145773bce7d992ac6b,Up,25.883569498318895,-243,-132,4,596.95,post_onset,16.114821749016915,4.92,1,0,61744.4,0.95,0.97,-200.0,0.4844,0
0xb305d384400e3d7a15780216a55368ea677eca4e,5m,0xcf387148679f8536804c110bf035e21751341e50ae3773ca3acda084ab757b5c,Down,0.15800628418910392,-28,-28,1,61.0,no_push_after_entry,0.0,6.5,1,1,75527.5,0.61,,,,1
0xb305d384400e3d7a15780216a55368ea677eca4e,5m,0xd2d5cc0ab810a951a85f0808f4a47d04cec61c3a9b606d82137733aa32d7451f,Down,0.5933826623724578,-372,-252,2,84.49,no_push_after_entry,2.166770871810868,4.5,1,1,76611.7,0.4376372165754496,0.64,-2023.6,,1
0xb305d384400e3d7a15780216a55368ea677eca4e,5m,0xd420b22390d50a737501d405decece516304feb7bedb44dae3e1489af9c471c9,Up,1.8329126538056864,-178,-127,3,134.49,no_push_after_entry,0.012439126027729393,0.0,1,1,80391.5,0.6429411764705882,0.49,1529.4,,1
0xb305d384400e3d7a15780216a55368ea677eca4e,5m,0xd66fa803f0f1f0c2c9e778fd2036d44162f654a21ea812171de2ef0367fb36de,Up,1.6818706391441172,-6,-6,1,85.0,no_push_after_entry,2.367287762839827,2.36,1,1,81527.9,0.85,,,,1
0xb305d384400e3d7a15780216a55368ea677eca4e,5m,0xda1fb60706e65abc9a6126d6af1935232bda625589824070702c687cca3e177d,Down,31.09257728430567,-63,-38,2,287.73,pre_onset_flat,2.950868047017164,27.12,0,0,60999.0,0.98,0.953673,263.3,0.3553,0
0xb305d384400e3d7a15780216a55368ea677eca4e,5m,0xdc5af3b3ae41655e43d550f41ba7619d97439cc3ea2f38d2d5095a4e94a355e3,Down,0.2873442773726576,-274,-76,4,217.52,no_push_after_entry,0.012378673526822823,0.0,1,1,80784.1,0.78,0.61,1700.0,,1
0xb305d384400e3d7a15780216a55368ea677eca4e,5m,0xdd1cdcbafbae37a600deccfeec597ce7209f215c679fa58819458945c13acf73,Up,2.451809387185661,-82,-35,2,71.11,pre_onset_flat,1.0510254298694008,1.72,1,1,80873.4,0.54,0.53,100.0,0.9444,1
0xb305d384400e3d7a15780216a55368ea677eca4e,5m,0xdf15dcd521a8292e725eea4675c758c0269fbf7e397eb7803d3cc16de7642313,Up,1.5236358453971062,-164,-38,2,105.68,no_push_after_entry,0.013030996832923173,0.0,1,1,76740.1,0.4611351826684787,0.48,-188.6,,1
0xb305d384400e3d7a15780216a55368ea677eca4e,5m,0xe259bd7ba8440202507be836ed36e2936a2b3aa2fccc6dde5ae8f2505771c1cb,Down,8.038042273979475,-130,-8,2,102.48,pre_onset_flat,4.019161351744441,8.39,1,1,79618.6,0.57634,0.4485,1278.4,0.1705,0
0xb305d384400e3d7a15780216a55368ea677eca4e,5m,0xe2cfa71c5d136d59857ce73e8b665d06b77321e685405aca95e9e30d4af4f2ce,Up,1.1696690674674126,-32,-27,2,196.99,pre_onset_flat,2.0498145664426715,0.34,1,1,73665.2,0.16,0.3782181962970336,-2182.2,0.7273,1
0xb305d384400e3d7a15780216a55368ea677eca4e,5m,0xe2d52e1025a9d3a88ee610cef02d9d728bd997f83515272ba05a8a669655229f,Up,24.05580693223442,-294,-294,1,118.79,pre_onset_flat,4.43224656540301,8.75,1,0,63399.0,0.5939605,,,0.3143,0
0xb305d384400e3d7a15780216a55368ea677eca4e,5m,0xe2fb1013c707decea6643aeb91865162c16694832170a769c89a05b1cdc6bdb0,Up,1.3617557489651637,-199,-187,2,237.0,no_push_after_entry,1.3443963117361968,4.02,1,1,73639.0,0.51,0.62,-1100.0,,1
0xb305d384400e3d7a15780216a55368ea677eca4e,5m,0xe4a3db9a7aed4032d1812d1d9de2143f2767567fff75a3899aa76ab3b1803298,Up,0.9190315453149052,-135,-27,3,236.11,no_push_after_entry,1.4837286631222741,0.01,1,1,75485.5,0.4798181397857748,0.47,98.2,,1
0xb305d384400e3d7a15780216a55368ea677eca4e,5m,0xe79492c5b0724cec176c830871e8e18e9d85238ac9295f3180864d499b67308c,Up,1.2008348768819586,-238,-146,3,109.0,no_push_after_entry,4.490768672178553,3.82,1,1,73261.4,0.39,0.27,1200.0,,1
0xb305d384400e3d7a15780216a55368ea677eca4e,5m,0xe7be4c8faf4efc8f14d801499c8a8f649e4da1dcbf2f28b04969e9c4e8f7a3b5,Down,0.38426307431764334,-224,-119,2,51.14,pre_onset_flat,0.012981735994494295,3.23,1,1,77031.3,0.26,0.2749911117188568,-149.9,0.96,1
0xb305d384400e3d7a15780216a55368ea677eca4e,5m,0xe80dee24e35444858dc99c135ed250d7ed346a4fd26f8eb06db8fcbab8404c0f,Up,9.306742794188601,-206,-206,1,138.26,choppy_gap,0.013753474472288918,0.0,1,1,72708.9,0.460858,,,,0
0xb305d384400e3d7a15780216a55368ea677eca4e,5m,0xeb54cba506badfbbed264e756e1a0138bfa5d70cdc10723c8cb018448788d6e4,Up,3.3509200548462377,-323,-319,2,192.0,no_push_after_entry,1.074551652585975,0.57,1,1,80964.0,0.48,0.48,0.0,,1
0xb305d384400e3d7a15780216a55368ea677eca4e,5m,0xef474fbda28f27a33f78b74771956ea74c9f8a1a1e38463bec051cc67158cee0,Up,9.135086334365804,-290,-233,3,149.92,post_onset,7.372733515940906,5.75,1,1,63341.5,0.596698,0.5661042123204285,305.9,0.3429,0
0xb305d384400e3d7a15780216a55368ea677eca4e,5m,0xef838e0d97e41251aa242deebcf80fd7cff7b3c76c8635efaada583029365e86,Up,2.0238685659701363,-30,-26,2,226.91,no_push_after_entry,3.8807923230878862,7.15,1,1,62358.4,0.56,0.383022,1769.8,,1
0xb305d384400e3d7a15780216a55368ea677eca4e,5m,0xf081dcd33ea45439fd31cb1003e739dad3ec8ca6b1b93d4ff1b17c38c66a8a8f,Down,0.44567342853165276,-80,-5,2,56.67,no_push_after_entry,2.2695243647706067,1.78,1,1,73583.7,0.23,0.55,-3200.0,,1
0xb305d384400e3d7a15780216a55368ea677eca4e,5m,0xf095f0f81d407abbc2c7697d65394d6338148a9b8e1079b9846c5c4e32434e36,Down,1.4050359925067337,-289,-278,2,108.08,no_push_after_entry,0.0,1.07,1,1,75576.1,0.58,0.62,-400.0,,1
0xb305d384400e3d7a15780216a55368ea677eca4e,5m,0xf2bdff2b69007781eb7965142980441826f94e7004d63431976ac327c3df5c31,Up,0.19041942855477126,-73,-56,2,149.32,pre_onset_flat,0.012355884058045566,2.37,1,1,80933.1,0.5016225,0.49,116.2,0.9767,1
0xb305d384400e3d7a15780216a55368ea677eca4e,5m,0xf3610c38ea92c902945dba9af40c96c3e1287474a14b8765edbc9edca790e1e5,Down,1.5430817558721737,-120,-34,3,122.51,pre_onset_flat,1.9857227781128612,1.24,1,1,80071.6,0.4490149253731343,0.554919,-1059.0,0.8868,1
0xb305d384400e3d7a15780216a55368ea677eca4e,5m,0xf6b6d32aeb0ddac576acf300bec79a5b124f188f1d9c43eb54c133e923a8f641,Up,0.07494658038216005,-69,-69,1,52.0,no_push_after_entry,0.5311487102567459,3.86,1,1,79073.9,0.52,,,,1
0xb305d384400e3d7a15780216a55368ea677eca4e,5m,0xf741c20194c4a0ad40716ff50745ca65a7e14c3c3e680c45943a0df21f2e7b87,Down,5.707975836122824,-261,-182,3,248.66,pre_onset_flat,1.5923881378204197,5.02,1,1,81010.4,0.3,0.360621,-606.2,0.9467,0
0xb305d384400e3d7a15780216a55368ea677eca4e,5m,0xf8e08ef8d8f22afa5f328f81515fcf0c6bf7ad5064bcfc0d58bd604fd8acbd97,Down,0.5250788403126866,-225,-12,6,188.97,no_push_after_entry,0.0127894410382239,1.11,1,1,78189.5,0.78,0.56,2200.0,,1
0xb305d384400e3d7a15780216a55368ea677eca4e,5m,0xfa4aa76a874d1a30e9fb7ed96fb2e45b78e7f6ac4e2a9ad1c0fa2c20b592e4f5,Down,7.1102061843886855,-148,-148,1,72.0,pre_onset_flat,0.012447177292094271,0.0,1,1,80339.5,0.72,,,1.0,0
0xf6beafa72d6416525c4cf039c9c122883dbef6a3,5m,0x00390c29a781f1c8b21364ebceffa739b38f5c6946d52f78e2c14255c77639ed,Up,0.9342170817570987,-129,-83,2,69.02,no_push_after_entry,0.0,3.06,1,1,78090.0,0.6599999986653183,0.6791076695877354,-191.1,,1
0xf6beafa72d6416525c4cf039c9c122883dbef6a3,5m,0x03b7a6f008fe6a7617bd1919ac7fbfeb7f321c84af9b5209b6a656ab7b7dc885,Up,16.012592535042153,-165,-165,2,29.6,post_onset,7.361332669184089,13.1,0,0,63439.6,0.54,,,0.1558,0
0xf6beafa72d6416525c4cf039c9c122883dbef6a3,5m,0x0444852c77d2b35b5389389d5571945407c00f9c8a32b982ca7e72f434a8c6a3,Up,0.27580285942632715,-22,-6,3,36.95,no_push_after_entry,0.6740081710525272,0.0,1,1,77150.4,0.28124499229583977,0.26999998055999946,112.5,,1
0xf6beafa72d6416525c4cf039c9c122883dbef6a3,5m,0x04c5b5067652d6a77bb8ec06941c9c5088e418e6227ed2d891a2103538648a03,Down,0.2455027120004126,-12,-12,1,29.11,no_push_after_entry,3.91036402882199,0.01,1,1,76719.2,0.5899999992133333,,,,1
0xf6beafa72d6416525c4cf039c9c122883dbef6a3,5m,0x05f0e3ecee449531c3b394be5a981e1d5326edd2247166f39454a4d26457526d,Down,0.6905625463873831,-178,-110,3,29.14,no_push_after_entry,0.012471829254579826,0.6,1,1,80180.7,0.4399999882061853,0.5399999823312853,-1000.0,,1
0xf6beafa72d6416525c4cf039c9c122883dbef6a3,5m,0x092c30e9f5638f25ed4854fb8233a91c935a966134b12153ee8bf57e2532820a,Up,14.994845016019868,-189,-189,1,29.48,pre_onset_flat,0.8895375557804588,0.82,1,0,60705.7,0.45209477074068394,,,0.8333,0
0xf6beafa72d6416525c4cf039c9c122883dbef6a3,5m,0x0967e4977938f80b5d67fc37c871aeafe64020715bd67120d5dd0b65cfe2518f,Up,9.007436653374002,-348,-342,3,29.22,pre_onset_flat,0.013462247819226347,2.49,1,1,74281.8,0.6499999934999994,0.6299999880299978,200.0,1.0,0
0xf6beafa72d6416525c4cf039c9c122883dbef6a3,5m,0x09ad2d460421c448a1c358156be1d0f9e0467e185a7b6d975c8e93dc53b009bf,Up,1.2150116370684556,-44,-17,7,46.03,no_push_after_entry,2.7581564886900285,2.59,1,1,79038.3,0.1299999728150118,0.13999999073345237,-100.0,,1
0xf6beafa72d6416525c4cf039c9c122883dbef6a3,5m,0x0e2655fce2d596d2ed15ccb79e3512b014b6aac57d776e80a1ad24ddd9991818,Up,3.2363811061128653,-106,-12,4,38.37,no_push_after_entry,3.928396053747972,5.99,1,1,78403.5,0.6699999839199988,0.2399999855999994,4300.0,,1
0xf6beafa72d6416525c4cf039c9c122883dbef6a3,5m,0x0ea8f43eefe3eafe433ee6ec6df942989611faf01a585d31365df691729b4ab4,Down,0.44442877464705055,-220,-39,11,79.61,no_push_after_entry,1.0241468216883571,0.01,1,1,78113.8,0.511585029492533,0.4,1115.9,,1
0xf6beafa72d6416525c4cf039c9c122883dbef6a3,5m,0x11755acf5a0783eed0c6752c1b49f6a3fbca43b7a1ee2ff8426a497d43d78173,Up,0.5669387180127065,-12,-10,2,38.33,no_push_after_entry,1.6067023911587663,1.39,1,1,77799.1,0.41999999327999976,0.41999999327999976,0.0,,1
0xf6beafa72d6416525c4cf039c9c122883dbef6a3,5m,0x1388ffed7a0eccbfecc9857e2d40910f7f88b8477f123703421bc0c7c23bd942,Down,0.7613739354599856,-363,-177,4,38.66,no_push_after_entry,0.014895692911262002,3.02,1,1,67133.5,0.5499999807499988,0.64,-900.0,,1
0xf6beafa72d6416525c4cf039c9c122883dbef6a3,5m,0x13bbe52d82bf15102749a7ab1aa4a78c9e539957abd1c242d8cbc688b210f518,Up,0.2145936030469089,-241,-211,3,39.21,no_push_after_entry,0.01375099694807909,0.0,1,1,72722.0,0.7099999918349997,0.7799999984399996,-700.0,,1
0xf6beafa72d6416525c4cf039c9c122883dbef6a3,5m,0x13dec97d58d5b3a03b90d4d8cdb35e35e4296d4942fba776871bbaae91a53a4c,Down,0.6704201555036953,-130,-127,6,69.7,no_push_after_entry,2.445546647265434,0.01,1,1,81372.4,0.3899999789725321,0.4072296859981382,-172.3,,1
0xf6beafa72d6416525c4cf039c9c122883dbef6a3,5m,0x14113462dd40d6396e9fb51b91e3bb6d178c0e2bb3d322312118724515044bf4,Up,0.426299680940487,-47,-13,5,67.26,no_push_after_entry,0.9333659096321109,1.28,1,1,72854.6,0.5099999785799988,0.45999998435999895,500.0,,1
0xf6beafa72d6416525c4cf039c9c122883dbef6a3,5m,0x1b5ad3de7d86bf98090ed6bc10fa4bd9138e8c376e1cd648e8512e564c541d6e,Up,3.869953058740599,-134,-134,1,29.17,pre_onset_flat,0.016485599828309865,3.99,1,1,60659.0,0.35,,,0.96,1
0xf6beafa72d6416525c4cf039c9c122883dbef6a3,5m,0x1cde174e5a56c68a1952f8c110d4bc02cfefdd30dae69515c1102c4264b864fa,Down,9.093695302290124,-210,-208,2,49.96,pre_onset_flat,0.012648365326001594,3.57,1,1,79061.6,0.4099998720799376,0.4178588017248793,-78.6,0.9636,0
0xf6beafa72d6416525c4cf039c9c122883dbef6a3,5m,0x1f4c26ccff48e1246fe66d3182360651c65580bc48f993675c32e93dba780ec5,Up,2.41273028919212,-46,-10,4,38.65,no_push_after_entry,0.013227320767266714,1.36,1,1,75601.1,0.64,0.48999998137999884,1500.0,,1
0xf6beafa72d6416525c4cf039c9c122883dbef6a3,5m,0x20939474af277107112b1d0f8ac99d525130ca270ca18a69abef09de2c10948e,Up,1.0792368130026475,-187,-105,4,57.46,post_onset,7.956868286392384,4.4,1,1,72893.0,0.45320196608993163,0.2399999855999994,2132.0,0.3143,1
0xf6beafa72d6416525c4cf039c9c122883dbef6a3,5m,0x2120ce8cc2a398724d0588714c47674c6db46af6b6183d83ae75c95090a6b214,Down,0.38414139059236324,-240,-47,4,76.0,post_onset,5.806827284688723,1.22,1,1,62168.2,0.19,0.34,-1500.0,0.8269,1
0xf6beafa72d6416525c4cf039c9c122883dbef6a3,5m,0x214350cb74c63ec15df82b5e177b9fef4ca8e6c637454cf11d62d3fdc51e202b,Down,0.7793711374870985,-59,-39,4,56.64,pre_onset_flat,3.1361184987159962,4.26,1,1,73020.2,0.2599999838799994,0.20370943925671145,562.9,0.8667,1
0xf6beafa72d6416525c4cf039c9c122883dbef6a3,5m,0x21b0b7c9e4bffb9682e4a91879123971b3f6f6da5c64f10224e61c4528e39408,Up,5.215232493583557,-230,-222,3,95.87,choppy_gap,1.8748797363329417,3.14,1,1,60803.9,0.34,0.36,-200.0,,0
0xf6beafa72d6416525c4cf039c9c122883dbef6a3,5m,0x229e896c843e4bec838b6703c51996adb6504a0421a31fefec42cb867520089b,Up,0.4194805934580027,-288,-111,5,70.36,no_push_after_entry,0.0,0.0,1,1,78086.8,0.64,0.6199999735175824,200.0,,1
0xf6beafa72d6416525c4cf039c9c122883dbef6a3,5m,0x23826fa86d519c6e46a3de0b1eb0e2f09f4975a0046eee7cb52e4237565107fe,Up,0.9327996279498207,-85,-48,6,33.61,no_push_after_entry,0.012381202364044587,0.0,1,1,80767.6,0.4699998664480524,0.36538461538461536,1046.2,,1
0xf6beafa72d6416525c4cf039c9c122883dbef6a3,5m,0x29a5ca1ad8263cc960ed531f903bfd72e19d48359cf2a7d5e3d472ee6edc3649,Down,4.874685157696732,-240,-203,6,117.35,pre_onset_flat,1.1538949724796048,5.37,1,1,60664.1,0.22,0.23,-100.0,0.9583,1
0xf6beafa72d6416525c4cf039c9c122883dbef6a3,5m,0x2aea5d3cce168485fa2ba706142492ed6f55525259adbb50a061df655eab5b58,Down,4.4161236169007765,-117,-71,6,76.59,no_push_after_entry,0.0,0.01,1,1,71557.0,0.4229223937407486,0.5069582305412048,-840.4,,1
0xf6beafa72d6416525c4cf039c9c122883dbef6a3,5m,0x2d70588c769869f23ce2f3bc5eeb9dffdf31e531903d46eaeb52d969a1d1a3f4,Up,2.5754551398380117,-96,-19,14,80.59,pre_onset_flat,0.012782002940604687,0.36,1,1,78235.0,0.439999930829675,0.42999995054998097,100.0,0.9012,1
0xf6beafa72d6416525c4cf039c9c122883dbef6a3,5m,0x2d9ab1920dea712d8277df4a6b6f2c87c4e18aa64108de7b12d16b9bec3a8d25,Down,0.49677299334445985,-150,-95,3,94.48,no_push_after_entry,0.3625003295452746,0.58,1,1,60689.6,0.38,0.42,-400.0,,1
0xf6beafa72d6416525c4cf039c9c122883dbef6a3,5m,0x2eef84a923567fba86fd0cdb72d3f09ed1d5a4b037f4ea24522e28729ead3ee2,Up,0.6089080383906335,-88,-42,3,68.27,no_push_after_entry,0.10326711329730737,0.13,1,1,77469.0,0.37159301799701877,0.22999999682559596,1415.9,,1
0xf6beafa72d6416525c4cf039c9c122883dbef6a3,5m,0x322bef2dfb8cc7355bf9c1149a7d6950e56fc4edad74896b3202a2d50826bc9c,Up,1.1735057225506733,-253,-67,7,69.78,no_push_after_entry,0.0,0.01,1,1,79112.7,0.7699999976807227,0.6899999996520424,800.0,,1
0xf6beafa72d6416525c4cf039c9c122883dbef6a3,5m,0x336b42fce471f0bd65c46c9c1da3de01875933ff53d68f232b7578582e6e4e4a,Down,0.4377169314853148,-94,-46,3,58.4,no_push_after_entry,0.012645678213749997,1.42,1,1,79078.4,0.7684937452675192,0.5581395348837209,2103.5,,1
0xf6beafa72d6416525c4cf039c9c122883dbef6a3,5m,0x367772b98e96cb6b82f44569d0b49ff35c75d78f1e6cebc9d17b2c3de4989d9f,Up,1.2328940996712752,-205,-46,11,40.63,no_push_after_entry,2.4013437467004555,0.34,1,1,79538.8,0.5399999557894644,0.529999996687499,100.0,,1
0xf6beafa72d6416525c4cf039c9c122883dbef6a3,5m,0x36d6585674e480c5bc0b43e6064d574a94114e5995338961e8ddce6717ddcb2b,Up,2.5368207787905073,-133,-95,7,87.13,no_push_after_entry,0.01404768627664962,3.12,1,1,71186.1,0.48999998137999884,0.5641883655884555,-741.9,,1
0xf6beafa72d6416525c4cf039c9c122883dbef6a3,5m,0x36f7f12a6cd418df0fd4faada8df44dce78b8733c3127eaf2ff74dc764c89e7b,Up,1.714301354272867,-193,-16,12,97.99,no_push_after_entry,0.0,2.02,1,1,78117.8,0.7199999781818023,0.8,-800.0,,1
0xf6beafa72d6416525c4cf039c9c122883dbef6a3,5m,0x3daffb7ad3554211a3132debc3530119a38a56ad8e2bf2e4d692801a1cebfd98,Down,1.7848550753988475,-250,-112,4,26.18,no_push_after_entry,0.012375242091393733,1.0,1,1,80806.5,0.5199999957377045,0.48,400.0,,1
0xf6beafa72d6416525c4cf039c9c122883dbef6a3,5m,0x3f842c25f95535e8a4875647975aacede31274fd3e8f4351e3585a697e068d3a,Down,0.6948555759957091,-42,-4,10,62.1,no_push_after_entry,0.013382778236828183,0.04,1,1,74722.9,0.16,0.22999989097400686,-700.0,,1
0xf6beafa72d6416525c4cf039c9c122883dbef6a3,5m,0x42cd53849eb9c8861a02c4977016dd298a3e2934f3cd61e7a13dc3f4bee1262d,Up,2.393398286521849,-506,-268,3,29.11,no_push_after_entry,0.013205957472303248,2.1,1,1,75723.4,0.5299999899299992,0.6099999993899999,-800.0,,1
0xf6beafa72d6416525c4cf039c9c122883dbef6a3,5m,0x45117b815ed6c33b3d14f49bda95cfe57193c735c9179e89430c2d126a695baa,Up,1.9505193004305144,-403,-351,5,49.98,pre_onset_flat,0.05113794717050301,0.05,1,1,78219.8,0.6799999514284881,0.68,-0.0,0.9556,1
0xf6beafa72d6416525c4cf039c9c122883dbef6a3,5m,0x4514c5a7bfabedc23a4cb276aecf928e211d3727381676809f7c4366a6c0b169,Down,7.447686009046775,-243,-228,14,49.94,pre_onset_flat,0.012363506884720283,1.47,1,1,80883.2,0.6614351163537762,0.5599999429818032,1014.4,0.9851,0
0xf6beafa72d6416525c4cf039c9c122883dbef6a3,5m,0x4593128b1276527f99693c99fd4bda6038d45775bdd0fa6d83fe5d6340141ed8,Up,0.041910432240958334,-190,-189,3,49.96,no_push_after_entry,0.581806407711119,0.57,1,1,79064.1,0.40999983599992895,0.4099999237688201,-0.0,,1
0xf6beafa72d6416525c4cf039c9c122883dbef6a3,5m,0x463de486cd4ad9d13048a839302db0aaaf0f2743693361a2988a1b4295f892aa,Up,0.6156557136243188,-157,-150,7,60.07,choppy_gap,0.5442432668442276,3.76,1,1,80846.2,0.43460080000448187,0.38999995150257155,446.0,,1
0xf6beafa72d6416525c4cf039c9c122883dbef6a3,5m,0x4a6d002aaf2833972500dabf6c9840ca7f0c70ffe307b0c9bfb9ce718cd5f082,Down,0.4190119969684877,-268,-184,5,48.2,no_push_after_entry,1.5500543821592883,5.57,1,1,76771.5,0.727055420311123,0.5,2270.6,,1
0xf6beafa72d6416525c4cf039c9c122883dbef6a3,5m,0x4b969335c74683b802fed505b4a7d35c869607cde2a6898eab836cf3c8dc285e,Down,1.348334230587188,-60,-54,3,39.13,no_push_after_entry,0.5279956493158496,0.55,1,1,75758.2,0.5299999990958717,0.589999894256595,-600.0,,1
0xf6beafa72d6416525c4cf039c9c122883dbef6a3,5m,0x4c293e335e8de463b246834c81156e67bf06d01477f417bc3dd9f421d6245461,Up,1.1720721801260243,-20,-18,5,49.9,no_push_after_entry,0.012652782347574559,2.88,1,1,79034.0,0.5099999370370254,0.48,300.0,,1
0xf6beafa72d6416525c4cf039c9c122883dbef6a3,5m,0x4c49b5a7cc99e7d0844b5e688db2dc3ab0dab6f5c36b785f3f722ab2f1d6ec13,Down,0.33607288175961386,-256,-198,8,40.62,pre_onset_flat,0.0,1.21,1,1,76730.8,0.48,0.41999998991999926,600.0,1.0,1
0xf6beafa72d6416525c4cf039c9c122883dbef6a3,5m,0x4d41e90d7442a52f27a7eefa6c20bc2ed8643e235aa7517fb85552d5d2cb8c91,Up,1.241271448322257,-115,-101,4,55.94,no_push_after_entry,0.81879440200614,0.72,1,1,78163.7,0.2,0.4499999978986691,-2500.0,,1
0xf6beafa72d6416525c4cf039c9c122883dbef6a3,5m,0x4e7ee1d9d2836bf109ea9a0a6773fa59a8e6fe3cb2add24a19158001030ec99e,Up,2.296107939668646,-267,-36,11,64.62,no_push_after_entry,0.5485675529765623,0.01,1,1,80208.9,0.7199999913340013,0.5,2200.0,,1
0xf6beafa72d6416525c4cf039c9c122883dbef6a3,5m,0x534b465e3b1f8bc1d3e0ff65e60758fb7bdd39424353f3ef773b640396457874,Down,2.006293692735114,-221,-167,4,37.96,pre_onset_flat,0.01403690020407137,5.83,1,1,71240.8,0.30999998356999925,0.26999998055999946,400.0,0.9714,1
0xf6beafa72d6416525c4cf039c9c122883dbef6a3,5m,0x53e306d533ef93f43814933e7d28ee9534f1763243e864e8aed7837d428a1fa3,Down,1.0046734578285794,-77,-53,6,52.79,no_push_after_entry,2.8393743325593093,0.18,1,1,79595.0,0.5399999581533351,0.5599999897195305,-200.0,,1
0xf6beafa72d6416525c4cf039c9c122883dbef6a3,5m,0x53f24a9030c835ce64214846dc87a8a7132dbabf3891a79e5f64c393cce3d629,Down,0.07663527224515339,-245,-69,3,28.93,no_push_after_entry,0.014851404275395644,3.34,1,1,67333.7,0.42465359834721406,0.619999986359999,-1953.5,,1
0xf6beafa72d6416525c4cf039c9c122883dbef6a3,5m,0x5cd216b4390143b04d7f613056f6e9870e823cbef9200a4bc9aa031203242b9a,Up,1.0465314543348971,-225,-225,2,49.91,no_push_after_entry,1.3546340859794301,0.0,1,1,76773.5,0.31529002731315714,,,,1
0xf6beafa72d6416525c4cf039c9c122883dbef6a3,5m,0x5f86b094f07fdf3c7acbffa2ef431f909100926b7e31e2af33713051036e93ba,Down,1.1116883286725172,-505,-273,3,69.61,no_push_after_entry,1.7796441991913732,2.51,1,1,78105.5,0.751683975755514,0.6999999679633808,516.8,,1
0xf6beafa72d6416525c4cf039c9c122883dbef6a3,5m,0x60e9596345af66b4e12a6f37d011d1b12fc66cb2dd6bab5b3afd58b85167dded,Down,1.4063131042528427,-129,-129,2,49.94,no_push_after_entry,0.013208399484247513,0.0,1,1,75709.4,0.3899999979826195,,,,1
0xf6beafa72d6416525c4cf039c9c122883dbef6a3,5m,0x6305ecde16f3f531eb58d02da7609d6745855cbdc0743b11d7a64a7491d9edc0,Up,2.9113539421780996,-174,-78,9,49.94,pre_onset_flat,0.7540331186693144,0.1,1,1,78245.9,0.4199999096773902,0.4,200.0,0.92,1
0xf6beafa72d6416525c4cf039c9c122883dbef6a3,5m,0x634e80496eba94498eccb78fcd13f83f4482e9ba0761b0fc71ba565b0b10de02,Down,0.12496439935623067,-51,-13,3,28.38,no_push_after_entry,0.013444438169199444,0.0,1,1,74380.2,0.3299999811899992,0.23762374614253454,923.8,,1
0xf6beafa72d6416525c4cf039c9c122883dbef6a3,5m,0x6519aa124d335c577443dca5caa78d18be8ed091b3a8c0da036d1341dfc406e2,Down,4.360151900046228,-92,-70,5,47.75,no_push_after_entry,0.15460869184259926,2.36,1,1,77615.3,0.5,0.26999998055999946,2300.0,,1
0xf6beafa72d6416525c4cf039c9c122883dbef6a3,5m,0x65c70dcabcc4f089d904ad48369f86524e483f4f26d70abfcde95d0a6e10f3ac,Up,14.790414484965254,-174,-173,2,29.48,pre_onset_flat,0.9270461794689406,1.56,1,0,63643.0,0.3934756995581738,0.42,-265.2,0.4658,0
0xf6beafa72d6416525c4cf039c9c122883dbef6a3,5m,0x67c229802bc7fb25e5cbd62ca5640032448554c4045c03972b8f84f049195fae,Up,0.4321641749676514,-186,-46,6,28.75,pre_onset_flat,0.012744357116164668,3.68,1,1,78466.1,0.18957915831663327,0.3264380719869375,-1368.6,0.8919,1
0xf6beafa72d6416525c4cf039c9c122883dbef6a3,5m,0x6844d971608bec5b48b4556976a9af81968855024220373006ba58a78ab5e20c,Down,2.1510737591932485,-114,-35,2,29.88,no_push_after_entry,0.01606882599643927,0.93,1,1,62232.3,0.26,0.34951652688702517,-895.2,,1
0xf6beafa72d6416525c4cf039c9c122883dbef6a3,5m,0x698e800b26060d7b3b2d3f50a28ee6d612df8e5fc1ca7c0f579626b86d3debf6,Down,1.281278105792374,-222,-147,6,69.74,no_push_after_entry,0.012383793575940376,0.0,1,1,80750.7,0.40999983387923444,0.4399999281632526,-300.0,,1
0xf6beafa72d6416525c4cf039c9c122883dbef6a3,5m,0x6d35aa1dfb83bdba3ceb614dd4f0f71b6fe1732749e2f7be10a5d73ac5527594,Up,0.7387597117877408,-236,-50,4,37.93,no_push_after_entry,1.3012579685953398,1.37,1,1,77617.2,0.18999998802999957,0.2599999838799994,-700.0,,1
0xf6beafa72d6416525c4cf039c9c122883dbef6a3,5m,0x6f89384511c3d226106b882570bbbf8cc3ef6e9a8013c78c3bf6b21598ef1b0d,Down,4.624865407438433,-122,-6,10,119.78,post_onset,4.204877139959012,5.43,1,1,77291.2,0.4678898837892422,0.4,678.9,0.9487,1
0xf6beafa72d6416525c4cf039c9c122883dbef6a3,5m,0x70520bb04d44f8b981c6400ea23f03f2e79f98de29865ffb4e5c2ab6e10c41db,Down,4.377030094739854,-263,-193,4,38.89,no_push_after_entry,0.014084288835781524,2.65,1,1,71001.1,0.8299999966799987,0.5118110127410246,3181.9,,1
0xf6beafa72d6416525c4cf039c9c122883dbef6a3,5m,0x706d45a645fb2326b5b9896dfb638b89213695701af7f9c5f50a4ba90410ed10,Down,0.9398321314256947,-43,-39,6,58.51,no_push_after_entry,0.012348712832636754,0.0,1,1,80980.1,0.48999995144143166,0.45085614116889816,391.4,,1
0xf6beafa72d6416525c4cf039c9c122883dbef6a3,5m,0x710d104facac17d1cfcbd99be96e03d4f66d0450466bec185a170d494a9a56f3,Up,0.6723452044685169,-109,-87,7,87.57,no_push_after_entry,0.267177397353844,2.14,1,1,71113.8,0.6799999945599995,0.6374438372083017,425.6,,1
0xf6beafa72d6416525c4cf039c9c122883dbef6a3,5m,0x7124184be9efd5ac091ce2091c6d7c12815774e91ac4141bd0f89f16662d4296,Down,2.269230126235324,-444,-440,6,49.81,no_push_after_entry,1.0864341441966523,0.45,1,1,78237.6,0.6499999918952613,0.6199999989894049,300.0,,1
0xf6beafa72d6416525c4cf039c9c122883dbef6a3,5m,0x71efbbbc4a152f4d996af68478cf8b7e7126c288b45a54a1613fda15e95d2196,Up,0.5725356784648914,-50,-6,5,66.45,no_push_after_entry,2.9922783673807034,0.01,1,1,77198.7,0.30999998356999925,0.2,1100.0,,1
0xf6beafa72d6416525c4cf039c9c122883dbef6a3,5m,0x7464f2e4e445244b685592db70b60b628723d9d41305f22c9b23a2960fa83eea,Up,0.3198817070125196,-165,-103,4,58.53,no_push_after_entry,0.01259242842536981,0.01,1,1,79412.8,0.47999991272720927,0.4599999903383888,200.0,,1
0xf6beafa72d6416525c4cf039c9c122883dbef6a3,5m,0x74efe29e0b378b1ca84b29c901e3aa9e550dd3c517cad0029cbd7fb458393fdf,Down,0.5563838831421705,-89,-15,7,58.75,no_push_after_entry,0.01265017337136238,4.05,1,1,79050.3,0.5199999398070616,0.3599999621881795,1600.0,1.0,1
0xf6beafa72d6416525c4cf039c9c122883dbef6a3,5m,0x75479149e53eead3b7104a0cb4a83a93afbfe0e73ce605aeac5469e0b614704b,Down,2.564590925334155,-226,-226,1,48.37,no_push_after_entry,0.7777201688767388,0.09,1,1,81006.0,0.4160269281326153,,,,1
0xf6beafa72d6416525c4cf039c9c122883dbef6a3,5m,0x777c1af126f6e83ed2691ff1d4a756fb62ffc57844c59b14c64a49ed5e7d842d,Down,4.336041496926605,-153,-53,6,64.96,pre_onset_flat,1.353511130919277,0.01,1,1,73143.1,0.58,0.3599999870399992,2200.0,0.8592,1
0xf6beafa72d6416525c4cf039c9c122883dbef6a3,5m,0x78bc61a10129fd48c7c3dbd13819ab61bf6d1a6437dcd5a1a9a451f0b52090c7,Down,5.321937614415144,-140,-140,1,29.19,choppy_gap,3.189102564102797,2.36,1,1,62400.0,0.36,,,,0
0xf6beafa72d6416525c4cf039c9c122883dbef6a3,5m,0x7aa197de2b9dcd775cf5576e38f3e08c139eaacd6e8eb68394363c0b8eda0076,Down,2.1085505005973677,-94,-94,2,29.17,no_push_after_entry,0.0,0.57,1,1,81396.5,0.463594563809458,,,,1
0xf6beafa72d6416525c4cf039c9c122883dbef6a3,5m,0x7d4b4cbc18220c5f80bf8febdd4175edd5bac5524755170a1763a1e53818a6be,Up,0.7856349342274795,-280,-277,10,45.88,no_push_after_entry,0.01231818361063463,0.0,1,1,81180.8,0.5199999479999866,0.5099999952674671,100.0,,1
0xf6beafa72d6416525c4cf039c9c122883dbef6a3,5m,0x7d7fa756e2ab197e2c804e5e46e3ceb0e2dc1f76869a161e57ee8c68630b145c,Up,0.3631838360516626,-117,-42,3,76.6,pre_onset_flat,0.7726439877250806,1.29,1,1,63418.6,0.25,0.34,-900.0,0.7158,1
0xf6beafa72d6416525c4cf039c9c122883dbef6a3,5m,0x7dd5c61e7f058faee09ce6504f9d37ccfef9af89ae0ffe537f2478be1d49ae70,Up,2.7530600425732215,-102,-94,3,28.92,post_onset,9.734197608131256,1.36,1,1,76534.3,0.4499999797499989,0.5699999965799997,-1200.0,0.0947,1
0xf6beafa72d6416525c4cf039c9c122883dbef6a3,5m,0x7eb065c4bea8d73592d0c8c829de85c5f847a2e8ad3f3e2cfb84818d301d8014,Down,1.5529414518345963,-248,-14,5,35.03,no_push_after_entry,3.500940877860551,1.57,1,1,77693.4,0.6599999315555373,0.3799999950599998,2800.0,,1
0xf6beafa72d6416525c4cf039c9c122883dbef6a3,5m,0x7feb450ae4f2e6e779332d593bf1214912e298b9c57e20dcc224c1abf390832c,Down,7.2538064512402824,-175,-166,2,49.96,pre_onset_flat,0.2046611578712452,2.47,1,1,78178.0,0.41999987577459713,0.4199999970580964,-0.0,1.0,0
0xf6beafa72d6416525c4cf039c9c122883dbef6a3,5m,0x8041da9c4e91e8c36d8c2ac05293cc4553e62a6b47f8e9cc877d34d7d83fdfdb,Up,1.4282719564685649,-169,-75,5,67.59,no_push_after_entry,0.014078578177052308,0.58,1,1,71029.9,0.4133858057768605,0.5499999931249997,-1366.1,,1
0xf6beafa72d6416525c4cf039c9c122883dbef6a3,5m,0x84d9a1a5e6b7225a8d923d2a6eb451a4f7841ee021ef8f50b2015acdbe7a5b22,Down,1.9557095991182223,-426,-203,9,59.9,pre_onset_flat,0.012773610740980407,6.58,1,1,78286.4,0.5899999595097908,0.659999934545407,-700.0,0.8611,1
0xf6beafa72d6416525c4cf039c9c122883dbef6a3,5m,0x860235ff3607db1fd480a7152c27ae92f981585b7b7762515e9e880a79bbbbf3,Down,1.789817930740815,-240,-210,2,49.95,pre_onset_flat,0.02528451399334633,0.0,1,1,79099.8,0.4,0.39644880444770775,35.5,0.9167,1
0xf6beafa72d6416525c4cf039c9c122883dbef6a3,5m,0x86ed610977aef65e52cbaab157bfd6cb71157f90e2fddab748b8f28595ede32c,Up,5.865618317639071,-277,-275,3,48.9,choppy_gap,4.9724846589129585,12.74,0,1,71996.2,0.6999999929999994,0.6699999839199988,300.0,,0
0xf6beafa72d6416525c4cf039c9c122883dbef6a3,5m,0x875ac05ef6ca41c53718b81440fe0f2699aa596f916f71288d57c5c949cf00c7,Up,1.0537979159973063,-115,-55,10,65.43,no_push_after_entry,0.14211886304796753,1.45,1,1,77400.0,0.18,0.24,-600.0,,1
0xf6beafa72d6416525c4cf039c9c122883dbef6a3,5m,0x88b3a41b557bd72c30a5485fe2eb62d5378b25ea5885932351a95d509ee65e0e,Up,1.37474290326885,-118,-23,5,29.94,no_push_after_entry,2.627645307545691,3.78,1,1,80680.6,0.25,0.26999994924811077,-200.0,,1
0xf6beafa72d6416525c4cf039c9c122883dbef6a3,5m,0x8b080b7c220fbb46d0d9ee52d81093335292e6f0a2fe4eed6b64d04c76468856,Down,0.8522197257759399,-268,-219,6,49.84,no_push_after_entry,0.012791371451356186,3.02,1,1,78177.7,0.519999987800585,0.5799999697719787,-600.0,,1
0xf6beafa72d6416525c4cf039c9c122883dbef6a3,5m,0x90d08c853203725ff9ee5c2fb384c3abacb799360d25e54cd036f1588b362ed6,Up,2.0399665141934746,-496,-261,2,69.46,no_push_after_entry,0.012805081056908441,0.0,1,1,78094.0,0.75,0.689999999860606,600.0,,1
0xf6beafa72d6416525c4cf039c9c122883dbef6a3,5m,0x9389772d3528aa12517c5b287696284f3f745d39ea3cf90104443d15f4640c1b,Up,1.489231962776603,-292,-68,3,69.69,no_push_after_entry,1.246195127641427,0.87,1,1,75429.6,0.7599999984769537,0.6799999959443338,800.0,,1
0xf6beafa72d6416525c4cf039c9c122883dbef6a3,5m,0x943dd45dc362bb021d5bc8312033946ec000b2460c4577fef49fac914ec93ff9,Down,1.4167559319361656,-140,-50,8,99.81,no_push_after_entry,0.0,1.35,1,1,80827.0,0.46999980099089594,0.5299999860128382,-600.0,,1
0xf6beafa72d6416525c4cf039c9c122883dbef6a3,5m,0x95034825096482e1dde77e99d649ad5a2fd2269e122e8190e49c19fe80b1aeb7,Down,0.6213821352110277,-139,-27,6,37.9,no_push_after_entry,0.012314436830734465,0.0,1,1,81205.5,0.45628196352955996,0.37999988468961066,762.8,,1
0xf6beafa72d6416525c4cf039c9c122883dbef6a3,5m,0x9ec42799f6d916e6ffb3f9f81ad3907cd0a4074d4e77e796efd8a8cdf113b3d3,Up,14.46616239719361,-287,-285,2,47.27,post_onset,5.364346408033645,2.59,1,0,60585.2,0.52,0.52,0.0,0.614,0
0xf6beafa72d6416525c4cf039c9c122883dbef6a3,5m,0xa58373401590a9699e1e704d700bbb9c92fc7c52777fc29454d4de43d26d4aa8,Down,8.23089312593668,-292,-290,3,29.12,pre_onset_flat,3.613915503826869,8.63,1,1,77755.0,0.6,0.5799999860799989,200.0,1.0,0
0xf6beafa72d6416525c4cf039c9c122883dbef6a3,5m,0xab6060717d4de0598b467ac5a44c74092b1db6787045514ecc7a77cdc8414088,Down,1.1332011536262976,-176,-43,6,38.57,pre_onset_flat,0.408097678178901,0.14,1,1,78412.6,0.579999958571416,0.58,-0.0,0.9375,1
0xf6beafa72d6416525c4cf039c9c122883dbef6a3,5m,0xab7906c87ef1faeee53758ff540a440bb794d0f2f0ada68ad50575388f081338,Up,2.291334509540971,-182,-180,3,28.78,no_push_after_entry,1.755393214679695,2.27,1,1,75766.5,0.4399999894399992,0.4299999931199994,100.0,,1
0xf6beafa72d6416525c4cf039c9c122883dbef6a3,5m,0xacea81fff8470fad7dc6c8382035eefb3564e904872bcb2a74a3b64b6cc0ee1d,Up,0.47951795681574194,-21,-21,2,29.87,pre_onset_flat,2.009972054904892,8.38,1,1,61692.4,0.44,,,0.4872,1
0xf6beafa72d6416525c4cf039c9c122883dbef6a3,5m,0xb41717ca8638665a7d431c5208a19f476d8833c3f2266e5d8eda96f0cfe32862,Up,0.3959161736534506,-132,-130,3,39.1,no_push_after_entry,0.012979612922738954,0.0,1,1,77043.9,0.5499999901635153,0.4942665085013839,557.3,,1
0xf6beafa72d6416525c4cf039c9c122883dbef6a3,5m,0xb52cf011b36ab1364364998bb5fb11722c333accd9f36fb9c770e9af02508d19,Down,0.6772942222028387,-43,-7,3,28.34,no_push_after_entry,2.9531878705999577,0.07,1,1,73141.3,0.07027752594997645,0.2503490303943531,-1800.7,,1
0xf6beafa72d6416525c4cf039c9c122883dbef6a3,5m,0xb5d1f03f5144a7f29740c19f8993153d3bd1bff40e15b94a67574dd87e8913e5,Down,1.1035130025004465,-243,-243,1,49.28,no_push_after_entry,0.012786840805272892,0.37,1,1,78205.4,0.6199999979870129,,,,1
0xf6beafa72d6416525c4cf039c9c122883dbef6a3,5m,0xb74d7900602ce3c9938bd3fca097d5a44342e2d5d218593e6cd0ccd93e79e5b0,Down,3.5761115901681455,-223,-203,4,58.52,pre_onset_flat,1.4940011702993061,5.01,1,1,72289.1,0.7099999815399987,0.64,700.0,0.9375,1
0xf6beafa72d6416525c4cf039c9c122883dbef6a3,5m,0xb89368281c986629900d13e730beefba637a54d39c97589896266c850fc33eed,Down,4.505113690658586,-237,-237,2,49.93,choppy_gap,0.013191132921218698,9.91,1,1,75808.5,0.3368664003274118,,,,1
0xf6beafa72d6416525c4cf039c9c122883dbef6a3,5m,0xba14805730296f1856bf23de7347f2cbf06dc85275bc3134cfe71a3e86936dc6,Down,1.4979451614580999,-215,-129,3,39.06,no_push_after_entry,0.013684345928122815,0.01,1,1,73076.2,0.739999989639998,0.46999999153999933,2700.0,,1
0xf6beafa72d6416525c4cf039c9c122883dbef6a3,5m,0xbf4387dad6a5cdab9ddc26f2eaaa64ea060ba8eaea1bffd6b196fe062bfc4056,Down,1.017687878518499,-17,-8,7,54.87,no_push_after_entry,0.38337433308839974,0.4,1,1,78252.5,0.4699999876938561,0.22512435554900337,2448.8,,1
0xf6beafa72d6416525c4cf039c9c122883dbef6a3,5m,0xc0c76c0e8c4c874a78b25cf9e99403f9440bd1944da5b99d7a31bce9b3577587,Up,6.019350497084234,-178,-176,2,49.97,pre_onset_flat,0.012787870959035186,2.01,1,1,78199.1,0.7099999951126406,0.7099999936923929,0.0,1.0,0
0xf6beafa72d6416525c4cf039c9c122883dbef6a3,5m,0xc518b05fc321e884d3d251b944a0f2b38876037d53e1b77a3a9c470ddf488963,Down,1.346078866453516,-272,-253,10,69.3,no_push_after_entry,0.012376237624482768,1.31,1,1,80800.0,0.4699999920082718,0.41999989905577495,500.0,,1
0xf6beafa72d6416525c4cf039c9c122883dbef6a3,5m,0xc5fe07f93fb541e9eefec61bd57e03ba8f982b15c3ca4c6460c51c6b9b6a89f4,Down,0.9861629795135562,-125,-25,3,62.14,pre_onset_flat,1.4987625601441428,5.32,1,1,78064.4,0.5799999952459016,0.6199999550905375,-400.0,0.7826,1
0xf6beafa72d6416525c4cf039c9c122883dbef6a3,5m,0xc6f70e753470770cfa61c58463bf66e08d7b56d14929fb6b111b82bedfe16da9,Up,1.9153011797507304,-51,-37,6,76.25,no_push_after_entry,0.014056710391179816,5.81,1,1,71140.4,0.5399999902799992,0.26999998055999946,2700.0,,1
0xf6beafa72d6416525c4cf039c9c122883dbef6a3,5m,0xc76745d8ead8a85640ea2855248c5ca7ec830c4a08cc0e888004606d220bbe6d,Down,3.625219541858711,-270,-231,9,118.56,no_push_after_entry,0.013019748355061658,5.96,1,1,76806.4,0.47999995511687565,0.5099999952141983,-300.0,,1
0xf6beafa72d6416525c4cf039c9c122883dbef6a3,5m,0xc8c4013294b64bd3a4d9fc52d84ea5999fbc871843ee787ef62520894a3d3aa6,Down,9.836602616058038,-258,-212,4,33.93,pre_onset_flat,3.382549427503509,1.01,1,1,76865.1,0.7599999735651494,0.619999986359999,1400.0,0.8919,0
0xf6beafa72d6416525c4cf039c9c122883dbef6a3,5m,0xcbf1fa4714d4c369d641eb0401afecf3e25707307ac2b5128a1b4420b19b9adb,Down,1.3333092047469886,-111,-111,1,28.38,no_push_after_entry,1.2215526899070084,2.62,1,1,62215.9,0.35,,,,1
0xf6beafa72d6416525c4cf039c9c122883dbef6a3,5m,0xcc97b44dac3db8910e0afed297714bd502d4c868cc5e8f7397fb0dcde0a858d1,Up,5.049820213139859,-249,-199,3,28.84,pre_onset_flat,0.013683559475764892,4.38,1,1,73080.4,0.48999998137999884,0.4499999797499989,400.0,0.8659,0
0xf6beafa72d6416525c4cf039c9c122883dbef6a3,5m,0xcca2d8d96ef99a61967ef42c2669979fb478c8625f1a2749a56c5c0aca02d096,Down,0.9954632382125995,-286,-191,15,118.63,pre_onset_flat,0.012719393641806707,1.27,1,1,78620.1,0.5699999930097085,0.5999999744680807,-300.0,1.0,1
0xf6beafa72d6416525c4cf039c9c122883dbef6a3,5m,0xccc84e6bc9720235f7eb8886da8038f61d1576460821bc919f856b3cc2e8993c,Up,0.20482966014455833,-185,-171,4,99.28,no_push_after_entry,2.030911245297482,2.24,1,1,77305.2,0.2,0.2999999134615218,-1000.0,,1
0xf6beafa72d6416525c4cf039c9c122883dbef6a3,5m,0xce8e9af044c4427862c1a678cacb96956b9cacd466afa9072c8bf7885a9a79ae,Up,3.8436509503869067,-93,-91,4,57.91,no_push_after_entry,0.944347804666273,0.0,1,1,73066.3,0.5299999883399997,0.5099999910749997,200.0,,1
0xf6beafa72d6416525c4cf039c9c122883dbef6a3,5m,0xcf5ef1f93890996128545b92e47927c6cc145bdea738db217a0a8cdd7ffe9663,Up,1.3185416796654115,-287,-109,3,29.34,no_push_after_entry,0.013404304659178233,3.5,1,1,74602.9,0.8199999901599953,0.619999986359999,2000.0,,1
0xf6beafa72d6416525c4cf039c9c122883dbef6a3,5m,0xd0a43d7a7580f9b8effde9031da99047ba67572c4aee03a8eaf7d73cfb5e1b55,Up,1.5708535646025845,-228,-117,6,123.82,pre_onset_flat,1.761258888595781,2.5,1,1,60752.0,0.14653176092200482,0.32,-1734.7,0.9444,1
0xf6beafa72d6416525c4cf039c9c122883dbef6a3,5m,0xd15e23dcadbefad2f646f2ede1e0c7a099b28a0801223269748feba47f9ad310,Down,0.5415099244214958,-157,-155,3,38.82,no_push_after_entry,1.4100742274029323,5.78,1,1,73045.8,0.5499999807499988,0.5999999939999998,-500.0,,1
0xf6beafa72d6416525c4cf039c9c122883dbef6a3,5m,0xd2bd6f222286ff828dbd443ed93b685598b4af6fc7fbfe63fd0516293a8be769,Up,0.8402936501075,-168,-167,3,38.55,no_push_after_entry,0.01265103757558309,1.91,1,1,79044.9,0.29737312696553,0.36808882110311913,-707.2,,1
0xf6beafa72d6416525c4cf039c9c122883dbef6a3,5m,0xd3eaafd2a00dbec81396636126aafb01214497dba3423ba8fa5b872aeb6ea834,Up,2.9079231836380197,-327,-275,3,28.92,pre_onset_flat,0.014896824591569121,13.48,0,1,67128.4,0.488076961935362,0.5,-119.2,0.8167,1
0xf6beafa72d6416525c4cf039c9c122883dbef6a3,5m,0xd46b81d3af7c99ca55f4748bcb572a9077e3283f6d71ba4b3a34fec73c3fb222,Up,45.89406172996977,-218,-218,1,28.72,pre_onset_flat,0.016464997884008174,6.8,1,0,60734.9,0.45,,,0.5789,0
0xf6beafa72d6416525c4cf039c9c122883dbef6a3,5m,0xdc2c3626252bdf0bcc68d42b4f60892be7e04330a37013132b7ccbd3b6bddb7a,Up,4.6920776238476165,-184,-82,6,61.92,pre_onset_flat,0.0,0.0,1,1,77190.1,0.5599999775999964,0.30999998945999985,2500.0,0.8816,1
0xf6beafa72d6416525c4cf039c9c122883dbef6a3,5m,0xdec305a953082c91db30e1a326906580e3f7547482536c7f4c29306d68b31e68,Down,2.858598392261533,-232,-180,3,29.4,no_push_after_entry,1.548373887506903,1.06,1,1,78146.5,0.5899999542448828,0.5799999887493615,100.0,,1
0xf6beafa72d6416525c4cf039c9c122883dbef6a3,5m,0xe2d52e1025a9d3a88ee610cef02d9d728bd997f83515272ba05a8a669655229f,Up,24.05580693223442,-299,-299,1,30.0,pre_onset_flat,3.1390537724634284,5.66,1,0,63394.9,0.61,,,0.3143,0
0xf6beafa72d6416525c4cf039c9c122883dbef6a3,5m,0xe4a3db9a7aed4032d1812d1d9de2143f2767567fff75a3899aa76ab3b1803298,Up,0.9190315453149052,-163,-58,8,68.85,no_push_after_entry,0.013244419133658807,0.01,1,1,75503.5,0.48999999610267525,0.4599999465116217,300.0,,1
0xf6beafa72d6416525c4cf039c9c122883dbef6a3,5m,0xe806ce3acba7a4b5fba1e39510176ea642fb40296919d7e5a0d20c85077ed83e,Up,2.7795721305187775,-243,-183,5,67.62,pre_onset_flat,0.013944550888661235,3.05,1,1,71712.6,0.5199999937599997,0.46999999153999933,500.0,0.7778,1
0xf6beafa72d6416525c4cf039c9c122883dbef6a3,5m,0xea482af62156eedc2423d500f82b2d6e66b4ba7df6c13ac48243efbc33db146e,Up,15.866390402795767,-272,-272,1,28.2,pre_onset_flat,2.18649032124013,0.42,1,0,63572.2,0.47,,,0.4512,0
0xf6beafa72d6416525c4cf039c9c122883dbef6a3,5m,0xea7b9f4a68fcd97f42167f211d367b2a51725f7baf1265702f31dbffd15e421d,Up,2.888809506537794,-59,-55,3,30.37,post_onset,9.831218986525677,4.8,1,1,70896.6,0.3299999811899992,0.32,100.0,0.1087,1
0xf6beafa72d6416525c4cf039c9c122883dbef6a3,5m,0xeb8639afb5bd43b45018a57b396e2f2872e1bda6dc8561f5241a76351d9c7152,Up,0.9565492938609114,-103,-5,2,28.41,no_push_after_entry,1.8025884042871902,4.96,1,1,71009.0,0.49019607843137253,0.1509790044821892,3392.2,,1
0xf6beafa72d6416525c4cf039c9c122883dbef6a3,5m,0xec1183fb7538fd9e3c02a01dbde2dc7df1f81756a913bacdf763dbabb70d55e6,Down,3.107733318596342,-163,-19,7,87.78,no_push_after_entry,2.0319623642899196,0.51,1,1,74312.4,0.6599999841599988,0.6499999934999994,100.0,,1
0xf6beafa72d6416525c4cf039c9c122883dbef6a3,5m,0xef838e0d97e41251aa242deebcf80fd7cff7b3c76c8635efaada583029365e86,Up,2.0238685659701363,-281,-41,3,48.5,post_onset,7.251236079070091,5.34,1,1,62334.2,0.26,0.32,-600.0,0.68,1
0xf6beafa72d6416525c4cf039c9c122883dbef6a3,5m,0xf095f0f81d407abbc2c7697d65394d6338148a9b8e1079b9846c5c4e32434e36,Down,1.4050359925067337,-346,-306,2,26.01,no_push_after_entry,0.013231696264536111,1.34,1,1,75576.1,0.6423602657719149,0.6699999890658409,-276.4,,1
0xf6beafa72d6416525c4cf039c9c122883dbef6a3,5m,0xf3610c38ea92c902945dba9af40c96c3e1287474a14b8765edbc9edca790e1e5,Down,1.5430817558721737,-194,-16,4,38.94,post_onset,17.625118354354974,0.71,1,1,80056.2,0.4,0.5382902554011035,-1382.9,0.8868,1
0xf6beafa72d6416525c4cf039c9c122883dbef6a3,5m,0xf6d1355294a10200e7da3b23975ac7b7fc4904e8d55a2e600dbcf5e3306512c3,Down,3.739624348106389,-247,-109,5,48.32,no_push_after_entry,0.9578950393352758,0.68,1,1,73076.9,0.5899999946899995,0.45999998435999895,1300.0,,1
0xf6beafa72d6416525c4cf039c9c122883dbef6a3,5m,0xf741c20194c4a0ad40716ff50745ca65a7e14c3c3e680c45943a0df21f2e7b87,Down,5.707975836122824,-261,-130,7,32.58,pre_onset_flat,3.2347316345638597,2.16,1,1,80995.9,0.44999999536798746,0.35999987039991704,900.0,0.9467,0
0xf6beafa72d6416525c4cf039c9c122883dbef6a3,5m,0xf8e08ef8d8f22afa5f328f81515fcf0c6bf7ad5064bcfc0d58bd604fd8acbd97,Down,0.5250788403126866,-111,-87,2,29.8,no_push_after_entry,0.01279086425386038,0.01,1,1,78180.8,0.6799999972552974,0.6799999836472918,0.0,,1
0xf6beafa72d6416525c4cf039c9c122883dbef6a3,5m,0xfc71003cff61d6a81a32262cafbb0446641dfb3ed3dcfe629085c157fa7017d6,Down,4.186205866362299,-103,-33,4,57.49,post_onset,5.873900659840887,1.64,1,1,74396.9,0.85,0.8399999966399984,100.0,0.9322,1
