bucket_start_offset_s,bucket_end_offset_s,bucket_label,market_count,mean_quote_volume,mean_winner_aligned_signed_quote,mean_quote_volume_multiple_control_median
-60,-55,-60 to -55,5,10765.619679650801,-10495.886333746801,8.055802606847282
-55,-50,-55 to -50,5,5225.685968733801,3140.115788201401,18.227834079864582
-50,-45,-50 to -45,5,25052.3854160802,-19102.5104361938,131.36586410696364
-45,-40,-45 to -40,5,1235.7194088376,1143.7789005964,196.21926262013824
-40,-35,-40 to -35,5,1511.2766126806,1438.888383191,3.2507173542348076
-35,-30,-35 to -30,5,17459.2825249948,-17311.9944456628,10.018350367704853
-30,-25,-30 to -25,5,1154.8224049002001,-701.5509559534,14.211165203279881
-25,-20,-25 to -20,5,629.7932100176,629.7932100176,2.4892836217032848
-20,-15,-20 to -15,5,2062.0144424468,1747.4322919495999,19.058127261165815
-15,-10,-15 to -10,5,478.59601234380006,402.2801756142,0.9830069665309609
-10,-5,-10 to -5,5,4855.9325299838,-4640.302275028999,10.078432804317574
-5,0,-5 to +0,5,36776.282729401,-3600.432482088999,345.5339224201517
0,5,+0 to +5,5,21213.606521817,-19742.0194079614,110.5420575742206
5,10,+5 to +10,5,2982.5803715538,2956.0293076618,100.71269053701837
10,15,+10 to +15,5,1290.5840153324,1216.173375828,10.177313801394284
15,20,+15 to +20,5,42380.2639801786,-28325.4435906706,4086.76048877961
20,25,+20 to +25,5,18306.6118315476,-12060.4895163124,12.627654553399648
25,30,+25 to +30,5,10227.168602726,-9893.253063472,6.514835098383533
