wallet,label,n_transfers_seen,history_truncated,first_funder,first_funder_tag,first_funding_usdc,first_funding_utc
0xc5d521074e88279556836998fb2a5d2e2c1c6caa,directional_suspect,18,0,0xc417fd8e9661c0d2120b64a04bb3278c17e99db1,,1000.0,2026-05-18T02:07:52+00:00
0x30be23d0622ae9ea3072a0091c214c78cdcbf4c1,directional_suspect,11891,1,0x731f3e95cb6bdf8bc9d4f215fa3294586cc7199b,,1500.0,2026-04-11T18:13:13+00:00
0xeebde7a0e019a63e6b476eb425505b7b3e6eba30,market_maker_control,12001,1,0xf70da97812cb96acdf810712aa562db8dfa3dbef,polymarket_relayer,9.979028,2026-03-25T06:25:55+00:00
0xf6beafa72d6416525c4cf039c9c122883dbef6a3,window_dressing,11863,1,0xee7ae85f2fe2239e27d9c1e23fffe168d63b4055,,9.88,2026-04-04T09:55:03+00:00
0x9dbd5ca25b5c69a3ef8fb94de0edd083ff0ced07,window_dressing,0,0,,,,
0xa6214292fba769fc1c0a11c3191cefe197bf6e29,window_dressing,678,0,0x008c6709af8b38443ff054205b9be4c787899aca,,56.244216,2026-03-30T12:19:00+00:00
0x21e6a2af5409ebebb93a7061946f751f537f2bd9,window_dressing,669,0,0xf70da97812cb96acdf810712aa562db8dfa3dbef,polymarket_relayer,599.578406,2026-03-28T23:28:50+00:00
0x70383d41911a9080743407fc55f98e062e38fe98,window_dressing,0,0,,,,
0x00d7cdc6888883a24951c5b8efe3493b80eccfe0,window_dressing,12,0,0xc417fd8e9661c0d2120b64a04bb3278c17e99db1,,100.0,2026-05-21T09:43:30+00:00
0x05ddbe2edc2fcb293eb149028f45e93cec14305c,window_dressing,11809,1,0x663dc15d3c1ac63ff12e45ab68fea3f0a883c251,,798.379346,2025-12-17T15:51:28+00:00
0x53208bf2aac48b8253b2bdf6d92496df789df3b2,window_dressing,11992,1,0x1929347e025d4f5f8d6b2bd2261e2f4efcacd215,,20.831138,2025-06-28T13:37:54+00:00
0x10c95474a829d67b6a41025da3b886f05719e999,core_5m,11958,1,0x42861b2fa5afb1934375d8aeea9991750e816dba,,1.0,2026-04-02T03:26:33+00:00
0x773a2f6c325621852fdfa5c83f91071e78602e81,core_5m,5253,0,0xf70da97812cb96acdf810712aa562db8dfa3dbef,polymarket_relayer,9895.782131,2026-03-04T08:02:57+00:00
0x61e6cefb61ff796aec1ab7376c38eed778760e2e,core_5m,4,0,0xc417fd8e9661c0d2120b64a04bb3278c17e99db1,,4000.0,2026-06-07T23:25:01+00:00
0xfcefc196f9c260705ae2434333061cc2ca43ed6c,core_15m,2,0,0xb92fe925dc43a0ecde6c8b1a2709c170ec4fff4f,,494.603005,2026-04-28T15:01:36+00:00
0x45ca17313cffdb5b596438500a2fe0c899633cef,core_15m,11997,1,0xf70da97812cb96acdf810712aa562db8dfa3dbef,polymarket_relayer,99.354901,2026-02-15T21:02:17+00:00
0xb528de45d8e0e3d11336cb3a3e1639e0e721aade,core_15m,11952,1,0xf70da97812cb96acdf810712aa562db8dfa3dbef,polymarket_relayer,10.0,2025-12-08T19:03:39+00:00
0xa0f6f910b469cfd50155d8713f0375284d43b859,core_15m,3677,0,0xf70da97812cb96acdf810712aa562db8dfa3dbef,polymarket_relayer,99.0,2026-01-21T12:23:06+00:00
0x06a20663cff1d3011fae399cdb063d1ce92746c9,core_15m,2973,0,0xf64887815ff64722983c8094dd0176b081a6ed6a,,149.01,2026-03-24T11:01:17+00:00
