market_timeframe,market_duration_seconds,series_slug,slug_prefix,wallet,label,n_markets,pre_onset_flat,post_onset,choppy_gap,no_push_after_entry,no_spot_data,flat_share_of_decided,baseline_flat_share_of_decided,flat_perm_p,median_flat_gap_to_move_s,median_post_onset_runup_bps,binanceus_flat_corroborated,binanceus_flat_checked
5m,300,btc-up-or-down-5m,btc-updown-5m,0xc5d521074e88279556836998fb2a5d2e2c1c6caa,directional_suspect,105,34,19,3,49,0,0.6415094339622641,0.6566460813366101,0.6856571714142928,15.0,3.974659001009855,25,29
5m,300,btc-up-or-down-5m,btc-updown-5m,0x30be23d0622ae9ea3072a0091c214c78cdcbf4c1,directional_suspect,44,12,5,0,27,0,0.7058823529411765,0.805088867296458,0.9305347326336831,16.5,4.890880997076059,10,10
5m,300,btc-up-or-down-5m,btc-updown-5m,0x32ec633aa376cfe621e2a34e978244d61291645e,directional_suspect,39,11,13,2,13,0,0.4583333333333333,0.6902068379113558,0.9985007496251874,17,5.250754486360321,10,10
5m,300,btc-up-or-down-5m,btc-updown-5m,0x6d9f6ea54a3aaac3ceee0a0a9579da944ccb5568,directional_suspect,28,7,1,1,18,1,0.875,0.7191233677904315,0.2048975512243878,33,3.974659001009855,5,6
5m,300,btc-up-or-down-5m,btc-updown-5m,0xeebde7a0e019a63e6b476eb425505b7b3e6eba30,market_maker_control,730,117,268,6,339,0,0.3038961038961039,0.3681788774801057,1.0,15,4.53445586237533,95,115
5m,300,btc-up-or-down-5m,btc-updown-5m,0x4d766f62e3d1a97243eaa244ea72dcfeac7390a0,window_dressing,33,4,21,2,6,0,0.16,0.26762259204227073,0.9795102448775612,41.5,7.251236079070091,4,4
5m,300,btc-up-or-down-5m,btc-updown-5m,0x5cfcc624e07dd8d7354d7393048b0ae87619e62d,window_dressing,5,2,2,0,1,0,0.5,0.6598290598290598,0.9640179910044977,27.5,6.5417326874750295,0,2
5m,300,btc-up-or-down-5m,btc-updown-5m,0x8a2f4ff4c8ee2f590fe6abc8b9bbda2c02c8c860,window_dressing,23,8,6,0,9,0,0.5714285714285714,0.40336945732329654,0.08845577211394302,13.0,4.182482539507908,7,8
5m,300,btc-up-or-down-5m,btc-updown-5m,0xbf167321cdb041eb7c821d1ae0160b7089f59c6f,window_dressing,5,1,1,1,2,0,0.5,0.8922514619883042,0.9970014992503748,16,8.39993637918081,1,1
5m,300,btc-up-or-down-5m,btc-updown-5m,0xfecce085f6681149f1c0687a4ec1fc91831b8006,window_dressing,1,1,0,0,0,0,1.0,0.6666666666666666,0.6586706646676662,16,,1,1
5m,300,btc-up-or-down-5m,btc-updown-5m,0xc8d464a327edfcd74f1e81aff949b47d7e537c70,window_dressing,7,1,2,0,4,0,0.3333333333333333,0.5273752012882448,0.8960519740129935,16,4.531948398683691,1,1
5m,300,btc-up-or-down-5m,btc-updown-5m,0x97e1678857baa09aeeec1ac7c0a4e732ab836825,window_dressing,8,3,0,0,5,0,1.0,0.765704660569612,0.39480259870064965,39,,2,2
5m,300,btc-up-or-down-5m,btc-updown-5m,0xf62084fb019c80345360bb5a8a8f10d2845890e5,window_dressing,80,19,40,1,20,0,0.3220338983050847,0.2610710089324954,0.12393803098450774,21,5.852425545634383,12,19
5m,300,btc-up-or-down-5m,btc-updown-5m,0xff37b71b91c502d6efcc6abaee10aac66e7c2e24,window_dressing,4,1,0,1,2,0,1.0,0.6111111111111112,0.6046976511744128,11,,1,1
5m,300,btc-up-or-down-5m,btc-updown-5m,0x2429f482094fcfe710d6b97a786c0838c08c7b51,window_dressing,8,1,7,0,0,0,0.125,0.12802573784679158,0.7716141929035483,29,7.715724873750742,1,1
5m,300,btc-up-or-down-5m,btc-updown-5m,0xa6214292fba769fc1c0a11c3191cefe197bf6e29,window_dressing,39,11,3,3,22,0,0.7857142857142857,0.7299542110081959,0.408295852073963,45,3.576102785305513,10,10
5m,300,btc-up-or-down-5m,btc-updown-5m,0xbe9188e967077bbca786cbcf7f052e00ee27c74d,window_dressing,15,6,3,0,6,0,0.6666666666666666,0.7544194278098462,0.8655672163918041,47.0,3.913074904230449,5,5
5m,300,btc-up-or-down-5m,btc-updown-5m,0x93173b86dbe2f2dd9922c751806d306b48cf5a5f,window_dressing,41,15,2,1,23,0,0.8823529411764706,0.7513325007381855,0.12293853073463268,57,5.6483540827771215,12,12
5m,300,btc-up-or-down-5m,btc-updown-5m,0xd34677653cc5e09d218986c1ecebb5dcc3179999,window_dressing,4,0,2,1,1,0,0.0,0.08024691358024691,1.0,,11.789966873477116,0,0
