bucket_start_offset_s,bucket_end_offset_s,bucket_label,market_count,aggregate_trade_count,mean_trade_count,median_trade_count,aggregate_quote_volume,mean_quote_volume,median_quote_volume,aggregate_winner_aligned_signed_quote,mean_winner_aligned_signed_quote,median_winner_aligned_signed_quote,aggregate_abs_winner_aligned_signed_quote,mean_abs_winner_aligned_signed_quote,median_abs_winner_aligned_signed_quote,positive_winner_aligned_share
-180,-175,-180 to -175,10919,43967.0,4.0266507921970875,2.0,112535586.298507,10306.400430305614,107.377620686,38907682.822633274,3563.300927065965,0.0,105045551.59522097,9620.436999287569,91.69874085000001,0.39967029947797417
-175,-170,-175 to -170,10919,37456.0,3.430350764722044,1.0,82301594.53017165,7537.466300043195,70.2209,21495145.671550315,1968.600208036479,0.0,78164161.75796035,7158.545815364076,55.277125498,0.37805659858961443
-170,-165,-170 to -165,10919,37137.0,3.401135635131422,1.0,90592912.04437706,8296.813998019696,49.98612,15542338.387466704,1423.4214110693931,0.0,85233881.78771096,7806.015366582193,41.309050776,0.3732942577159081
-165,-160,-165 to -160,10919,35133.0,3.2176023445370454,1.0,93273744.94762218,8542.334000148565,46.3633038,32036301.04190582,2933.9958825813555,0.0,88728578.72473788,8126.071867821036,35.013047544,0.3583661507464053
-160,-155,-160 to -155,10919,35070.0,3.2118325854015937,1.0,100048760.10400374,9162.813453979645,48.654464250000004,20556105.746548638,1882.5996654042162,0.0,95737872.05810112,8768.00733199937,38.04642134999999,0.36083890466159907
-155,-150,-155 to -150,10919,33905.0,3.1051378331349024,1.0,86072467.52797145,7882.8159655619975,42.712040798000004,29319267.881756347,2685.160535008366,0.0,82599150.64690168,7564.717524214825,32.614628944,0.3590072350947889
-150,-145,-150 to -145,10919,34233.0,3.135177214030589,1.0,77442837.55095907,7092.48443547569,41.212144951999996,18290631.86507002,1675.119687248834,0.0,72860865.77234657,6672.8515223323175,33.615831,0.35113105595750527
-145,-140,-145 to -140,10919,35380.0,3.2402234636871508,1.0,81484543.55065134,7462.637929357206,46.5194862,16058174.525051251,1470.6634788031186,0.0,77303081.86961564,7079.685124060413,34.999980134000005,0.36450224379521934
-140,-135,-140 to -135,10919,34779.0,3.185181793204506,1.0,76070962.24406838,6966.84332302119,45.031724999999994,22030890.08262568,2017.6655447042476,0.0,71317524.55431485,6531.506965318697,35.073000972,0.36331165857679276
-135,-130,-135 to -130,10919,32696.0,2.994413407821229,1.0,75547533.71046215,6918.905917250861,35.971496904000006,19797996.578627136,1813.1693908441373,0.0,71583277.45241405,6555.845540105692,29.629389052,0.3451781298653723
-130,-125,-130 to -125,10919,32934.0,3.01621027566627,1.0,88574237.6422964,8111.936774640205,39.947519388,24978331.133132193,2287.6024483132333,0.0,84416487.49795496,7731.15555435067,31.32971565,0.35223005769759136
-125,-120,-125 to -120,10919,32701.0,2.9948713252129315,1.0,83484508.07281837,7645.801636854874,42.196305357,37080121.42742425,3395.9264976118925,0.0,80035745.7318837,7329.951985702327,33.56107446,0.35827456726806484
-120,-115,-120 to -115,10919,43297.0,3.9652898617089476,2.0,111469220.26672259,10208.738919930634,106.25808639200001,39948714.30562176,3658.642211340027,0.0,96924639.08258964,8876.695584081843,88.28022285099998,0.40214305339316786
-115,-110,-115 to -110,10919,37025.0,3.3908782855572857,1.0,110298791.85571295,10101.547014901818,59.83124490000001,40182668.16312379,3680.0685193812424,0.0,101576255.65266685,9302.706809475854,49.49252262,0.36953933510394726
-110,-105,-110 to -105,10919,37885.0,3.469640076930122,1.0,108587722.68404888,9944.841348479611,50.25350694,28557822.864088558,2615.4247517253007,0.0,101653659.33619756,9309.795708049964,42.373036592,0.37503434380437767
-105,-100,-105 to -100,10919,34947.0,3.200567817565711,1.0,87649354.23566882,8027.232735201835,42.7275261,25546629.253181625,2339.649166881731,0.0,83058661.17337815,7606.801096563619,34.0205971,0.3580914003113838
-100,-95,-100 to -95,10919,35237.0,3.2271270262844585,1.0,102152202.71080157,9355.454044399814,49.99025983,31220366.66453869,2859.2697742044775,0.0,95868103.44493762,8779.934375394965,43.476824442,0.35964831944317244
-95,-90,-95 to -90,10919,34264.0,3.1380163018591447,1.0,88589211.09731844,8113.308095733898,43.900869387,31986767.515924923,2929.459429977555,0.0,82867229.38522425,7589.269107539542,33.220940178999996,0.35012363769575966
-90,-85,-90 to -85,10919,34167.0,3.1291327044601154,1.0,78387064.23939712,7178.959999944786,45.01151583,16987447.46082583,1555.7695265890495,0.0,73428979.83409074,6724.881384201001,34.483947687,0.353970143786061
-85,-80,-85 to -80,10919,33754.0,3.091308727905486,1.0,71080446.84131484,6509.794563725143,45.039983191999994,27037388.60739263,2476.178093909024,0.0,66752439.62134518,6113.420608237492,34.706519386,0.36615074640534845
-80,-75,-80 to -75,10919,32688.0,2.993680739994505,1.0,88316800.80053328,8088.359813218544,39.272496,22659761.81173977,2075.2598050865254,0.0,82474311.81303681,7553.284349577509,30.046439962999997,0.3500320542174192
-75,-70,-75 to -70,10919,32600.0,2.9856213939005403,1.0,92013534.94347076,8426.919584528874,29.999964396000003,19782738.971247286,1811.772046089137,0.0,82054817.16286784,7514.8655703698,24.75234,0.3456360472570748
-70,-65,-70 to -65,10919,32366.0,2.964190859968862,1.0,76741876.1784767,7028.28795480142,36.310633200000005,22512091.41329389,2061.735636348923,0.0,71280869.96983133,6528.150010974571,29.5078455,0.3459107976920964
-65,-60,-65 to -60,10919,32805.0,3.004396006960344,1.0,92709719.29863842,8490.67856934137,34.646122036,44149700.75795056,4043.383163105647,0.0,85838365.10624273,7861.376051492145,27.37845018,0.3437127942119242
-60,-55,-60 to -55,10919,41564.0,3.8065756937448483,2.0,99099417.35615377,9075.869342994209,103.552444176,35598147.61595084,3260.202181147618,0.0,93540462.4481457,8566.760916580795,89.63373663600001,0.3937173733858412
-55,-50,-55 to -50,10919,35020.0,3.2072534114845683,1.0,86225163.32267918,7896.800377569299,51.521166294,24787092.12030858,2270.088114324442,0.0,81738539.55072346,7485.899766528388,43.62880694,0.3675244985804561
-50,-45,-50 to -45,10919,35957.0,3.2930671306896238,1.0,83578319.06455237,7654.393173784446,49.02935324,17216319.972345583,1576.7304672905561,0.0,79033551.3330968,7238.167536688048,39.376096,0.36908141771224473
-45,-40,-45 to -40,10919,34351.0,3.145984064474769,1.0,100415784.54812546,9196.426829208303,37.685031657,20199875.491344057,1849.974859542454,0.0,91241693.67382699,8356.231676328143,29.850546845,0.3689898342339042
-40,-35,-40 to -35,10919,33549.0,3.072534114845682,1.0,82661052.93505834,7570.38675108145,37.956481100000005,29555989.553443987,2706.8403291000996,0.0,79696508.3078813,7298.883442428912,30.000428427000003,0.35845773422474586
-35,-30,-35 to -30,10919,32635.0,2.988826815642458,1.0,92026873.6553158,8428.141190156222,29.95161,25551573.720549792,2340.1019984018494,0.0,88110068.33943686,8069.42653534544,24.752795056,0.34975730378239767
-30,-25,-30 to -25,10919,33545.0,3.07216778093232,1.0,90343992.9107724,8274.017117938676,41.19032036,21782726.18367305,1994.9378316396237,0.0,86800534.65912363,7949.494885898308,32.429840000000006,0.3536953933510395
-25,-20,-25 to -20,10919,34906.0,3.19681289495375,1.0,97020117.99895613,8885.439875350869,38.499779923,33133598.260240357,3034.4901786097957,0.0,93407250.02713087,8554.560859706096,29.780077832,0.35937356900815093
-20,-15,-20 to -15,10919,34568.0,3.1658576792746587,1.0,110870916.4916563,10153.944179105807,44.91602099999999,51342772.897199824,4702.149729572289,0.0,107180365.17407432,9815.950652447505,32.851518,0.3502152211741002
-15,-10,-15 to -10,10919,35550.0,3.255792655005037,1.0,113774752.68749999,10419.887598452236,44.334728884,43497030.67741708,3983.609366921612,0.0,108214289.39757255,9910.641029175982,35.24067449599999,0.3590072350947889
-10,-5,-10 to -5,10919,37537.0,3.4377690264676253,1.0,148744596.56977725,13622.5475382157,39.527403705000005,42319100.16084679,3875.7303929706745,0.0,144756536.14638966,13257.30709280975,31.300829123999996,0.359739902921513
-5,0,-5 to +0,10919,39055.0,3.5767927465885156,1.0,173909934.81432205,15927.276748266511,49.491130561999995,52575261.66646965,4815.02533807763,0.0,164975491.33578905,15109.029337465798,39.60035303,0.36083890466159907
0,5,+0 to +5,10919,56072.0,5.135268797508929,3.0,147884278.60857955,13543.756626850403,195.028093572,12256501.153757054,1122.493007945513,0.0,136214957.4799796,12475.039608020847,146.670089496,0.4058063925267882
5,10,+5 to +10,10919,44805.0,4.103397747046433,2.0,104680848.6109351,9587.036231425507,101.903011668,18968530.160776645,1737.2039711307486,0.0,96761914.75106657,8861.792723790326,85.427044332,0.37833134902463594
10,15,+10 to +15,10919,38615.0,3.5364960161186922,2.0,85638573.00649591,7843.078396052378,79.9865,17317643.10978264,1586.009992653415,0.0,80196180.14409557,7344.645127218204,59.625737872,0.3638611594468358
15,20,+15 to +20,10919,39093.0,3.5802729187654547,2.0,98074705.03099406,8982.022623957695,65.187391861,31256184.92870551,2862.550135424994,0.0,92166975.90176901,8440.972241209727,50.216712339999994,0.3689898342339042
20,25,+20 to +25,10919,38384.0,3.515340232622035,1.0,107939183.37419315,9885.445862642471,56.342877262,18667988.847750332,1709.6793522987757,0.0,93860191.7510252,8596.042838265885,48.506332485,0.36477699423024085
25,30,+25 to +30,10919,36740.0,3.364776994230241,1.0,92106018.7151208,8435.389570026633,55.869852802000004,25326174.004276436,2319.459108368572,0.0,86259295.79690298,7899.926348283083,47.976138784,0.34984888726073815
