bucket_start_offset_s,bucket_end_offset_s,bucket_label,market_count,mean_quote_volume,mean_winner_aligned_signed_quote,mean_abs_winner_aligned_signed_quote,positive_winner_aligned_share
-60,-55,-60 to -55,540,12738.74870457727,8234.79693116587,11502.38171959167,0.4962962962962963
-55,-50,-55 to -50,540,7487.717781631339,1770.3378360820834,6709.94474940688,0.43333333333333335
-50,-45,-50 to -45,540,25254.66206199085,-6606.51844323283,22809.990234680867,0.4388888888888889
-45,-40,-45 to -40,540,13593.887154086093,6763.906021691315,10386.505085350507,0.45925925925925926
-40,-35,-40 to -35,540,17780.91600646964,6798.283716247607,16996.66871410022,0.45
-35,-30,-35 to -30,540,17138.052634455646,6259.39228464184,16503.730507034626,0.42962962962962964
-30,-25,-30 to -25,540,19192.512726528304,16335.062044846441,18489.78997861136,0.4351851851851852
-25,-20,-25 to -20,540,13840.72394095927,4399.08675869893,13124.052575265585,0.4740740740740741
-20,-15,-20 to -15,540,19078.25141706196,12609.759312598164,17969.646037005732,0.43148148148148147
-15,-10,-15 to -10,540,10410.491061892442,2809.9119654674428,9479.976315827455,0.4148148148148148
-10,-5,-10 to -5,540,11742.125127473324,-1496.775607724198,11221.819815496505,0.4185185185185185
-5,0,-5 to +0,540,7086.504120524621,1642.6148738263353,6747.096707555632,0.4111111111111111
0,5,+0 to +5,540,29016.07470886309,-5101.671101296924,27720.456918683314,0.412962962962963
5,10,+5 to +10,540,24393.446147353712,-1942.7835954696352,23128.730447341062,0.4444444444444444
10,15,+10 to +15,540,20989.274722332262,2202.706399629111,17959.966052519354,0.4
15,20,+15 to +20,540,11850.669405857483,4297.523386379709,10731.097133197976,0.4148148148148148
20,25,+20 to +25,540,24179.963921950428,5877.393909816905,23069.404204007773,0.4222222222222222
25,30,+25 to +30,540,15495.094744661945,9909.30132215651,14932.275716318778,0.39444444444444443
