market_timeframe,market_duration_seconds,series_slug,slug_prefix,underlying_source,underlying_symbol,window_seconds,flat_margin_bps_lte,match_filter,control_method,control_offsets_seconds,momentum_lookback_seconds,max_prior_momentum_bps_lte,row_universe,comparison,inference_scope,p_value_adjustment,thin_markets,non_thin_markets,thin_volume_metric,thin_volume_quantile,thin_volume_cutoff,thin_final_spot_pressure_candidate_rate,non_thin_final_spot_pressure_candidate_rate,thin_minus_non_thin_final_spot_pressure_candidate_rate,thin_gt_non_thin_permutation_p_final_spot_pressure_candidate,thin_final_resolution_crossing_pressure_candidate_rate,non_thin_final_resolution_crossing_pressure_candidate_rate,thin_minus_non_thin_final_resolution_crossing_pressure_candidate_rate,thin_gt_non_thin_permutation_p_final_resolution_crossing_pressure_candidate,thin_crossed_to_winner_rate,non_thin_crossed_to_winner_rate,thin_minus_non_thin_crossed_to_winner_rate,thin_gt_non_thin_permutation_p_crossed_to_winner,thin_mean_aligned_final_move_bps,non_thin_mean_aligned_final_move_bps,thin_minus_non_thin_mean_aligned_final_move_bps,thin_gt_non_thin_permutation_p_aligned_final_move_bps,thin_mean_needed_move_to_flip_bps,non_thin_mean_needed_move_to_flip_bps,thin_minus_non_thin_mean_needed_move_to_flip_bps,thin_gt_non_thin_permutation_p_needed_move_to_flip_bps,thin_mean_reversion_15s_bps,non_thin_mean_reversion_15s_bps,thin_minus_non_thin_reversion_15s_bps,thin_gt_non_thin_permutation_p_reversion_15s,thin_mean_reversion_60s_bps,non_thin_mean_reversion_60s_bps,thin_minus_non_thin_reversion_60s_bps,thin_gt_non_thin_permutation_p_reversion_60s,thin_mean_reversion_300s_bps,non_thin_mean_reversion_300s_bps,thin_minus_non_thin_reversion_300s_bps,thin_gt_non_thin_permutation_p_reversion_300s
5m,300,btc-up-or-down-5m,btc-updown-5m,binanceus,BTCUSDT,10,10.0,margin_only,anchor_points,"240,180,120,60",30,,eligible_pressure_rows_only,thin_vs_non_thin,exploratory_unadjusted_multi_cell,none,47,1,control_median_quote_volume,0.5,0.0,0.02127659574468085,0.0,0.02127659574468085,0.9793510324483776,0.0,0.0,0.0,1.0,0.1276595744680851,0.0,0.1276595744680851,0.871706414679266,1.0375658916973804,0.2614706088428993,0.7760952828544811,0.39733013349332535,0.3312988893557433,0.0,0.3312988893557433,0.871706414679266,-0.5401260850234509,-2.5928385976267765,2.0527125126033257,0.26748662566871656,-0.31103344864988847,-8.700916239499888,8.389882790849999,0.09419529023548823,-2.747677021025421,-18.55167387749366,15.803996856468238,0.08909554522273887
5m,300,btc-up-or-down-5m,btc-updown-5m,binanceus,BTCUSDT,10,10.0,margin_only,mid_window,"200,150,100",30,,eligible_pressure_rows_only,thin_vs_non_thin,exploratory_unadjusted_multi_cell,none,35,2,control_median_quote_volume,0.5,0.0,0.02857142857142857,0.0,0.02857142857142857,0.9412529373531323,0.0,0.0,0.0,1.0,0.14285714285714285,0.0,0.14285714285714285,0.7460126993650318,0.9283660616811844,1.7552319098135518,-0.8268658481323674,0.7631118444077796,0.4014942217916173,0.0,0.4014942217916173,0.7460126993650318,-1.0832381381737308,-1.4093412245900794,0.32610308641634855,0.3821808909554522,-0.29308690306662094,-3.409311670650176,3.1162247675835553,0.2217389130543473,-1.6423902392602574,-7.461983636656521,5.819593397396264,0.2823358832058397
5m,300,btc-up-or-down-5m,btc-updown-5m,binanceus,BTCUSDT,10,10.0,margin_plus_prior_30s_momentum,anchor_points,"240,180,120,60",30,10.0,eligible_pressure_rows_only,thin_vs_non_thin,exploratory_unadjusted_multi_cell,none,42,1,control_median_quote_volume,0.5,0.0,0.023809523809523808,0.0,0.023809523809523808,0.9768511574421279,0.0,0.0,0.0,1.0,0.14285714285714285,0.0,0.14285714285714285,0.8604569771511424,1.1798841080687263,0.2614706088428993,0.918413499225827,0.34753262336883156,0.37073923332666514,0.0,0.37073923332666514,0.8604569771511424,-0.47080153284748777,-2.5928385976267765,2.1220370647792888,0.2815859207039648,-0.9090372537745373,-8.700916239499888,7.791878985725351,0.10144492775361232,-0.2807012166624518,-18.55167387749366,18.27097266083121,0.06984650767461627
5m,300,btc-up-or-down-5m,btc-updown-5m,binanceus,BTCUSDT,10,10.0,margin_plus_prior_30s_momentum,mid_window,"200,150,100",30,10.0,eligible_pressure_rows_only,thin_vs_non_thin,exploratory_unadjusted_multi_cell,none,32,2,control_median_quote_volume,0.5,0.0,0.03125,0.0,0.03125,0.9428528573571321,0.0,0.0,0.0,1.0,0.15625,0.0,0.15625,0.7266136693165341,0.9944127471507761,1.7552319098135518,-0.7608191626627757,0.7450127493625319,0.43913430508458146,0.0,0.43913430508458146,0.7266136693165341,-1.1564834072037313,-1.4093412245900794,0.25285781738634805,0.4071796410179491,-0.7813125104783555,-3.409311670650176,2.6279991601718207,0.2607369631518424,-0.6026420804464019,-7.461983636656521,6.859341556210119,0.2462876856157192
5m,300,btc-up-or-down-5m,btc-updown-5m,binanceus,BTCUSDT,10,20.0,margin_only,anchor_points,"240,180,120,60",30,,eligible_pressure_rows_only,thin_vs_non_thin,exploratory_unadjusted_multi_cell,none,101,11,control_median_quote_volume,0.5,0.0,0.04950495049504951,0.0,0.04950495049504951,0.5857207139643018,0.0,0.0,0.0,1.0,0.06930693069306931,0.09090909090909091,-0.0216021602160216,0.8230588470576471,0.5919190596170133,1.3919454858861873,-0.800026426269174,0.8487575621218939,0.16965208804349555,0.20041790018062125,-0.030765812137125703,0.6888155592220389,-0.687874645730512,-1.9543581576200615,1.2664835118895494,0.19524023798810058,-0.2988123871738359,-4.4227427385606495,4.1239303513868135,0.09474526273686315,-1.1876767078566954,6.105709399370545,-7.29338610722724,0.8441077946102695
5m,300,btc-up-or-down-5m,btc-updown-5m,binanceus,BTCUSDT,10,20.0,margin_only,mid_window,"200,150,100",30,,eligible_pressure_rows_only,thin_vs_non_thin,exploratory_unadjusted_multi_cell,none,88,8,control_median_quote_volume,0.5,0.0,0.056818181818181816,0.0,0.056818181818181816,0.6414179291035448,0.0,0.0,0.0,1.0,0.06818181818181818,0.25,-0.18181818181818182,0.9818009099545023,0.4526221969997301,2.1593629016785862,-1.706740704678856,0.9796510174491275,0.17694372499681746,0.47105124933249315,-0.29410752433567566,0.8636068196590171,-0.7327854767743586,-2.9454799924163955,2.212694515642037,0.1103444827758612,-0.10351089512645475,-6.440784481801474,6.337273586675019,0.06289685515724214,0.7814112287111529,-5.252750946124992,6.034162174836145,0.23443827808609569
5m,300,btc-up-or-down-5m,btc-updown-5m,binanceus,BTCUSDT,10,20.0,margin_only,nonoverlap,,30,,eligible_pressure_rows_only,thin_vs_non_thin,exploratory_unadjusted_multi_cell,none,113,1,control_median_quote_volume,0.5,0.0,0.035398230088495575,0.0,0.035398230088495575,0.9644017799110044,0.0,0.0,0.0,1.0,0.07964601769911504,0.0,0.07964601769911504,0.9223038848057598,0.6226224962023112,3.183034432183013,-2.560411935980702,0.887655617219139,0.21012313828919998,0.0,0.21012313828919998,0.9223038848057598,-0.9732562776679735,8.822667473804078,-9.795923751472051,0.9905504724763762,-1.0858543698293845,17.908990008867338,-18.994844378696722,0.9913504324783761,-0.6472359282052098,-36.78209166478226,36.134855736577045,0.04449777511124444
5m,300,btc-up-or-down-5m,btc-updown-5m,binanceus,BTCUSDT,10,20.0,margin_plus_prior_30s_momentum,anchor_points,"240,180,120,60",30,10.0,eligible_pressure_rows_only,thin_vs_non_thin,exploratory_unadjusted_multi_cell,none,94,5,control_median_quote_volume,0.5,0.0,0.05319148936170213,0.0,0.05319148936170213,0.7698615069246537,0.0,0.0,0.0,1.0,0.0851063829787234,0.0,0.0851063829787234,0.6475176241187941,0.9726722238702015,0.7861619239401593,0.1865102999300422,0.4579771011449428,0.20573891270616895,0.0,0.20573891270616895,0.6475176241187941,-0.6453980499498668,-1.5974574217154784,0.9520593717656116,0.28368581570921453,-0.7721672885182179,-7.8368745042244,7.064707215706182,0.07314634268286585,0.6208665083959107,-3.184954308521855,3.8058208169177656,0.3379331033448328
5m,300,btc-up-or-down-5m,btc-updown-5m,binanceus,BTCUSDT,10,20.0,margin_plus_prior_30s_momentum,mid_window,"200,150,100",30,10.0,eligible_pressure_rows_only,thin_vs_non_thin,exploratory_unadjusted_multi_cell,none,73,6,control_median_quote_volume,0.5,0.0,0.0547945205479452,0.0,0.0547945205479452,0.7292635368231588,0.0,0.0,0.0,1.0,0.0821917808219178,0.3333333333333333,-0.2511415525114155,0.9873506324683766,0.621612255996626,2.526440425539376,-1.9048281695427502,0.9782510874456277,0.21330202465369777,0.6280683324433242,-0.4147663077896264,0.887705614719264,-0.700076246629361,-5.078171025471467,4.378094778842106,0.01784910754462277,-0.4552230804228945,-5.720019759636868,5.2647966792139735,0.09669516524173791,0.27707296914910073,-5.128886241716494,5.405959210865595,0.25533723313834306
5m,300,btc-up-or-down-5m,btc-updown-5m,binanceus,BTCUSDT,10,5.0,margin_only,anchor_points,"240,180,120,60",30,,eligible_pressure_rows_only,thin_vs_non_thin,exploratory_unadjusted_multi_cell,none,17,1,control_median_quote_volume,0.5,0.0,0.0,0.0,0.0,1.0,0.0,0.0,0.0,1.0,0.23529411764705882,0.0,0.23529411764705882,0.7716614169291536,1.430462392460952,0.2614706088428993,1.1689917836180528,0.3882805859707015,0.3540634524198366,0.0,0.3540634524198366,0.7716614169291536,-0.9686263872483113,-2.5928385976267765,1.6242122103784653,0.3960801959902005,-2.127262954345713,-8.700916239499888,6.573653285154174,0.1088445577721114,-0.16264630491964183,-18.55167387749366,18.38902757257402,0.05539723013849308
5m,300,btc-up-or-down-5m,btc-updown-5m,binanceus,BTCUSDT,10,5.0,margin_only,mid_window,"200,150,100",30,,eligible_pressure_rows_only,thin_vs_non_thin,exploratory_unadjusted_multi_cell,none,10,2,control_median_quote_volume,0.5,0.0,0.0,0.0,0.0,1.0,0.0,0.0,0.0,1.0,0.0,0.0,0.0,1.0,0.34695325964482476,1.7552319098135518,-1.408278650168727,0.9152042397880106,0.0,0.0,0.0,1.0,-1.6996394286265926,-1.4093412245900794,-0.2902982040365132,0.47167641617919104,-2.2330813440737454,-3.409311670650176,1.1762303265764307,0.4279786010699465,-5.745665965751109,-7.461983636656521,1.7163176709054122,0.5322233888305584
5m,300,btc-up-or-down-5m,btc-updown-5m,binanceus,BTCUSDT,10,5.0,margin_plus_prior_30s_momentum,anchor_points,"240,180,120,60",30,10.0,eligible_pressure_rows_only,thin_vs_non_thin,exploratory_unadjusted_multi_cell,none,16,1,control_median_quote_volume,0.5,0.0,0.0,0.0,0.0,1.0,0.0,0.0,0.0,1.0,0.1875,0.0,0.1875,0.8201089945502725,1.3491520308036205,0.2614706088428993,1.0876814219607212,0.41057947102644865,0.2812705408827432,0.0,0.2812705408827432,0.8201089945502725,-1.4460533613756694,-2.5928385976267765,1.146785236251107,0.4150292485375731,-2.372281669087872,-8.700916239499888,6.3286345704120155,0.12104394780260987,-1.0510329791894024,-18.55167387749366,17.50064089830426,0.05964701764911754
5m,300,btc-up-or-down-5m,btc-updown-5m,binanceus,BTCUSDT,10,5.0,margin_plus_prior_30s_momentum,mid_window,"200,150,100",30,10.0,eligible_pressure_rows_only,thin_vs_non_thin,exploratory_unadjusted_multi_cell,none,10,2,control_median_quote_volume,0.5,0.0,0.0,0.0,0.0,1.0,0.0,0.0,0.0,1.0,0.0,0.0,0.0,1.0,0.34695325964482476,1.7552319098135518,-1.408278650168727,0.9152042397880106,0.0,0.0,0.0,1.0,-1.6996394286265926,-1.4093412245900794,-0.2902982040365132,0.47167641617919104,-2.2330813440737454,-3.409311670650176,1.1762303265764307,0.4279786010699465,-5.745665965751109,-7.461983636656521,1.7163176709054122,0.5322233888305584
5m,300,btc-up-or-down-5m,btc-updown-5m,binanceus,BTCUSDT,15,10.0,margin_only,anchor_points,"240,180,120,60",30,,eligible_pressure_rows_only,thin_vs_non_thin,exploratory_unadjusted_multi_cell,none,47,3,control_median_quote_volume,0.5,0.0,0.0425531914893617,0.0,0.0425531914893617,0.8852557372131393,0.0,0.0,0.0,1.0,0.2127659574468085,0.0,0.2127659574468085,0.4990750462476876,1.7300262974393945,0.2897825187230165,1.440243778716378,0.13949302534873256,0.544893990462419,0.0,0.544893990462419,0.4990750462476876,-0.5308729675364098,-4.364076119499024,3.833203151962614,0.016899155042247888,-0.3843946107633892,-6.362218033380498,5.977823422617108,0.025148742562871855,-0.23788668951879915,-38.67963741339975,38.44175072388095,0.004849757512124394
5m,300,btc-up-or-down-5m,btc-updown-5m,binanceus,BTCUSDT,15,10.0,margin_only,mid_window,"200,150,100",30,,eligible_pressure_rows_only,thin_vs_non_thin,exploratory_unadjusted_multi_cell,none,34,3,control_median_quote_volume,0.5,0.0,0.029411764705882353,0.0,0.029411764705882353,0.9203539823008849,0.0,0.0,0.0,1.0,0.17647058823529413,0.0,0.17647058823529413,0.576471176441178,1.0154662399208103,1.2493704135479156,-0.23390417362710525,0.5586720663966802,0.4608548913420756,0.0,0.4608548913420756,0.576471176441178,-1.2155996347376656,0.6611119945861318,-1.8767116293237973,0.9020048997550123,-0.5248417063863758,-3.676022596728671,3.151180890342295,0.16459177041147943,0.4031622454656077,-7.461983636656521,7.865145882122129,0.21948902554872257
5m,300,btc-up-or-down-5m,btc-updown-5m,binanceus,BTCUSDT,15,10.0,margin_plus_prior_30s_momentum,anchor_points,"240,180,120,60",30,10.0,eligible_pressure_rows_only,thin_vs_non_thin,exploratory_unadjusted_multi_cell,none,45,2,control_median_quote_volume,0.5,0.0,0.044444444444444446,0.0,0.044444444444444446,0.9147042647867607,0.0,0.0,0.0,1.0,0.2,0.0,0.2,0.6536673166341683,1.6981692911195532,1.282078590580842,0.4160907005387111,0.4772761361931903,0.5599054933157359,0.0,0.5599054933157359,0.6536673166341683,-0.5523902173965466,-3.9678871346662303,3.415496917269684,0.05969701514924254,-0.3607628540501241,-9.579629603162555,9.218866749112431,0.004499775011249437,-0.11895004486833578,-18.176033607609206,18.05708356274087,0.06219689015549223
5m,300,btc-up-or-down-5m,btc-updown-5m,binanceus,BTCUSDT,15,10.0,margin_plus_prior_30s_momentum,mid_window,"200,150,100",30,10.0,eligible_pressure_rows_only,thin_vs_non_thin,exploratory_unadjusted_multi_cell,none,31,3,control_median_quote_volume,0.5,0.0,0.03225806451612903,0.0,0.03225806451612903,0.9133043347832608,0.0,0.0,0.0,1.0,0.16129032258064516,0.0,0.16129032258064516,0.6040697965101745,1.1265138208002077,1.2493704135479156,-0.12285659274770788,0.5544722763861807,0.492090192035645,0.0,0.492090192035645,0.6040697965101745,-1.3284738131752079,0.6611119945861318,-1.9895858077613395,0.9111044447777611,-0.7742345927701654,-3.676022596728671,2.901788003958506,0.1751912404379781,1.0638634477345643,-7.461983636656521,8.525847084391085,0.21293935303234837
5m,300,btc-up-or-down-5m,btc-updown-5m,binanceus,BTCUSDT,15,20.0,margin_only,anchor_points,"240,180,120,60",30,,eligible_pressure_rows_only,thin_vs_non_thin,exploratory_unadjusted_multi_cell,none,89,20,control_median_quote_volume,0.5,0.0,0.10112359550561797,0.05,0.05112359550561797,0.4175791210439478,0.0,0.0,0.0,1.0,0.14606741573033707,0.1,0.04606741573033707,0.4527773611319434,0.9109073114455919,1.3868341758128782,-0.47592686436728626,0.7130643467826608,0.41073615549975834,0.46399522537112725,-0.053259069871368914,0.6011699415029248,-0.7358552904084343,-1.735754658146908,0.9998993677384738,0.19074046297685116,-0.8538183986476171,-2.0145463995421626,1.1607280008945455,0.30173491325433727,-1.582638811201931,-2.918848573644571,1.3362097624426401,0.4128793560321984
5m,300,btc-up-or-down-5m,btc-updown-5m,binanceus,BTCUSDT,15,20.0,margin_only,mid_window,"200,150,100",30,,eligible_pressure_rows_only,thin_vs_non_thin,exploratory_unadjusted_multi_cell,none,82,14,control_median_quote_volume,0.5,0.0,0.10975609756097561,0.0,0.10975609756097561,0.22433878306084695,0.012195121951219513,0.0,0.012195121951219513,0.8532073396330183,0.13414634146341464,0.21428571428571427,-0.08013937282229963,0.879906004699765,0.9883838810982063,1.7964726923383423,-0.808088811240136,0.8210589470526474,0.370520579086943,0.3914143582077229,-0.020893779120779887,0.5498725063746812,-0.62261419851632,-1.8699147688682067,1.2473005703518867,0.17784110794460278,-0.3827966911256055,-4.086542808490126,3.7037461173645205,0.11819409029548522,1.5373124915717677,-14.759984544158497,16.297297035730264,0.00814959252037398
5m,300,btc-up-or-down-5m,btc-updown-5m,binanceus,BTCUSDT,15,20.0,margin_only,nonoverlap,,30,,eligible_pressure_rows_only,thin_vs_non_thin,exploratory_unadjusted_multi_cell,none,76,1,control_median_quote_volume,0.5,0.0,0.039473684210526314,0.0,0.039473684210526314,0.9589520523973801,0.0,0.0,0.0,1.0,0.14473684210526316,0.0,0.14473684210526316,0.8537573121343933,0.8771483090841925,2.9189474585575925,-2.0417991494734,0.7645117744112795,0.3512761030452649,0.0,0.3512761030452649,0.8537573121343933,-0.8038563548930415,-5.59227223685843,4.788415881965388,0.09034548272586371,-0.21014405536433275,3.516909858901488,-3.727053914265821,0.679666016699165,-0.4877465680033953,16.77692068584221,-17.264667253845605,0.8678066096695165
5m,300,btc-up-or-down-5m,btc-updown-5m,binanceus,BTCUSDT,15,20.0,margin_plus_prior_30s_momentum,anchor_points,"240,180,120,60",30,10.0,eligible_pressure_rows_only,thin_vs_non_thin,exploratory_unadjusted_multi_cell,none,84,12,control_median_quote_volume,0.5,0.0,0.10714285714285714,0.08333333333333333,0.023809523809523808,0.6376681165941703,0.0,0.0,0.0,1.0,0.13095238095238096,0.0,0.13095238095238096,0.21168941552922355,0.7548153106156713,1.2951016504335942,-0.5402863398179228,0.7176141192940353,0.3447725161657428,0.0,0.3447725161657428,0.21168941552922355,-0.865305843361373,-0.19394099861565253,-0.6713648447457204,0.6832158392080396,-0.9193079144365468,-1.6440562235619114,0.7247483091253646,0.376281185940703,-0.3226317608078593,-5.377411169146166,5.054779408338306,0.20583970801459928
5m,300,btc-up-or-down-5m,btc-updown-5m,binanceus,BTCUSDT,15,20.0,margin_plus_prior_30s_momentum,mid_window,"200,150,100",30,10.0,eligible_pressure_rows_only,thin_vs_non_thin,exploratory_unadjusted_multi_cell,none,64,11,control_median_quote_volume,0.5,0.0,0.09375,0.0,0.09375,0.3718314084295785,0.015625,0.0,0.015625,0.8550572471376431,0.125,0.18181818181818182,-0.05681818181818182,0.848407579621019,1.0666936622233687,1.9177937066928428,-0.8511000444694741,0.8065096745162742,0.4310567583770159,0.4530198687267268,-0.02196311034971088,0.5459727013649317,-0.817685131415308,-2.4136109236290655,1.5959257922137575,0.13399330033498325,-0.8519623298247062,-3.8914599086829176,3.0394975788582115,0.1934403279836008,0.45491422880954596,-6.324779973212698,6.779694202022244,0.17414129293535324
5m,300,btc-up-or-down-5m,btc-updown-5m,binanceus,BTCUSDT,15,5.0,margin_only,anchor_points,"240,180,120,60",30,,eligible_pressure_rows_only,thin_vs_non_thin,exploratory_unadjusted_multi_cell,none,19,1,control_median_quote_volume,0.5,0.0,0.0,0.0,0.0,1.0,0.0,0.0,0.0,1.0,0.2631578947368421,0.0,0.2631578947368421,0.7515124243787811,1.6932533061987254,0.3093206383396557,1.3839326678590698,0.2982850857457127,0.5638186371276079,0.0,0.5638186371276079,0.7515124243787811,-0.8213438357269919,-2.5928385976267765,1.7714947618997847,0.2991850407479626,-1.2523758784438528,-8.700916239499888,7.448540361056035,0.09804509774511275,-0.2915028477349096,-18.55167387749366,18.260171029758748,0.04969751512424379
5m,300,btc-up-or-down-5m,btc-updown-5m,binanceus,BTCUSDT,15,5.0,margin_only,mid_window,"200,150,100",30,,eligible_pressure_rows_only,thin_vs_non_thin,exploratory_unadjusted_multi_cell,none,10,2,control_median_quote_volume,0.5,0.0,0.0,0.0,0.0,1.0,0.0,0.0,0.0,1.0,0.1,0.0,0.1,0.8304584770761462,0.4963438452620973,1.749486562180412,-1.253142716918315,0.7876106194690266,0.3307840184641217,0.0,0.3307840184641217,0.8304584770761462,-1.4167086271222615,-1.4093412245900794,-0.007367402532182155,0.408179591020449,-1.8422301879499496,-3.409311670650176,1.5670814827002264,0.37648117594120295,-2.069376922546317,-7.461983636656521,5.3926067141102045,0.3894805259737013
5m,300,btc-up-or-down-5m,btc-updown-5m,binanceus,BTCUSDT,15,5.0,margin_plus_prior_30s_momentum,anchor_points,"240,180,120,60",30,10.0,eligible_pressure_rows_only,thin_vs_non_thin,exploratory_unadjusted_multi_cell,none,18,1,control_median_quote_volume,0.5,0.0,0.0,0.0,0.0,1.0,0.0,0.0,0.0,1.0,0.2222222222222222,0.0,0.2222222222222222,0.7912604369781511,1.6141296700724321,0.3093206383396557,1.3048090317327765,0.3215339233038348,0.4893196383842722,0.0,0.4893196383842722,0.7912604369781511,-1.237541004311237,-2.5928385976267765,1.3552975933155396,0.31253437328133593,-1.4215654539978906,-8.700916239499888,7.279350785501997,0.10329483525823709,-1.0883385883533228,-18.55167387749366,17.463335289140336,0.05339733013349333
5m,300,btc-up-or-down-5m,btc-updown-5m,binanceus,BTCUSDT,15,5.0,margin_plus_prior_30s_momentum,mid_window,"200,150,100",30,10.0,eligible_pressure_rows_only,thin_vs_non_thin,exploratory_unadjusted_multi_cell,none,10,2,control_median_quote_volume,0.5,0.0,0.0,0.0,0.0,1.0,0.0,0.0,0.0,1.0,0.1,0.0,0.1,0.8304584770761462,0.4963438452620973,1.749486562180412,-1.253142716918315,0.7876106194690266,0.3307840184641217,0.0,0.3307840184641217,0.8304584770761462,-1.4167086271222615,-1.4093412245900794,-0.007367402532182155,0.408179591020449,-1.8422301879499496,-3.409311670650176,1.5670814827002264,0.37648117594120295,-2.069376922546317,-7.461983636656521,5.3926067141102045,0.3894805259737013
5m,300,btc-up-or-down-5m,btc-updown-5m,binanceus,BTCUSDT,30,10.0,margin_only,anchor_points,"240,180,120,60",30,,eligible_pressure_rows_only,thin_vs_non_thin,exploratory_unadjusted_multi_cell,none,36,17,control_median_quote_volume,0.5,0.0,0.08333333333333333,0.058823529411764705,0.024509803921568624,0.6137193140342982,0.0,0.0,0.0,1.0,0.19444444444444445,0.17647058823529413,0.01797385620915032,0.6005699715014249,1.6681451213168037,2.712578301002389,-1.0444331796855852,0.8468076596170192,0.7987795529405973,0.43650852563693776,0.36227102730365957,0.27333633318334083,-0.6213492168488165,-2.144485631359731,1.5231364145109145,0.1136443177841108,0.6075337500167828,-3.5851179325924045,4.1926516826091875,0.03729813509324534,-0.1299580476658642,-11.225094854222071,11.095136806556207,0.031948402579871006
5m,300,btc-up-or-down-5m,btc-updown-5m,binanceus,BTCUSDT,30,10.0,margin_only,mid_window,"200,150,100",30,,eligible_pressure_rows_only,thin_vs_non_thin,exploratory_unadjusted_multi_cell,none,27,15,control_median_quote_volume,0.5,0.0,0.07407407407407407,0.06666666666666667,0.007407407407407404,0.7134143292835359,0.037037037037037035,0.0,0.037037037037037035,0.6456677166141693,0.2222222222222222,0.2,0.0222222222222222,0.6004199790010499,2.2860358161551377,1.5496049674679218,0.736430848687216,0.2537873106344683,0.9155930527616215,0.3891498360893592,0.5264432166722623,0.17309134543272836,-0.7201418504974535,-3.139191841094616,2.4190499905971627,0.035948202589870505,-0.009018786768105415,-3.6676085244715284,3.658589737703423,0.07714614269286536,-3.254941376550806,-3.10574695603907,-0.14919442051173615,0.48762561871906407
5m,300,btc-up-or-down-5m,btc-updown-5m,binanceus,BTCUSDT,30,10.0,margin_only,nonoverlap,,30,,eligible_pressure_rows_only,thin_vs_non_thin,exploratory_unadjusted_multi_cell,none,23,6,control_median_quote_volume,0.5,0.0,0.0,0.0,0.0,1.0,0.0,0.0,0.0,1.0,0.30434782608695654,0.0,0.30434782608695654,0.1551922403879806,2.9674602932710803,1.9890695464371246,0.9783907468339557,0.26028698565071745,1.0396873501047315,0.0,1.0396873501047315,0.1551922403879806,-1.335018332149494,-0.7539128881080517,-0.5811054440414423,0.6748162591870407,-1.271031092913794,0.728287849292009,-1.9993189422058029,0.7513124343782811,-4.189947837270441,-8.152898661673385,3.9629508244029443,0.29383530823458825
5m,300,btc-up-or-down-5m,btc-updown-5m,binanceus,BTCUSDT,30,10.0,margin_plus_prior_30s_momentum,anchor_points,"240,180,120,60",30,10.0,eligible_pressure_rows_only,thin_vs_non_thin,exploratory_unadjusted_multi_cell,none,34,16,control_median_quote_volume,0.5,0.0,0.058823529411764705,0.0625,-0.003676470588235295,0.7558122093895305,0.0,0.0,0.0,1.0,0.17647058823529413,0.1875,-0.011029411764705871,0.6991150442477876,1.4584123658906,2.779276319485114,-1.3208639535945141,0.8917554122293885,0.6832011849814519,0.46379030848924635,0.21941087649220553,0.3733813309334533,-0.5896147972871498,-2.1948283436937484,1.6052135464065986,0.1207939603019849,0.6491034930920465,-4.168223613969527,4.8173271070615735,0.024698765061746914,-0.7515379800895708,-13.131267573538194,12.379729593448623,0.02279886005699715
5m,300,btc-up-or-down-5m,btc-updown-5m,binanceus,BTCUSDT,30,10.0,margin_plus_prior_30s_momentum,mid_window,"200,150,100",30,10.0,eligible_pressure_rows_only,thin_vs_non_thin,exploratory_unadjusted_multi_cell,none,24,13,control_median_quote_volume,0.5,0.0,0.0,0.0,0.0,1.0,0.0,0.0,0.0,1.0,0.20833333333333334,0.23076923076923078,-0.02243589743589744,0.7292135393230339,2.0475157085493745,2.1232557077212735,-0.075739999171899,0.5353732313384331,0.7997412003363186,0.4490190416415683,0.35072215869475026,0.28003599820009,-0.8715941239000267,-3.2069778664177724,2.3353837425177457,0.06499675016249187,-0.3550963953286658,-4.036443250959229,3.681346855630563,0.08584570771461426,-4.000610154359035,-1.1618161206098447,-2.83879403374919,0.6382680865956702
5m,300,btc-up-or-down-5m,btc-updown-5m,binanceus,BTCUSDT,30,10.0,margin_plus_prior_30s_momentum,nonoverlap,,30,10.0,eligible_pressure_rows_only,thin_vs_non_thin,exploratory_unadjusted_multi_cell,none,23,5,control_median_quote_volume,0.5,0.0,0.0,0.0,0.0,1.0,0.0,0.0,0.0,1.0,0.30434782608695654,0.0,0.30434782608695654,0.21143942802859858,2.9674602932710803,2.248891162109202,0.7185691311618783,0.3349832508374581,1.0396873501047315,0.0,1.0396873501047315,0.21143942802859858,-1.335018332149494,-0.4784612250446859,-0.856557107104808,0.7310134493275336,-1.271031092913794,2.188364630602785,-3.459395723516579,0.8537573121343933,-4.189947837270441,-7.862790942701075,3.6728431054306343,0.2984850757462127
5m,300,btc-up-or-down-5m,btc-updown-5m,binanceus,BTCUSDT,30,20.0,margin_only,anchor_points,"240,180,120,60",30,,eligible_pressure_rows_only,thin_vs_non_thin,exploratory_unadjusted_multi_cell,none,64,49,control_median_quote_volume,0.5,0.0,0.109375,0.08163265306122448,0.027742346938775517,0.4345282735863207,0.0,0.0,0.0,1.0,0.125,0.08163265306122448,0.04336734693877552,0.33408329583520824,1.1315434902651729,1.8408763401722061,-0.7093328499070333,0.7855107244637768,0.7265768403375894,0.17093942937884113,0.5556374109587483,0.06614669266536673,-0.6219754497286204,-0.397372831345947,-0.22460261838267342,0.6038198090095496,0.21375763391488717,-0.6503721691912534,0.8641298031061406,0.31093445327733615,-0.14806217443560063,-0.5996590033782562,0.4515968289426555,0.46512674366281687
5m,300,btc-up-or-down-5m,btc-updown-5m,binanceus,BTCUSDT,30,20.0,margin_only,mid_window,"200,150,100",30,,eligible_pressure_rows_only,thin_vs_non_thin,exploratory_unadjusted_multi_cell,none,57,47,control_median_quote_volume,0.5,0.0,0.14035087719298245,0.0425531914893617,0.09779768570362074,0.08939553022348883,0.017543859649122806,0.0,0.017543859649122806,0.5480225988700564,0.10526315789473684,0.10638297872340426,-0.00111982082866742,0.631818409079546,1.3820814931708365,1.4186302593940636,-0.036548766223227114,0.5212239388030598,0.4337019723607681,0.26406560682682845,0.16963636553393963,0.2529373531323434,-0.31956063230338705,-1.1303448737609403,0.8107842414575532,0.15309234538273087,0.4349975353335439,-1.7778407855593767,2.2128383208929208,0.1000449977501125,-0.5849898610975893,-0.7161383743841284,0.1311485132865391,0.4843257837108145
5m,300,btc-up-or-down-5m,btc-updown-5m,binanceus,BTCUSDT,30,20.0,margin_only,nonoverlap,,30,,eligible_pressure_rows_only,thin_vs_non_thin,exploratory_unadjusted_multi_cell,none,63,26,control_median_quote_volume,0.5,0.0,0.06349206349206349,0.0,0.06349206349206349,0.24588770561471926,0.0,0.0,0.0,1.0,0.14285714285714285,0.07692307692307693,0.06593406593406592,0.3167341632918354,0.9413537420915878,2.528704969822452,-1.5873512277308641,0.9652017399130044,0.4824669805180355,0.2591029297226339,0.22336405079540161,0.26933653317334133,-0.7680002942696299,-1.291534599112025,0.5235343048423952,0.27173641317934105,-0.3633910408564959,-0.6170473130131977,0.25365627215670183,0.44272786360681965,-2.508677420495168,0.8276891401570636,-3.3363665606522317,0.7788110594470277
5m,300,btc-up-or-down-5m,btc-updown-5m,binanceus,BTCUSDT,30,20.0,margin_plus_prior_30s_momentum,anchor_points,"240,180,120,60",30,10.0,eligible_pressure_rows_only,thin_vs_non_thin,exploratory_unadjusted_multi_cell,none,57,39,control_median_quote_volume,0.5,0.0,0.08771929824561403,0.07692307692307693,0.010796221322537103,0.5793710314484276,0.0,0.0,0.0,1.0,0.10526315789473684,0.07692307692307693,0.02834008097165991,0.46192690365481726,1.0756166863741248,1.5421475554461213,-0.4665308690719965,0.7288135593220338,0.4075235138485854,0.19027294707251133,0.21725056677607404,0.2127893605319734,-0.33936384688632537,-0.8317554501281054,0.49239160324178,0.3031848407579621,1.1715954793581984,-2.007923788591218,3.1795192679494164,0.04149792510374481,0.9585747402886311,-3.075619250472554,4.034193990761185,0.1471426428678566
5m,300,btc-up-or-down-5m,btc-updown-5m,binanceus,BTCUSDT,30,20.0,margin_plus_prior_30s_momentum,mid_window,"200,150,100",30,10.0,eligible_pressure_rows_only,thin_vs_non_thin,exploratory_unadjusted_multi_cell,none,46,36,control_median_quote_volume,0.5,0.0,0.08695652173913043,0.027777777777777776,0.059178743961352656,0.2647367631618419,0.0,0.0,0.0,1.0,0.10869565217391304,0.1111111111111111,-0.0024154589371980645,0.6513674316284186,1.2587779194219768,1.645817569647548,-0.3870396502255713,0.6688665566721664,0.4172562784363401,0.3182137893646017,0.0990424890717384,0.3649817509124544,-0.496933927640918,-1.2760422492677346,0.7791083216268166,0.1934403279836008,0.3190807904975857,-1.2838390412288974,1.602919831726483,0.19294035298235088,-1.983555580633257,0.23663490176556812,-2.220190482398825,0.6627168641567922
5m,300,btc-up-or-down-5m,btc-updown-5m,binanceus,BTCUSDT,30,20.0,margin_plus_prior_30s_momentum,nonoverlap,,30,10.0,eligible_pressure_rows_only,thin_vs_non_thin,exploratory_unadjusted_multi_cell,none,52,13,control_median_quote_volume,0.5,0.0,0.038461538461538464,0.0,0.038461538461538464,0.63956802159892,0.0,0.0,0.0,1.0,0.1346153846153846,0.15384615384615385,-0.019230769230769246,0.7498625068746563,1.0848156988088096,3.198066367095955,-2.1132506682871455,0.9777511124443777,0.4598617125463236,0.5182058594452678,-0.05834414689894418,0.6307184640767962,-0.8240463037653339,-1.1159790957280333,0.2919327919626994,0.37168141592920356,-0.6021426207411783,0.7025738776705583,-1.3047164984117368,0.6850157492125394,-2.760986852375684,-0.6706121250280113,-2.090374727347673,0.6135693215339233
5m,300,btc-up-or-down-5m,btc-updown-5m,binanceus,BTCUSDT,30,5.0,margin_only,anchor_points,"240,180,120,60",30,,eligible_pressure_rows_only,thin_vs_non_thin,exploratory_unadjusted_multi_cell,none,15,5,control_median_quote_volume,0.5,0.0,0.0,0.0,0.0,1.0,0.0,0.0,0.0,1.0,0.2,0.2,0.0,0.7524623768811559,1.6066776410531216,2.9230826771799268,-1.3164050361268052,0.7892605369731513,0.49513359131035156,0.13045102903418063,0.3646825622761709,0.3947802609869506,-0.6599767153844684,-2.1387547151820394,1.478777999797571,0.17799110044497776,-2.0081467383630978,-1.6486635862201875,-0.35948315214291027,0.5578221088945553,1.332388086404061,-14.27640015682265,15.60878824322671,0.000999950002499875
5m,300,btc-up-or-down-5m,btc-updown-5m,binanceus,BTCUSDT,30,5.0,margin_only,mid_window,"200,150,100",30,,eligible_pressure_rows_only,thin_vs_non_thin,exploratory_unadjusted_multi_cell,none,8,4,control_median_quote_volume,0.5,0.0,0.0,0.0,0.0,1.0,0.0,0.0,0.0,1.0,0.125,0.0,0.125,0.6726163691815409,2.148672525680812,-0.659327525706356,2.808000051387168,0.0279986000699965,0.2867796313924307,0.0,0.2867796313924307,0.6726163691815409,-0.8429165244058989,-3.2310464966553694,2.3881299722494704,0.12124393780310984,-0.9580905816050604,-5.128541560949306,4.1704509793442455,0.11669416529173542,-4.845062024565806,-1.317210308867125,-3.527851715698681,0.7013649317534123
5m,300,btc-up-or-down-5m,btc-updown-5m,binanceus,BTCUSDT,30,5.0,margin_only,nonoverlap,,30,,eligible_pressure_rows_only,thin_vs_non_thin,exploratory_unadjusted_multi_cell,none,7,1,control_median_quote_volume,0.5,0.0,0.0,0.0,0.0,1.0,0.0,0.0,0.0,1.0,0.0,0.0,0.0,1.0,0.5840257399316193,-2.204836349266582,2.7888620891982017,0.24983750812459377,0.0,0.0,0.0,1.0,-1.5458025315231638,-3.029104965535256,1.4833024340120922,0.24898755062246888,-3.049556699582946,-2.7375255797360913,-0.31203111984685483,0.6230188490575471,-5.604040049143502,-4.122980736805741,-1.4810593123377611,0.7451627418629069
5m,300,btc-up-or-down-5m,btc-updown-5m,binanceus,BTCUSDT,30,5.0,margin_plus_prior_30s_momentum,anchor_points,"240,180,120,60",30,10.0,eligible_pressure_rows_only,thin_vs_non_thin,exploratory_unadjusted_multi_cell,none,15,5,control_median_quote_volume,0.5,0.0,0.0,0.0,0.0,1.0,0.0,0.0,0.0,1.0,0.2,0.2,0.0,0.7524623768811559,1.6066776410531216,2.9230826771799268,-1.3164050361268052,0.7892605369731513,0.49513359131035156,0.13045102903418063,0.3646825622761709,0.3947802609869506,-0.6599767153844684,-2.1387547151820394,1.478777999797571,0.17799110044497776,-2.0081467383630978,-1.6486635862201875,-0.35948315214291027,0.5578221088945553,1.332388086404061,-14.27640015682265,15.60878824322671,0.000999950002499875
5m,300,btc-up-or-down-5m,btc-updown-5m,binanceus,BTCUSDT,30,5.0,margin_plus_prior_30s_momentum,mid_window,"200,150,100",30,10.0,eligible_pressure_rows_only,thin_vs_non_thin,exploratory_unadjusted_multi_cell,none,8,4,control_median_quote_volume,0.5,0.0,0.0,0.0,0.0,1.0,0.0,0.0,0.0,1.0,0.125,0.0,0.125,0.6726163691815409,2.148672525680812,-0.659327525706356,2.808000051387168,0.0279986000699965,0.2867796313924307,0.0,0.2867796313924307,0.6726163691815409,-0.8429165244058989,-3.2310464966553694,2.3881299722494704,0.12124393780310984,-0.9580905816050604,-5.128541560949306,4.1704509793442455,0.11669416529173542,-4.845062024565806,-1.317210308867125,-3.527851715698681,0.7013649317534123
5m,300,btc-up-or-down-5m,btc-updown-5m,binanceus,BTCUSDT,30,5.0,margin_plus_prior_30s_momentum,nonoverlap,,30,10.0,eligible_pressure_rows_only,thin_vs_non_thin,exploratory_unadjusted_multi_cell,none,7,1,control_median_quote_volume,0.5,0.0,0.0,0.0,0.0,1.0,0.0,0.0,0.0,1.0,0.0,0.0,0.0,1.0,0.5840257399316193,-2.204836349266582,2.7888620891982017,0.24983750812459377,0.0,0.0,0.0,1.0,-1.5458025315231638,-3.029104965535256,1.4833024340120922,0.24898755062246888,-3.049556699582946,-2.7375255797360913,-0.31203111984685483,0.6230188490575471,-5.604040049143502,-4.122980736805741,-1.4810593123377611,0.7451627418629069
5m,300,btc-up-or-down-5m,btc-updown-5m,binanceus,BTCUSDT,5,10.0,margin_only,mid_window,"200,150,100",30,,eligible_pressure_rows_only,thin_vs_non_thin,exploratory_unadjusted_multi_cell,none,36,2,control_median_quote_volume,0.5,0.0,0.027777777777777776,0.0,0.027777777777777776,0.9469026548672567,0.027777777777777776,0.0,0.027777777777777776,0.9469026548672567,0.1388888888888889,0.0,0.1388888888888889,0.751812409379531,0.41621317303007355,0.1080204063217968,0.3081927667082768,0.431978401079946,0.09476334521451846,0.0,0.09476334521451846,0.751812409379531,-0.7187764983926902,-1.4093412245900794,0.6905647261973892,0.3446327683615819,-0.7919790406652686,-3.409311670650176,2.6173326299849076,0.26208689565521726,-2.3959101295600167,-7.461983636656521,5.066073507096505,0.3080345982700865
5m,300,btc-up-or-down-5m,btc-updown-5m,binanceus,BTCUSDT,5,10.0,margin_plus_prior_30s_momentum,mid_window,"200,150,100",30,10.0,eligible_pressure_rows_only,thin_vs_non_thin,exploratory_unadjusted_multi_cell,none,34,2,control_median_quote_volume,0.5,0.0,0.0,0.0,0.0,1.0,0.0,0.0,0.0,1.0,0.11764705882352941,0.0,0.11764705882352941,0.7858107094645268,0.2552182749256576,0.1080204063217968,0.14719786860386078,0.4795260236988151,0.021654077392753324,0.0,0.021654077392753324,0.7858107094645268,-0.7182408268479776,-1.4093412245900794,0.6911003977421017,0.336283185840708,-0.246375509038664,-3.409311670650176,3.162936161611512,0.20193990300484976,-2.3374992827656818,-7.461983636656521,5.124484353890839,0.31388430578471077
5m,300,btc-up-or-down-5m,btc-updown-5m,binanceus,BTCUSDT,5,20.0,margin_only,anchor_points,"240,180,120,60",30,,eligible_pressure_rows_only,thin_vs_non_thin,exploratory_unadjusted_multi_cell,none,111,3,control_median_quote_volume,0.5,0.0,0.05405405405405406,0.0,0.05405405405405406,0.8459577021148943,0.009009009009009009,0.0,0.009009009009009009,0.9740012999350033,0.04504504504504504,0.3333333333333333,-0.2882882882882883,0.9932503374831259,0.1331637499086256,1.3012858161622018,-1.1681220662535763,0.8894555272236389,0.03073405790741139,0.501310881738142,-0.4705768238307306,0.9721513924303785,-0.3860731946219202,-9.268180000866096,8.882106806244176,0.0050997450127493625,-0.03481470089942035,-10.910691456717243,10.875876755817822,0.04844757762111895,-0.4552677042636098,13.765296502266091,-14.220564206529701,0.872106394680266
5m,300,btc-up-or-down-5m,btc-updown-5m,binanceus,BTCUSDT,5,20.0,margin_only,mid_window,"200,150,100",30,,eligible_pressure_rows_only,thin_vs_non_thin,exploratory_unadjusted_multi_cell,none,99,3,control_median_quote_volume,0.5,0.0,0.09090909090909091,0.0,0.09090909090909091,0.7618119094045298,0.020202020202020204,0.0,0.020202020202020204,0.9412529373531323,0.06060606060606061,0.0,0.06060606060606061,0.8298085095745212,0.176355030081069,-0.39549359304125,0.571848623122319,0.21008949552522374,0.04965063710037465,0.0,0.04965063710037465,0.8298085095745212,-0.8082649943882462,-4.457868102592832,3.649603108204586,0.10229488525573721,-0.1462057320406454,-8.82234658278754,8.676140850746895,0.08259587020648967,1.1672948430153656,-30.78091040231416,31.948205245329525,0.020198990050497474
5m,300,btc-up-or-down-5m,btc-updown-5m,binanceus,BTCUSDT,5,20.0,margin_plus_prior_30s_momentum,anchor_points,"240,180,120,60",30,10.0,eligible_pressure_rows_only,thin_vs_non_thin,exploratory_unadjusted_multi_cell,none,98,1,control_median_quote_volume,0.5,0.0,0.061224489795918366,0.0,0.061224489795918366,0.9372531373431329,0.01020408163265306,0.0,0.01020408163265306,0.9908504574771262,0.061224489795918366,0.0,0.061224489795918366,0.9418529073546322,0.3586339751008535,1.3184340813788535,-0.959800106278,0.8582570871456427,0.050157276254460106,0.0,0.050157276254460106,0.9418529073546322,-0.7105918663466001,-1.321176378180537,0.6105845118339369,0.34278286085695714,-0.640838978296789,-5.374334777392446,4.733495799095657,0.23623818809059546,-1.1385044370170139,13.832388986107869,-14.970893423124883,0.7979101044947753
5m,300,btc-up-or-down-5m,btc-updown-5m,binanceus,BTCUSDT,5,20.0,margin_plus_prior_30s_momentum,mid_window,"200,150,100",30,10.0,eligible_pressure_rows_only,thin_vs_non_thin,exploratory_unadjusted_multi_cell,none,82,2,control_median_quote_volume,0.5,0.0,0.07317073170731707,0.0,0.07317073170731707,0.8617569121543923,0.012195121951219513,0.0,0.012195121951219513,0.9763011849407529,0.06097560975609756,0.0,0.06097560975609756,0.8822058897055147,0.36435110723599873,0.1080204063217968,0.25633070091420196,0.4831758412079396,0.027319161909366327,0.0,0.027319161909366327,0.8822058897055147,-0.5310532433163153,-1.4093412245900794,0.8782879812737641,0.3103844807759612,-0.39166150951681955,-3.409311670650176,3.0176501611333566,0.24013799310034498,0.37963252595150954,-7.461983636656521,7.841616162608031,0.24523773811309435
5m,300,btc-up-or-down-5m,btc-updown-5m,binanceus,BTCUSDT,5,5.0,margin_only,mid_window,"200,150,100",30,,eligible_pressure_rows_only,thin_vs_non_thin,exploratory_unadjusted_multi_cell,none,12,2,control_median_quote_volume,0.5,0.0,0.0,0.0,0.0,1.0,0.0,0.0,0.0,1.0,0.16666666666666666,0.0,0.16666666666666666,0.7232638368081596,0.30060276712300404,0.1080204063217968,0.19258236080120725,0.3816809159542023,0.006155869362983194,0.0,0.006155869362983194,0.7232638368081596,-1.5000213189389864,-1.4093412245900794,-0.090680094348907,0.43387830608469574,-2.0453721324899026,-3.409311670650176,1.3639395381602735,0.39448027598620067,-4.117162316664103,-7.461983636656521,3.344821319992418,0.4749262536873156
5m,300,btc-up-or-down-5m,btc-updown-5m,binanceus,BTCUSDT,5,5.0,margin_plus_prior_30s_momentum,mid_window,"200,150,100",30,10.0,eligible_pressure_rows_only,thin_vs_non_thin,exploratory_unadjusted_multi_cell,none,12,2,control_median_quote_volume,0.5,0.0,0.0,0.0,0.0,1.0,0.0,0.0,0.0,1.0,0.16666666666666666,0.0,0.16666666666666666,0.7232638368081596,0.30060276712300404,0.1080204063217968,0.19258236080120725,0.3816809159542023,0.006155869362983194,0.0,0.006155869362983194,0.7232638368081596,-1.5000213189389864,-1.4093412245900794,-0.090680094348907,0.43387830608469574,-2.0453721324899026,-3.409311670650176,1.3639395381602735,0.39448027598620067,-4.117162316664103,-7.461983636656521,3.344821319992418,0.4749262536873156
5m,300,btc-up-or-down-5m,btc-updown-5m,kraken,XBTUSD,10,10.0,margin_only,anchor_points,"240,180,120,60",30,,eligible_pressure_rows_only,thin_vs_non_thin,exploratory_unadjusted_multi_cell,none,24,24,control_median_quote_volume,0.5,716.39782616775,0.20833333333333334,0.125,0.08333333333333334,0.35338233088345583,0.041666666666666664,0.0,0.041666666666666664,0.5049747512624368,0.125,0.125,0.0,0.6710164491775411,1.0089684192514448,1.0338260606910463,-0.024857641439601563,0.5249737513124344,0.4686412369797413,0.18015242134192277,0.28848881563781853,0.2594370281485926,-0.9027029883826106,-0.2630788696894298,-0.6396241186931808,0.7772111394430279,-0.6287331739448107,-0.34746627644854877,-0.2812668974962619,0.567321633918304,0.06370989498209438,-6.533008059236721,6.596717954218815,0.12659367031648416
5m,300,btc-up-or-down-5m,btc-updown-5m,kraken,XBTUSD,10,10.0,margin_only,mid_window,"200,150,100",30,,eligible_pressure_rows_only,thin_vs_non_thin,exploratory_unadjusted_multi_cell,none,19,18,control_median_quote_volume,0.5,580.50259348,0.10526315789473684,0.05555555555555555,0.049707602339181284,0.5237738113094346,0.0,0.0,0.0,1.0,0.2631578947368421,0.0,0.2631578947368421,0.02519874006299685,1.517817273567904,0.39804154337102104,1.1197757301968831,0.04459777011149443,0.7395946190898214,0.0,0.7395946190898214,0.02519874006299685,-0.8358488913663915,-1.3806049082944059,0.5447560169280143,0.2608369581520924,-0.04654087629325262,-0.8995771277255715,0.8530362514323189,0.3167341632918354,2.8717031489350124,-7.05388808206596,9.925591231000972,0.050747462626868654
5m,300,btc-up-or-down-5m,btc-updown-5m,kraken,XBTUSD,10,10.0,margin_only,nonoverlap,,30,,eligible_pressure_rows_only,thin_vs_non_thin,exploratory_unadjusted_multi_cell,none,25,24,control_median_quote_volume,0.5,410.211978018,0.08,0.08333333333333333,-0.003333333333333327,0.720113994300285,0.0,0.041666666666666664,-0.041666666666666664,1.0,0.16,0.125,0.035,0.5214739263036848,1.1892737581310993,1.160061201020588,0.029212557110511295,0.480325983700815,0.4572185302834421,0.2376832348044581,0.219535295478984,0.2975351232438378,-0.5888147183513497,-0.5230505792020267,-0.065764139149323,0.536223188840558,-0.5746803858795718,-0.7923089340045344,0.21762854812496257,0.4438778061096945,0.10166207703248901,-6.76259368092034,6.864255757952829,0.12094395280235988
5m,300,btc-up-or-down-5m,btc-updown-5m,kraken,XBTUSD,10,10.0,margin_plus_prior_30s_momentum,anchor_points,"240,180,120,60",30,10.0,eligible_pressure_rows_only,thin_vs_non_thin,exploratory_unadjusted_multi_cell,none,22,21,control_median_quote_volume,0.5,622.6720308625,0.18181818181818182,0.09523809523809523,0.08658008658008659,0.3488325583720814,0.045454545454545456,0.0,0.045454545454545456,0.5154742262886856,0.13636363636363635,0.14285714285714285,-0.006493506493506496,0.6893655317234139,1.056975662438934,1.2649113606701359,-0.20793569823120195,0.6358182090895456,0.5112449857960815,0.20588848153362602,0.3053565042624554,0.27688615569221536,-1.0733005658067143,0.05933854621554539,-1.1326391120222596,0.8900054997250137,-1.0712064401200179,-1.143712636337025,0.07250619621700705,0.48782560871956404,0.33463667446331785,-1.9548278622202484,2.289464536683566,0.3146342682865857
5m,300,btc-up-or-down-5m,btc-updown-5m,kraken,XBTUSD,10,10.0,margin_plus_prior_30s_momentum,mid_window,"200,150,100",30,10.0,eligible_pressure_rows_only,thin_vs_non_thin,exploratory_unadjusted_multi_cell,none,17,17,control_median_quote_volume,0.5,522.537760209,0.058823529411764705,0.058823529411764705,0.0,0.7572621368931554,0.0,0.0,0.0,1.0,0.29411764705882354,0.0,0.29411764705882354,0.023248837558122095,1.470474306187808,0.6078593248976003,0.8626149812902077,0.11629418529073546,0.8266057507474475,0.0,0.8266057507474475,0.023248837558122095,-0.9136510439595896,-1.4290637489639137,0.5154127050043241,0.28688565571721414,0.3191657872079705,-2.1909671799496016,2.5101329671575723,0.087995600219989,3.7812578378133592,-5.793523358260295,9.574781196073655,0.07489625518724063
5m,300,btc-up-or-down-5m,btc-updown-5m,kraken,XBTUSD,10,10.0,margin_plus_prior_30s_momentum,nonoverlap,,30,10.0,eligible_pressure_rows_only,thin_vs_non_thin,exploratory_unadjusted_multi_cell,none,23,22,control_median_quote_volume,0.5,410.211978018,0.08695652173913043,0.09090909090909091,-0.003952569169960479,0.7099645017749112,0.0,0.045454545454545456,-0.045454545454545456,1.0,0.17391304347826086,0.13636363636363635,0.03754940711462451,0.5245737713114345,1.2618822717502953,1.142267965697852,0.11961430605244328,0.4249287535623219,0.49697666335156754,0.2592908016048634,0.23768586174670414,0.2953352332383381,-0.6703236910555598,-0.6162603136296825,-0.0540633774258773,0.51972401379931,-0.7079779585933127,-0.8538134092686311,0.14583545067531845,0.47307634618269084,0.4082585922212465,-6.529057334160813,6.937315926382059,0.1400429978501075
5m,300,btc-up-or-down-5m,btc-updown-5m,kraken,XBTUSD,10,20.0,margin_only,anchor_points,"240,180,120,60",30,,eligible_pressure_rows_only,thin_vs_non_thin,exploratory_unadjusted_multi_cell,none,56,56,control_median_quote_volume,0.5,959.6486869744999,0.17857142857142858,0.14285714285714285,0.035714285714285726,0.3990300484975751,0.017857142857142856,0.017857142857142856,0.0,0.7532623368831558,0.07142857142857142,0.07142857142857142,0.0,0.63966801659917,0.5575746663536887,0.783411500897497,-0.22583683454380832,0.6838158092095395,0.24766471773454185,0.09768274287938462,0.14998197485515724,0.19874006299685015,-0.8110962309241719,-0.8134266075151565,0.002330376590984562,0.49632518374081297,-0.5248883566939639,-0.9320634552824496,0.40717509858848566,0.4191290435478226,0.7639191318399633,-1.6623734656702787,2.426292597510242,0.29903504824758764
5m,300,btc-up-or-down-5m,btc-updown-5m,kraken,XBTUSD,10,20.0,margin_only,mid_window,"200,150,100",30,,eligible_pressure_rows_only,thin_vs_non_thin,exploratory_unadjusted_multi_cell,none,48,48,control_median_quote_volume,0.5,799.8915646815,0.10416666666666667,0.125,-0.02083333333333333,0.7414629268536573,0.0,0.041666666666666664,-0.041666666666666664,1.0,0.10416666666666667,0.0625,0.04166666666666667,0.3577821108944553,0.6531668902079605,0.5365342879046423,0.11663260230331818,0.399830008499575,0.29275620338972097,0.11014916732652658,0.1826070360631944,0.18264086795660217,-0.6516424678133509,-1.1827109050090392,0.5310684371956883,0.2999850007499625,-0.08516127547719615,-1.13173127807849,1.0465700026012938,0.3061346932653367,0.18048976243220377,0.4640906249063409,-0.2836008624741371,0.5270736463176842
5m,300,btc-up-or-down-5m,btc-updown-5m,kraken,XBTUSD,10,20.0,margin_only,nonoverlap,,30,,eligible_pressure_rows_only,thin_vs_non_thin,exploratory_unadjusted_multi_cell,none,57,57,control_median_quote_volume,0.5,861.85928122975,0.07017543859649122,0.03508771929824561,0.03508771929824561,0.3375331233438328,0.0,0.017543859649122806,-0.017543859649122806,1.0,0.07017543859649122,0.08771929824561403,-0.017543859649122806,0.751812409379531,0.8267185143763139,0.46344598567709294,0.363272528699221,0.22748862556872157,0.20053444310677287,0.21602546262444813,-0.015491019517675259,0.5348732563371832,-0.9139236014551009,-0.860730642451512,-0.05319295900358889,0.5188240587970602,-0.8384179241356343,-0.9889033619077483,0.15048543777211398,0.46677666116694166,0.09787430734417199,-2.075308496571748,2.17318280391592,0.3168841557922104
5m,300,btc-up-or-down-5m,btc-updown-5m,kraken,XBTUSD,10,20.0,margin_plus_prior_30s_momentum,anchor_points,"240,180,120,60",30,10.0,eligible_pressure_rows_only,thin_vs_non_thin,exploratory_unadjusted_multi_cell,none,50,49,control_median_quote_volume,0.5,851.48279312,0.18,0.14285714285714285,0.037142857142857144,0.4094795260236988,0.02,0.02040816326530612,-0.0004081632653061204,0.7567121643917805,0.08,0.08163265306122448,-0.0016326530612244816,0.6531173441327933,0.8463629937965667,1.0825275300749266,-0.23616453627835998,0.6994650267486626,0.2773844838626869,0.11163742043358243,0.16574706342910445,0.20603969801509925,-1.0356315025062708,-0.3443495648683945,-0.6912819376378763,0.7659617019149042,-2.079738135510156,-0.1333353902054616,-1.9464027453046944,0.8336583170841458,-1.0281234977347258,1.9278755564324699,-2.9559990541671954,0.7545122743862807
5m,300,btc-up-or-down-5m,btc-updown-5m,kraken,XBTUSD,10,20.0,margin_plus_prior_30s_momentum,mid_window,"200,150,100",30,10.0,eligible_pressure_rows_only,thin_vs_non_thin,exploratory_unadjusted_multi_cell,none,40,39,control_median_quote_volume,0.5,663.839272553,0.125,0.10256410256410256,0.02243589743589744,0.5165741712914355,0.0,0.05128205128205128,-0.05128205128205128,1.0,0.125,0.07692307692307693,0.04807692307692307,0.37073146342682867,0.6701426206748399,0.8648880106152913,-0.19474538994045143,0.6625668716564171,0.3513074440676652,0.1355682059403404,0.21573923812732476,0.19159042047897606,-0.6204602764943568,-1.4552866947948173,0.8348264183004606,0.1744412779361032,0.06561366805690452,-1.8025788900018038,1.8681925580587084,0.17764111794410278,0.7048176101665694,-1.0155006167686584,1.7203182269352277,0.36433178341082945
5m,300,btc-up-or-down-5m,btc-updown-5m,kraken,XBTUSD,10,20.0,margin_plus_prior_30s_momentum,nonoverlap,,30,10.0,eligible_pressure_rows_only,thin_vs_non_thin,exploratory_unadjusted_multi_cell,none,49,48,control_median_quote_volume,0.5,675.298068898,0.08163265306122448,0.041666666666666664,0.03996598639455782,0.34588270586470676,0.0,0.020833333333333332,-0.020833333333333332,1.0,0.08163265306122448,0.08333333333333333,-0.0017006802721088454,0.6528673566321684,0.8234413107698785,0.7252576414281281,0.09818366934175038,0.41157942102894857,0.23327476034869496,0.16477071952695477,0.06850404082174019,0.38353082345882705,-0.9372111219858291,-0.6576917573059934,-0.27951936467983574,0.623968801559922,-0.9612676122286431,-1.7316094044488644,0.7703417922202213,0.3511824408779561,0.21974487743010268,-2.278393865576983,2.4981387430070856,0.2702864856757162
5m,300,btc-up-or-down-5m,btc-updown-5m,kraken,XBTUSD,10,5.0,margin_only,anchor_points,"240,180,120,60",30,,eligible_pressure_rows_only,thin_vs_non_thin,exploratory_unadjusted_multi_cell,none,9,9,control_median_quote_volume,0.5,531.8993121505,0.2222222222222222,0.1111111111111111,0.1111111111111111,0.49722513874306284,0.1111111111111111,0.0,0.1111111111111111,0.5056247187640618,0.2222222222222222,0.2222222222222222,0.0,0.7166641667916605,1.5250671697510463,1.2059696392132968,0.3190975305377495,0.37883105844707765,0.47969500939462545,0.1890915118428437,0.2906034975517817,0.368281585920704,-2.120031156971189,0.0023103590991813178,-2.1223415160703705,0.9164041797910104,-4.123870329161672,-0.8610615001024393,-3.262808829059233,0.9296535173241338,-0.13305999042716435,-2.2354579052536767,2.102397914826512,0.36458177091145444
5m,300,btc-up-or-down-5m,btc-updown-5m,kraken,XBTUSD,10,5.0,margin_only,mid_window,"200,150,100",30,,eligible_pressure_rows_only,thin_vs_non_thin,exploratory_unadjusted_multi_cell,none,6,6,control_median_quote_volume,0.5,522.537760209,0.16666666666666666,0.16666666666666666,0.0,0.7745112744362782,0.0,0.0,0.0,1.0,0.0,0.0,0.0,1.0,0.20659685356595095,0.9567358824466076,-0.7501390288806566,0.7952102394880256,0.0,0.0,0.0,1.0,-1.2937692462658872,-2.0087435429751266,0.7149742967092394,0.36528173591320434,-2.34029653980851,-2.517942923864458,0.17764638405594813,0.47557622118894055,-2.0741127026827004,-9.989325119121322,7.915212416438621,0.13014349282535873
5m,300,btc-up-or-down-5m,btc-updown-5m,kraken,XBTUSD,10,5.0,margin_only,nonoverlap,,30,,eligible_pressure_rows_only,thin_vs_non_thin,exploratory_unadjusted_multi_cell,none,9,9,control_median_quote_volume,0.5,302.43101314925,0.0,0.1111111111111111,-0.1111111111111111,1.0,0.0,0.0,0.0,1.0,0.2222222222222222,0.2222222222222222,0.0,0.7112644367781611,1.5818525808695256,1.1491842280948172,0.4326683527747084,0.3330833458327084,0.47969500939462545,0.1890915118428437,0.2906034975517817,0.3705314734263287,-0.8734442868988529,-1.2442765109731546,0.3708322240743017,0.4033298335083246,-1.3483413029639963,-3.636590526300116,2.28824922333612,0.15069246537673117,2.562803202020436,-4.931321097701277,7.4941242997217135,0.10509474526273686
5m,300,btc-up-or-down-5m,btc-updown-5m,kraken,XBTUSD,10,5.0,margin_plus_prior_30s_momentum,anchor_points,"240,180,120,60",30,10.0,eligible_pressure_rows_only,thin_vs_non_thin,exploratory_unadjusted_multi_cell,none,9,8,control_median_quote_volume,0.5,531.5768291119999,0.2222222222222222,0.125,0.09722222222222221,0.5413229338533073,0.1111111111111111,0.0,0.1111111111111111,0.5295235238238089,0.2222222222222222,0.125,0.09722222222222221,0.5510224488775561,1.5250671697510463,1.015287321742676,0.5097798480083702,0.3214839258037098,0.47969500939462545,0.022884196196532827,0.45681081319809264,0.26688665566721664,-2.120031156971189,-0.8311764958620984,-1.2888546611090905,0.8314084295785211,-4.123870329161672,-1.1928237478063475,-2.931046581355325,0.8995050247487626,-0.13305999042716435,-4.271332703834952,4.138272713407788,0.2508374581270936
5m,300,btc-up-or-down-5m,btc-updown-5m,kraken,XBTUSD,10,5.0,margin_plus_prior_30s_momentum,mid_window,"200,150,100",30,10.0,eligible_pressure_rows_only,thin_vs_non_thin,exploratory_unadjusted_multi_cell,none,6,6,control_median_quote_volume,0.5,522.537760209,0.16666666666666666,0.16666666666666666,0.0,0.7745112744362782,0.0,0.0,0.0,1.0,0.0,0.0,0.0,1.0,0.20659685356595095,0.9567358824466076,-0.7501390288806566,0.7952102394880256,0.0,0.0,0.0,1.0,-1.2937692462658872,-2.0087435429751266,0.7149742967092394,0.36528173591320434,-2.34029653980851,-2.517942923864458,0.17764638405594813,0.47557622118894055,-2.0741127026827004,-9.989325119121322,7.915212416438621,0.13014349282535873
5m,300,btc-up-or-down-5m,btc-updown-5m,kraken,XBTUSD,10,5.0,margin_plus_prior_30s_momentum,nonoverlap,,30,10.0,eligible_pressure_rows_only,thin_vs_non_thin,exploratory_unadjusted_multi_cell,none,9,8,control_median_quote_volume,0.5,299.2295514975,0.0,0.125,-0.125,1.0,0.0,0.0,0.0,1.0,0.2222222222222222,0.125,0.09722222222222221,0.5494725263736813,1.5818525808695256,0.9514037342343867,0.6304488466351389,0.2749862506874656,0.47969500939462545,0.022884196196532827,0.45681081319809264,0.2664866756662167,-0.8734442868988529,-2.233586724693476,1.3601424377946234,0.15329233538323084,-1.3483413029639963,-4.315293902278733,2.9669525993147365,0.09734513274336283,2.562803202020436,-7.304178795338503,9.86698199735894,0.05154742262886856
5m,300,btc-up-or-down-5m,btc-updown-5m,kraken,XBTUSD,15,10.0,margin_only,anchor_points,"240,180,120,60",30,,eligible_pressure_rows_only,thin_vs_non_thin,exploratory_unadjusted_multi_cell,none,25,25,control_median_quote_volume,0.5,1545.591561941,0.12,0.08,0.039999999999999994,0.4942252887355632,0.04,0.0,0.04,0.4976751162441878,0.2,0.2,0.0,0.639618019099045,0.9161531665770244,2.371070174855799,-1.4549170082787748,0.9882505874706264,0.27510171026352637,0.7492989918058214,-0.474197281542295,0.8866056697165142,-1.023614988363444,-0.49811532494488914,-0.5254996634185549,0.7338633068346583,-0.9406676113758876,-0.5674239404242469,-0.3732436709516407,0.5963201839908004,-0.11692809917292049,-5.383504816922705,5.266576717749785,0.1855907204639768
5m,300,btc-up-or-down-5m,btc-updown-5m,kraken,XBTUSD,15,10.0,margin_only,mid_window,"200,150,100",30,,eligible_pressure_rows_only,thin_vs_non_thin,exploratory_unadjusted_multi_cell,none,19,18,control_median_quote_volume,0.5,812.968543296,0.15789473684210525,0.16666666666666666,-0.008771929824561403,0.6915654217289136,0.0,0.0,0.0,1.0,0.21052631578947367,0.1111111111111111,0.09941520467836257,0.36013199340033,1.1796599106852381,0.8811347274962096,0.29852518318902854,0.37543122843857807,0.7717853244538954,0.0558413967225866,0.7159439277313088,0.05834708264586771,-1.075416226920489,-1.05078573810183,-0.024630488818659035,0.5147742612869357,-0.8733853367731197,-0.6821313560351955,-0.1912539807379242,0.544472776361182,0.6452796190960164,-0.7927508053121584,1.4380304244081747,0.3671316434178291
5m,300,btc-up-or-down-5m,btc-updown-5m,kraken,XBTUSD,15,10.0,margin_only,nonoverlap,,30,,eligible_pressure_rows_only,thin_vs_non_thin,exploratory_unadjusted_multi_cell,none,11,11,control_median_quote_volume,0.5,730.9239373855,0.0,0.0,0.0,1.0,0.0,0.0,0.0,1.0,0.2727272727272727,0.09090909090909091,0.1818181818181818,0.2951852407379631,1.800710002347368,1.1655148593902247,0.6351951429571434,0.2922353882305885,1.0877404371517392,0.05371588986190749,1.0340245472898317,0.10429478526073696,-0.4861586183999087,-2.153588304420182,1.6674296860202733,0.04759762011899405,-0.07015937677441339,-2.0740758612234584,2.003916484449045,0.16274186290685466,2.6474000677251825,-6.247155685523595,8.894555753248778,0.04169791510424479
5m,300,btc-up-or-down-5m,btc-updown-5m,kraken,XBTUSD,15,10.0,margin_plus_prior_30s_momentum,anchor_points,"240,180,120,60",30,10.0,eligible_pressure_rows_only,thin_vs_non_thin,exploratory_unadjusted_multi_cell,none,24,23,control_median_quote_volume,0.5,1635.74410956,0.08333333333333333,0.08695652173913043,-0.0036231884057971037,0.7094645267736613,0.0,0.0,0.0,1.0,0.16666666666666666,0.21739130434782608,-0.050724637681159424,0.7930103494825259,0.932144942860084,2.4613172457782424,-1.5291723029181585,0.9896505174741262,0.269303016835941,0.8144554258758928,-0.5451524090399518,0.9028548572571371,-1.118622306232656,-0.2585390740257962,-0.8600832322068597,0.8457577121143943,-1.1525904564832135,-0.33245640604165994,-0.8201340504415535,0.688065596720164,0.20863151414161932,-2.213051213521701,2.4216827276633204,0.30988450577471127
5m,300,btc-up-or-down-5m,btc-updown-5m,kraken,XBTUSD,15,10.0,margin_plus_prior_30s_momentum,mid_window,"200,150,100",30,10.0,eligible_pressure_rows_only,thin_vs_non_thin,exploratory_unadjusted_multi_cell,none,17,17,control_median_quote_volume,0.5,743.9334681035,0.17647058823529413,0.11764705882352941,0.05882352941176472,0.4928253587320634,0.0,0.0,0.0,1.0,0.23529411764705882,0.058823529411764705,0.1764705882352941,0.16619169041547924,1.2680685605207782,1.0066396562704092,0.261428904250369,0.3862806859657017,0.8625835979190596,0.034757340498881316,0.8278262574201782,0.050447477626118696,-1.1147633526627343,-1.1910808958474448,0.07631754318471051,0.4692765361731913,-0.2805404805283823,-1.7800089410046258,1.4994684604762436,0.1984900754962252,2.2851846187516998,-1.2995211820200274,3.584705800771727,0.2150392480375981
5m,300,btc-up-or-down-5m,btc-updown-5m,kraken,XBTUSD,15,10.0,margin_plus_prior_30s_momentum,nonoverlap,,30,10.0,eligible_pressure_rows_only,thin_vs_non_thin,exploratory_unadjusted_multi_cell,none,10,9,control_median_quote_volume,0.5,771.085767363,0.0,0.0,0.0,1.0,0.0,0.0,0.0,1.0,0.4,0.0,0.4,0.05524723763811809,2.3447982569726515,1.042838978458934,1.3019592785137175,0.15744212789360532,1.2556019597150114,0.0,1.2556019597150114,0.05524723763811809,-0.3899883818001717,-2.516852610061702,2.1268642282615304,0.033798310084495777,0.20791830829351193,-1.6592124655384457,1.8671307738319576,0.21228938553072346,1.2314637737709002,-5.979616689404775,7.2110804631756755,0.10529473526323684
5m,300,btc-up-or-down-5m,btc-updown-5m,kraken,XBTUSD,15,20.0,margin_only,anchor_points,"240,180,120,60",30,,eligible_pressure_rows_only,thin_vs_non_thin,exploratory_unadjusted_multi_cell,none,55,54,control_median_quote_volume,0.5,2329.0711598665,0.14545454545454545,0.12962962962962962,0.015824915824915825,0.5088745562721864,0.01818181818181818,0.0,0.01818181818181818,0.5045747712614369,0.14545454545454545,0.12962962962962962,0.015824915824915825,0.5129243537823109,0.2842252984015124,1.7254637559783714,-1.441238457576859,0.9868506574671266,0.432620027719163,0.408172607821242,0.02444741989792104,0.464326783660817,-1.1343032646852251,-0.7003617491037301,-0.4339415155814951,0.6852157392130394,-2.2717578295793803,0.28766806429627284,-2.559425893875653,0.9182540872956352,-3.4973629852648913,-0.06443086019468817,-3.432932125070203,0.7724613769311535
5m,300,btc-up-or-down-5m,btc-updown-5m,kraken,XBTUSD,15,20.0,margin_only,mid_window,"200,150,100",30,,eligible_pressure_rows_only,thin_vs_non_thin,exploratory_unadjusted_multi_cell,none,48,48,control_median_quote_volume,0.5,1672.7966849250001,0.20833333333333334,0.10416666666666667,0.10416666666666667,0.13109344532773362,0.020833333333333332,0.020833333333333332,0.0,0.7522123893805309,0.16666666666666666,0.125,0.04166666666666666,0.38838058097095146,0.8048719912514518,1.4075883408900005,-0.6027163496385487,0.8354082295885206,0.5147800822134468,0.2323550948706666,0.2824249873427802,0.1285935703214839,-1.3387442234538482,-0.2702801732647591,-1.0684640501890892,0.8629068546572671,-0.5447137368625877,-1.235655649567445,0.6909419127048572,0.37143142842857857,1.0712588244080796,-2.4095748282480014,3.480833652656081,0.23073846307684615
5m,300,btc-up-or-down-5m,btc-updown-5m,kraken,XBTUSD,15,20.0,margin_only,nonoverlap,,30,,eligible_pressure_rows_only,thin_vs_non_thin,exploratory_unadjusted_multi_cell,none,39,38,control_median_quote_volume,0.5,1933.261445914,0.07692307692307693,0.05263157894736842,0.02429149797570851,0.5138743062846858,0.0,0.0,0.0,1.0,0.1794871794871795,0.10526315789473684,0.07422402159244265,0.2729363531823409,0.4458596885348035,1.3735181867394441,-0.9276584982046406,0.9252037398130093,0.4951892872313938,0.19433162182673086,0.30085766540466297,0.12934353282335884,-0.742159211624087,-0.9931880514576366,0.2510288398335495,0.39743012849357534,-0.008938054406007869,-0.3349919378827827,0.32605388347677483,0.44012799360032,0.09887007305149222,-0.6273789320656209,0.7262490051171131,0.4247787610619469
5m,300,btc-up-or-down-5m,btc-updown-5m,kraken,XBTUSD,15,20.0,margin_plus_prior_30s_momentum,anchor_points,"240,180,120,60",30,10.0,eligible_pressure_rows_only,thin_vs_non_thin,exploratory_unadjusted_multi_cell,none,48,48,control_median_quote_volume,0.5,2153.9143281345,0.14583333333333334,0.14583333333333334,0.0,0.6181690915454228,0.0,0.0,0.0,1.0,0.10416666666666667,0.125,-0.02083333333333333,0.7381130943452827,0.2849776741175197,1.3597245320683038,-1.0747468579507842,0.959902004899755,0.26896489304688914,0.33438701024316075,-0.06542211719627161,0.6144692765361732,-1.0403198891612842,-0.5224505863750318,-0.5178693027862523,0.7031148442577871,-2.036805478713673,0.09319558830540536,-2.1300010670190783,0.855857207139643,-2.036909264254488,0.2555137516207326,-2.2924230158752206,0.7225638718064097
5m,300,btc-up-or-down-5m,btc-updown-5m,kraken,XBTUSD,15,20.0,margin_plus_prior_30s_momentum,mid_window,"200,150,100",30,10.0,eligible_pressure_rows_only,thin_vs_non_thin,exploratory_unadjusted_multi_cell,none,38,37,control_median_quote_volume,0.5,1180.769946424,0.18421052631578946,0.1891891891891892,-0.004978662873399736,0.640517974101295,0.0,0.05405405405405406,-0.05405405405405406,1.0,0.15789473684210525,0.10810810810810811,0.04978662873399714,0.38718064096795163,0.7258603812232112,1.6697683964712118,-0.9439080152480006,0.9043047847607619,0.552789826762439,0.31256318040946834,0.2402266463529707,0.22838858057097144,-0.8292882368818337,-1.2802328532159388,0.4509446163341051,0.32763361831908405,-0.04367420070285949,-2.666663177210771,2.6229889765079117,0.13579321033948302,1.3816665010121563,-2.3754926583051423,3.7571591593172986,0.23098845057747114
5m,300,btc-up-or-down-5m,btc-updown-5m,kraken,XBTUSD,15,20.0,margin_plus_prior_30s_momentum,nonoverlap,,30,10.0,eligible_pressure_rows_only,thin_vs_non_thin,exploratory_unadjusted_multi_cell,none,24,23,control_median_quote_volume,0.5,1022.3585455079999,0.08333333333333333,0.13043478260869565,-0.04710144927536232,0.84010799460027,0.0,0.0,0.0,1.0,0.16666666666666666,0.08695652173913043,0.07971014492753623,0.35388230588470576,0.9363640515383737,0.8962611787342448,0.04010287280412883,0.48197590120493977,0.5231674832145881,0.2757431414064639,0.24742434180812417,0.2750862456877156,-0.7102273267690862,-0.27724749108032576,-0.4329798356887604,0.6831658417079146,-0.1483513078928406,1.6297310157195444,-1.778082323612385,0.8364581770911454,0.7545228319423938,-0.40781539041907966,1.1623382223614733,0.40922953852307387
5m,300,btc-up-or-down-5m,btc-updown-5m,kraken,XBTUSD,15,5.0,margin_only,anchor_points,"240,180,120,60",30,,eligible_pressure_rows_only,thin_vs_non_thin,exploratory_unadjusted_multi_cell,none,10,10,control_median_quote_volume,0.5,1570.7244653515,0.1,0.0,0.1,0.49477526123693816,0.0,0.0,0.0,1.0,0.3,0.2,0.09999999999999998,0.5071746412679367,1.2815819091549028,1.9665314364566413,-0.6849495273017385,0.7304134793260337,0.5499913306275682,0.5212640799148869,0.02872725071268134,0.5049247537623119,-1.4867373468803624,-0.33309980076359974,-1.1536375461167627,0.7913104344782761,-2.244409649410754,-1.005196143582555,-1.2392135058281992,0.7048647567621619,1.4686804843954873,-3.877703282841181,5.346383767236668,0.17154142292885355
5m,300,btc-up-or-down-5m,btc-updown-5m,kraken,XBTUSD,15,5.0,margin_only,mid_window,"200,150,100",30,,eligible_pressure_rows_only,thin_vs_non_thin,exploratory_unadjusted_multi_cell,none,6,6,control_median_quote_volume,0.5,639.14143515,0.3333333333333333,0.16666666666666666,0.16666666666666666,0.5003749812509375,0.0,0.0,0.0,1.0,0.16666666666666666,0.0,0.16666666666666666,0.5036248187590621,0.9593999115832887,0.4510020179136774,0.5083978936696114,0.35813209339533025,0.5513066974402029,0.0,0.5513066974402029,0.5036248187590621,-0.8991624761256517,-1.9317989772748108,1.0326365011491592,0.31173441327933604,-2.043681309975186,-2.1631395601581223,0.11945825018293643,0.47712614369281536,2.5616629324988325,-8.497952348961535,11.059615281460367,0.0695965201739913
5m,300,btc-up-or-down-5m,btc-updown-5m,kraken,XBTUSD,15,5.0,margin_only,nonoverlap,,30,,eligible_pressure_rows_only,thin_vs_non_thin,exploratory_unadjusted_multi_cell,none,2,2,control_median_quote_volume,0.5,742.5134638805,0.0,0.0,0.0,1.0,0.0,0.0,0.0,1.0,0.0,0.0,0.0,1.0,-0.5109691876860777,-1.446009860600443,0.9350406729143653,0.49872506374681264,0.0,0.0,0.0,1.0,0.34826861884707877,-5.539061697314349,5.887330316161427,0.1656417179141043,-1.598959843737629,-8.050251553346536,6.451291709608907,0.1656417179141043,1.53193698161419,-12.391201425075517,13.923138406689706,0.3329833508324584
5m,300,btc-up-or-down-5m,btc-updown-5m,kraken,XBTUSD,15,5.0,margin_plus_prior_30s_momentum,anchor_points,"240,180,120,60",30,10.0,eligible_pressure_rows_only,thin_vs_non_thin,exploratory_unadjusted_multi_cell,none,10,9,control_median_quote_volume,0.5,1539.3583369389999,0.1,0.0,0.1,0.5341732913354332,0.0,0.0,0.0,1.0,0.3,0.1111111111111111,0.18888888888888888,0.3295335233238338,1.2815819091549028,1.8386484008993784,-0.5570664917444756,0.671816409179541,0.5499913306275682,0.36753779829346855,0.18245353233409967,0.46652667366631667,-1.4867373468803624,-1.111244800713935,-0.37549254616642735,0.6157192140392981,-2.244409649410754,-1.316110879706042,-0.9282987697047123,0.6491175441227939,1.4686804843954873,-5.869841479089816,7.338521963485303,0.10034498275086245
5m,300,btc-up-or-down-5m,btc-updown-5m,kraken,XBTUSD,15,5.0,margin_plus_prior_30s_momentum,mid_window,"200,150,100",30,10.0,eligible_pressure_rows_only,thin_vs_non_thin,exploratory_unadjusted_multi_cell,none,6,6,control_median_quote_volume,0.5,639.14143515,0.3333333333333333,0.16666666666666666,0.16666666666666666,0.5003749812509375,0.0,0.0,0.0,1.0,0.16666666666666666,0.0,0.16666666666666666,0.5036248187590621,0.9593999115832887,0.4510020179136774,0.5083978936696114,0.35813209339533025,0.5513066974402029,0.0,0.5513066974402029,0.5036248187590621,-0.8991624761256517,-1.9317989772748108,1.0326365011491592,0.31173441327933604,-2.043681309975186,-2.1631395601581223,0.11945825018293643,0.47712614369281536,2.5616629324988325,-8.497952348961535,11.059615281460367,0.0695965201739913
5m,300,btc-up-or-down-5m,btc-updown-5m,kraken,XBTUSD,15,5.0,margin_plus_prior_30s_momentum,nonoverlap,,30,10.0,eligible_pressure_rows_only,thin_vs_non_thin,exploratory_unadjusted_multi_cell,none,2,2,control_median_quote_volume,0.5,742.5134638805,0.0,0.0,0.0,1.0,0.0,0.0,0.0,1.0,0.0,0.0,0.0,1.0,-0.5109691876860777,-1.446009860600443,0.9350406729143653,0.49872506374681264,0.0,0.0,0.0,1.0,0.34826861884707877,-5.539061697314349,5.887330316161427,0.1656417179141043,-1.598959843737629,-8.050251553346536,6.451291709608907,0.1656417179141043,1.53193698161419,-12.391201425075517,13.923138406689706,0.3329833508324584
5m,300,btc-up-or-down-5m,btc-updown-5m,kraken,XBTUSD,30,10.0,margin_only,anchor_points,"240,180,120,60",30,,eligible_pressure_rows_only,thin_vs_non_thin,exploratory_unadjusted_multi_cell,none,27,26,control_median_quote_volume,0.5,6146.126009143501,0.037037037037037035,0.07692307692307693,-0.03988603988603989,0.8897055147242637,0.0,0.0,0.0,1.0,0.14814814814814814,0.23076923076923078,-0.08262108262108264,0.8698065096745162,1.2326833279241833,2.8032540627112534,-1.57057073478707,0.9536523173841308,0.4612914374338928,0.9123784627297822,-0.4510870252958894,0.8314084295785211,-0.9233017225051517,-1.3036800396936046,0.38037831718845283,0.3772311384430779,-1.0309975322445355,-0.5678894666484606,-0.46310806559607487,0.5747712614369281,-2.2077624635787276,-5.069929011312459,2.862166547733731,0.311884405779711
5m,300,btc-up-or-down-5m,btc-updown-5m,kraken,XBTUSD,30,10.0,margin_only,mid_window,"200,150,100",30,,eligible_pressure_rows_only,thin_vs_non_thin,exploratory_unadjusted_multi_cell,none,21,21,control_median_quote_volume,0.5,4812.810522191499,0.14285714285714285,0.14285714285714285,0.0,0.6679666016699165,0.0,0.047619047619047616,-0.047619047619047616,1.0,0.23809523809523808,0.19047619047619047,0.047619047619047616,0.4966751662416879,2.093512493919706,1.952537103613987,0.14097539030571915,0.44212789360531973,1.0745834857862628,0.3805717506853641,0.6940117351008988,0.10099495025248738,-0.8485849057352468,-2.319591645686205,1.471006739950958,0.13554322283885806,-1.3695789244880068,-1.3243729454397761,-0.04520597904823065,0.5076246187690615,-1.8885322860342155,-4.577775106209424,2.6892428201752088,0.32973351332433376
5m,300,btc-up-or-down-5m,btc-updown-5m,kraken,XBTUSD,30,10.0,margin_only,nonoverlap,,30,,eligible_pressure_rows_only,thin_vs_non_thin,exploratory_unadjusted_multi_cell,none,15,14,control_median_quote_volume,0.5,2789.860795581,0.0,0.0,0.0,1.0,0.0,0.0,0.0,1.0,0.3333333333333333,0.14285714285714285,0.19047619047619047,0.22928853557322135,2.2454502672287484,3.321732143959026,-1.0762818767302775,0.8124093795310234,1.207002086957929,0.414841267717135,0.7921608192407941,0.1286435678216089,-0.9597718934481857,-1.4880228975974206,0.5282510041492349,0.304034798260087,-1.683562926741264,0.02781827570383957,-1.7113812024451036,0.7538123093845308,-0.4750239679854741,-9.868630907677025,9.393606939691551,0.11144442777861106
5m,300,btc-up-or-down-5m,btc-updown-5m,kraken,XBTUSD,30,10.0,margin_plus_prior_30s_momentum,anchor_points,"240,180,120,60",30,10.0,eligible_pressure_rows_only,thin_vs_non_thin,exploratory_unadjusted_multi_cell,none,25,25,control_median_quote_volume,0.5,5921.48251209775,0.04,0.08,-0.04,0.8860056997150142,0.0,0.0,0.0,1.0,0.16,0.2,-0.04000000000000001,0.7700614969251537,1.1399841324786066,2.6221935296030825,-1.4822093971244759,0.9354032298385081,0.4981947524286042,0.727784656579288,-0.2295899041506838,0.6964151792410379,-0.6606726434487271,-1.5458936208257952,0.8852209773770681,0.23908804559772012,-0.2932524032532919,-1.783548157105759,1.490295753852467,0.26148692565371734,-1.009799402403375,-8.230607553681155,7.22080815127778,0.10419479026048697
5m,300,btc-up-or-down-5m,btc-updown-5m,kraken,XBTUSD,30,10.0,margin_plus_prior_30s_momentum,mid_window,"200,150,100",30,10.0,eligible_pressure_rows_only,thin_vs_non_thin,exploratory_unadjusted_multi_cell,none,19,18,control_median_quote_volume,0.5,4237.0968624140005,0.10526315789473684,0.2222222222222222,-0.11695906432748537,0.9217039148042598,0.0,0.05555555555555555,-0.05555555555555555,1.0,0.21052631578947367,0.2222222222222222,-0.011695906432748537,0.688515574221289,1.9804472160256852,2.173011338948529,-0.19256412292284386,0.5720213989300535,0.8967910307904939,0.44400037579959145,0.4527906549909025,0.2167891605419729,-0.8918774977638394,-2.5368499321954854,1.6449724344316459,0.135893205339733,-1.386028527799274,-2.018025725108416,0.6319971973091421,0.40657967101644915,-1.1644937858664057,-4.999544775689651,3.8350509898232454,0.28538573071346435
5m,300,btc-up-or-down-5m,btc-updown-5m,kraken,XBTUSD,30,10.0,margin_plus_prior_30s_momentum,nonoverlap,,30,10.0,eligible_pressure_rows_only,thin_vs_non_thin,exploratory_unadjusted_multi_cell,none,14,14,control_median_quote_volume,0.5,2742.4319471955,0.0,0.0,0.0,1.0,0.0,0.0,0.0,1.0,0.35714285714285715,0.14285714285714285,0.2142857142857143,0.19244037798110095,2.5984937916552626,3.079794962329084,-0.4813011706738215,0.6506174691265437,1.2932165217406382,0.414841267717135,0.8783752540235032,0.10604469776511175,-1.079604080701801,-1.2845193310597556,0.20491525035795455,0.42192890355482227,-1.7837932089300874,0.4772294957869921,-2.2610227047170794,0.815759212039398,-1.6092836872039806,-8.08234166784784,6.47305798064386,0.22193890305484726
5m,300,btc-up-or-down-5m,btc-updown-5m,kraken,XBTUSD,30,20.0,margin_only,anchor_points,"240,180,120,60",30,,eligible_pressure_rows_only,thin_vs_non_thin,exploratory_unadjusted_multi_cell,none,57,56,control_median_quote_volume,0.5,8283.2411750815,0.15789473684210525,0.08928571428571429,0.06860902255639097,0.20863956802159891,0.0,0.017857142857142856,-0.017857142857142856,1.0,0.08771929824561403,0.125,-0.03728070175438597,0.8282585870706465,1.1448362913947858,1.738679561355471,-0.5938432699606853,0.7536123193840308,0.31763212814682346,0.6566414020857143,-0.33900927393889085,0.7728113594320284,-0.3078537402891952,-0.7451791843231961,0.43732544403400087,0.30053497325133743,-0.5485157426123572,0.25362702505983103,-0.8021427676721883,0.6762661866906655,-1.097117704437355,0.49557022512672766,-1.5926879295640828,0.6468676566171692
5m,300,btc-up-or-down-5m,btc-updown-5m,kraken,XBTUSD,30,20.0,margin_only,mid_window,"200,150,100",30,,eligible_pressure_rows_only,thin_vs_non_thin,exploratory_unadjusted_multi_cell,none,52,52,control_median_quote_volume,0.5,6105.978526051,0.25,0.1346153846153846,0.11538461538461539,0.10724463776811159,0.0,0.038461538461538464,-0.038461538461538464,1.0,0.09615384615384616,0.11538461538461539,-0.019230769230769232,0.7395130243487825,1.0717292321592646,1.7254682159610946,-0.6537389838018299,0.8025598720063997,0.4339664077213754,0.2801123604598691,0.1538540472615063,0.2713364331783411,-0.11265969073855975,-1.2592857921086953,1.1466261013701355,0.06854657267136643,0.09880729498584662,-1.2823362601341408,1.3811435551199875,0.20898955052247387,-0.37764307716412654,-0.8907159728647932,0.5130728957006667,0.4457277136143193
5m,300,btc-up-or-down-5m,btc-updown-5m,kraken,XBTUSD,30,20.0,margin_only,nonoverlap,,30,,eligible_pressure_rows_only,thin_vs_non_thin,exploratory_unadjusted_multi_cell,none,45,44,control_median_quote_volume,0.5,6048.608772008,0.08888888888888889,0.06818181818181818,0.020707070707070716,0.5099745012749363,0.0,0.0,0.0,1.0,0.1111111111111111,0.13636363636363635,-0.02525252525252525,0.7582620868956552,0.5965505974466134,2.2319735927740045,-1.635422995327391,0.9834008299585021,0.40233402898597637,0.43243328729672226,-0.03009925831074589,0.5468226588670566,-0.4683588702457313,-1.3838129307918505,0.9154540605461192,0.13499325033748313,-0.34075275129319915,-0.5356153575146081,0.19486260622140894,0.46507674616269185,-0.6628792409383458,-2.4147275996727857,1.7518483587344398,0.3288335583220839
5m,300,btc-up-or-down-5m,btc-updown-5m,kraken,XBTUSD,30,20.0,margin_plus_prior_30s_momentum,anchor_points,"240,180,120,60",30,10.0,eligible_pressure_rows_only,thin_vs_non_thin,exploratory_unadjusted_multi_cell,none,48,48,control_median_quote_volume,0.5,7149.79747674375,0.1875,0.10416666666666667,0.08333333333333333,0.19869006549672516,0.0,0.0,0.0,1.0,0.10416666666666667,0.08333333333333333,0.020833333333333343,0.5004749762511874,0.7803340698593216,1.7499556340099252,-0.9696215641506035,0.8989050547472627,0.3771881521743528,0.26134279001725774,0.11584536215709507,0.3285335733213339,-0.2269569015765411,-0.851838969830056,0.6248820682535149,0.2382880855957202,-0.42016632625548295,0.19819984185171277,-0.6183661681071957,0.6331183440827959,-1.5055669998883539,0.29002197030944116,-1.795588970197795,0.6842657867106645
5m,300,btc-up-or-down-5m,btc-updown-5m,kraken,XBTUSD,30,20.0,margin_plus_prior_30s_momentum,mid_window,"200,150,100",30,10.0,eligible_pressure_rows_only,thin_vs_non_thin,exploratory_unadjusted_multi_cell,none,41,41,control_median_quote_volume,0.5,5457.3889734575005,0.2682926829268293,0.17073170731707318,0.0975609756097561,0.2126893655317234,0.0,0.04878048780487805,-0.04878048780487805,1.0,0.0975609756097561,0.12195121951219512,-0.02439024390243902,0.760061996900155,0.8043450938488798,2.0530504378760632,-1.2487053440271834,0.9270036498175092,0.4155860874394972,0.3319623326872664,0.08362375475223083,0.3973801309934503,-0.0876660173571916,-1.5902969495969708,1.502630932239779,0.0375981200939953,-0.35142383640099184,-0.43115766994293503,0.07973383354194319,0.4898755062246888,0.9687072921549085,-3.1438754912115745,4.1125827833664825,0.22598870056497175
5m,300,btc-up-or-down-5m,btc-updown-5m,kraken,XBTUSD,30,20.0,margin_plus_prior_30s_momentum,nonoverlap,,30,10.0,eligible_pressure_rows_only,thin_vs_non_thin,exploratory_unadjusted_multi_cell,none,33,32,control_median_quote_volume,0.5,4780.460190723,0.12121212121212122,0.09375,0.027462121212121215,0.5159742012899355,0.0,0.0,0.0,1.0,0.15151515151515152,0.125,0.02651515151515152,0.5187240637968101,1.0061828008210445,2.0244139588503454,-1.0182311580293009,0.8845557722113895,0.5486373122536041,0.3920141850258866,0.15662312722771754,0.3393330333483326,-0.7847169401490175,-0.983202406729507,0.1984854665804895,0.4224788760561972,-1.023668089358358,0.40722244879082303,-1.430890538149181,0.7636118194090296,-0.13173770436446902,-4.7293693859819115,4.597631681617442,0.18364081795910203
5m,300,btc-up-or-down-5m,btc-updown-5m,kraken,XBTUSD,30,5.0,margin_only,anchor_points,"240,180,120,60",30,,eligible_pressure_rows_only,thin_vs_non_thin,exploratory_unadjusted_multi_cell,none,10,10,control_median_quote_volume,0.5,2411.6730027875,0.0,0.0,0.0,1.0,0.0,0.0,0.0,1.0,0.2,0.2,0.0,0.7078646067696616,1.55267264470909,2.318885155460556,-0.7662125107514659,0.7085645717714114,0.5132766818515828,0.29464921963103485,0.21862746222054796,0.368131593420329,-1.0420630144676992,-1.0172794162000232,-0.024783598267676066,0.503974801259937,-1.3666320951071456,-2.469919805547595,1.1032877104404493,0.3023348832558372,2.96778268245739,-8.107400631262625,11.075183313720014,0.015999200039998
5m,300,btc-up-or-down-5m,btc-updown-5m,kraken,XBTUSD,30,5.0,margin_only,mid_window,"200,150,100",30,,eligible_pressure_rows_only,thin_vs_non_thin,exploratory_unadjusted_multi_cell,none,6,6,control_median_quote_volume,0.5,3438.3781006874997,0.0,0.16666666666666666,-0.16666666666666666,1.0,0.0,0.0,0.0,1.0,0.16666666666666666,0.0,0.16666666666666666,0.5064246787660617,0.8986236077903182,1.5267214093131942,-0.628097801522876,0.671416429178541,0.3823728418565742,0.0,0.3823728418565742,0.5064246787660617,-0.6229490506344363,-2.654970646343675,2.0320215957092387,0.12669366531673415,-1.099321605015321,-3.597160211090964,2.497838606075643,0.216089195540223,-0.13317237178616761,-7.2050505335463235,7.071878161760156,0.13534323283835809
5m,300,btc-up-or-down-5m,btc-updown-5m,kraken,XBTUSD,30,5.0,margin_only,nonoverlap,,30,,eligible_pressure_rows_only,thin_vs_non_thin,exploratory_unadjusted_multi_cell,none,4,4,control_median_quote_volume,0.5,2376.4687668075003,0.0,0.0,0.0,1.0,0.0,0.0,0.0,1.0,0.0,0.0,0.0,1.0,0.48307143227925425,-0.012235474715566075,0.49530690699482033,0.3925303734813259,0.0,0.0,0.0,1.0,-1.0294723670575303,-2.432958304491821,1.4034859374342905,0.3183840807959602,-2.2457215262199446,-3.775384092984234,1.5296625667642894,0.3774811259437028,-4.747464089695782,-6.090351180506782,1.3428870908109998,0.43802809859507025
5m,300,btc-up-or-down-5m,btc-updown-5m,kraken,XBTUSD,30,5.0,margin_plus_prior_30s_momentum,anchor_points,"240,180,120,60",30,10.0,eligible_pressure_rows_only,thin_vs_non_thin,exploratory_unadjusted_multi_cell,none,10,10,control_median_quote_volume,0.5,2411.6730027875,0.0,0.0,0.0,1.0,0.0,0.0,0.0,1.0,0.2,0.2,0.0,0.7078646067696616,1.55267264470909,2.318885155460556,-0.7662125107514659,0.7085645717714114,0.5132766818515828,0.29464921963103485,0.21862746222054796,0.368131593420329,-1.0420630144676992,-1.0172794162000232,-0.024783598267676066,0.503974801259937,-1.3666320951071456,-2.469919805547595,1.1032877104404493,0.3023348832558372,2.96778268245739,-8.107400631262625,11.075183313720014,0.015999200039998
5m,300,btc-up-or-down-5m,btc-updown-5m,kraken,XBTUSD,30,5.0,margin_plus_prior_30s_momentum,mid_window,"200,150,100",30,10.0,eligible_pressure_rows_only,thin_vs_non_thin,exploratory_unadjusted_multi_cell,none,6,6,control_median_quote_volume,0.5,3438.3781006874997,0.0,0.16666666666666666,-0.16666666666666666,1.0,0.0,0.0,0.0,1.0,0.16666666666666666,0.0,0.16666666666666666,0.5064246787660617,0.8986236077903182,1.5267214093131942,-0.628097801522876,0.671416429178541,0.3823728418565742,0.0,0.3823728418565742,0.5064246787660617,-0.6229490506344363,-2.654970646343675,2.0320215957092387,0.12669366531673415,-1.099321605015321,-3.597160211090964,2.497838606075643,0.216089195540223,-0.13317237178616761,-7.2050505335463235,7.071878161760156,0.13534323283835809
5m,300,btc-up-or-down-5m,btc-updown-5m,kraken,XBTUSD,30,5.0,margin_plus_prior_30s_momentum,nonoverlap,,30,10.0,eligible_pressure_rows_only,thin_vs_non_thin,exploratory_unadjusted_multi_cell,none,4,4,control_median_quote_volume,0.5,2376.4687668075003,0.0,0.0,0.0,1.0,0.0,0.0,0.0,1.0,0.0,0.0,0.0,1.0,0.48307143227925425,-0.012235474715566075,0.49530690699482033,0.3925303734813259,0.0,0.0,0.0,1.0,-1.0294723670575303,-2.432958304491821,1.4034859374342905,0.3183840807959602,-2.2457215262199446,-3.775384092984234,1.5296625667642894,0.3774811259437028,-4.747464089695782,-6.090351180506782,1.3428870908109998,0.43802809859507025
5m,300,btc-up-or-down-5m,btc-updown-5m,kraken,XBTUSD,5,10.0,margin_only,anchor_points,"240,180,120,60",30,,eligible_pressure_rows_only,thin_vs_non_thin,exploratory_unadjusted_multi_cell,none,25,24,control_median_quote_volume,0.5,126.3807624895,0.16,0.08333333333333333,0.07666666666666667,0.35008249587520623,0.0,0.0,0.0,1.0,0.12,0.041666666666666664,0.07833333333333334,0.3215339233038348,0.42312371606558175,0.3074423033594952,0.11568141270608656,0.343832808359582,0.10996448914899398,0.01380365648598344,0.09616083266301054,0.3220338983050847,-0.5538568468377115,-0.8204971278334144,0.2666402809957029,0.3774811259437028,-0.0747962279620819,-2.074782561362887,1.9999863334008052,0.11339433028348582,-2.1418812318534277,-5.75587169430854,3.6139904624551127,0.2688365581720914
5m,300,btc-up-or-down-5m,btc-updown-5m,kraken,XBTUSD,5,10.0,margin_only,mid_window,"200,150,100",30,,eligible_pressure_rows_only,thin_vs_non_thin,exploratory_unadjusted_multi_cell,none,19,19,control_median_quote_volume,0.5,95.56021840349999,0.3684210526315789,0.15789473684210525,0.21052631578947367,0.1343432828358582,0.15789473684210525,0.05263157894736842,0.10526315789473684,0.3015849207539623,0.15789473684210525,0.10526315789473684,0.05263157894736842,0.4999250037498125,0.5475688459346306,0.25241615626148733,0.2951526896731433,0.21148942552872357,0.15916586333659039,0.02038573812249721,0.13878012521409316,0.2705864706764662,-0.6899564308050804,-0.8202875897905514,0.13033115898547099,0.44437778111094445,-1.726890024699702,-0.09594329418280073,-1.6309467305169014,0.8172591370431478,-1.5853463977096407,-3.739744756894236,2.1543983591845954,0.3698315084245788
5m,300,btc-up-or-down-5m,btc-updown-5m,kraken,XBTUSD,5,10.0,margin_only,nonoverlap,,30,,eligible_pressure_rows_only,thin_vs_non_thin,exploratory_unadjusted_multi_cell,none,32,31,control_median_quote_volume,0.5,102.98179278700002,0.0625,0.16129032258064516,-0.09879032258064516,0.9528023598820059,0.0,0.06451612903225806,-0.06451612903225806,1.0,0.0625,0.12903225806451613,-0.06653225806451613,0.9105044747762612,0.2943091065328037,0.8327469313044581,-0.5384378247716544,0.9692515374231289,0.08415198899161296,0.07169514274856373,0.012456846243049227,0.4988250587470626,-0.5279202786102744,-0.5628541108064405,0.03493383219616619,0.4868256587170641,-0.7766658444836316,-0.7071959439400798,-0.06946990054355184,0.5188240587970602,-0.3122937008898361,-0.9617130056470283,0.6494193047571922,0.456077196140193
5m,300,btc-up-or-down-5m,btc-updown-5m,kraken,XBTUSD,5,10.0,margin_plus_prior_30s_momentum,anchor_points,"240,180,120,60",30,10.0,eligible_pressure_rows_only,thin_vs_non_thin,exploratory_unadjusted_multi_cell,none,24,23,control_median_quote_volume,0.5,121.44698284200001,0.16666666666666666,0.08695652173913043,0.07971014492753623,0.34738263086845655,0.0,0.0,0.0,1.0,0.125,0.043478260869565216,0.08152173913043478,0.32053397330133493,0.4851040627709293,0.27000803320450834,0.215096029566421,0.2408879556022199,0.11454634286353539,0.014403815463634895,0.1001425273999005,0.32193390330483473,-0.4657988722721916,-0.7374788674532143,0.27167999518102276,0.3789810509474526,-0.9960965303451016,-1.1765480627670428,0.18045153242194123,0.4599770011499425,-2.084363114913028,-4.743966005360044,2.659602890447016,0.327833608319584
5m,300,btc-up-or-down-5m,btc-updown-5m,kraken,XBTUSD,5,10.0,margin_plus_prior_30s_momentum,mid_window,"200,150,100",30,10.0,eligible_pressure_rows_only,thin_vs_non_thin,exploratory_unadjusted_multi_cell,none,18,18,control_median_quote_volume,0.5,101.236478017,0.3888888888888889,0.1111111111111111,0.2777777777777778,0.060296985150742465,0.1111111111111111,0.05555555555555555,0.05555555555555555,0.5034248287585621,0.1111111111111111,0.1111111111111111,0.0,0.7003649817509124,0.2315964046178577,0.2624848264996952,-0.03088842188183749,0.5421228938553072,0.01938386705700922,0.02151827912930261,-0.0021344120722933922,0.5699215039248038,-0.612499717079552,-0.9007708696988591,0.28827115261930714,0.3861806909654517,-0.6634850074128875,-0.17684029447907576,-0.48664471293381173,0.6167191640417979,-2.1293003599614146,-3.1150853560022647,0.98578499604085,0.45317734113294333
5m,300,btc-up-or-down-5m,btc-updown-5m,kraken,XBTUSD,5,10.0,margin_plus_prior_30s_momentum,nonoverlap,,30,10.0,eligible_pressure_rows_only,thin_vs_non_thin,exploratory_unadjusted_multi_cell,none,30,29,control_median_quote_volume,0.5,102.249792,0.06666666666666667,0.1724137931034483,-0.10574712643678162,0.9532523373831309,0.0,0.06896551724137931,-0.06896551724137931,1.0,0.06666666666666667,0.13793103448275862,-0.07126436781609195,0.9076046197690115,0.29722892544515406,0.7113186641864258,-0.4140897387412717,0.9205539723013849,0.08976212159105382,0.07663963535191295,0.013122486239140863,0.4997750112494375,-0.5137172533101989,-1.0102745700902918,0.49655731678009285,0.3293335333233338,-0.42246579135468304,-2.087014836507182,1.6645490451524991,0.20948952552372382,0.614964811759268,-2.425640449632804,3.0406052613920718,0.31723413829308533
5m,300,btc-up-or-down-5m,btc-updown-5m,kraken,XBTUSD,5,20.0,margin_only,anchor_points,"240,180,120,60",30,,eligible_pressure_rows_only,thin_vs_non_thin,exploratory_unadjusted_multi_cell,none,57,57,control_median_quote_volume,0.5,205.02976719974998,0.17543859649122806,0.12280701754385964,0.05263157894736842,0.29618519074046296,0.0,0.03508771929824561,-0.03508771929824561,1.0,0.05263157894736842,0.05263157894736842,0.0,0.6564671766411679,0.2762818564813527,0.05152575208608673,0.22475610439526594,0.2592870356482176,0.048230039100435954,0.0380052779686358,0.010224761131800153,0.4549272536373181,-0.8661504091166277,-0.37347528571901156,-0.4926751233976161,0.7001649917504125,0.32234277378153137,-0.9787080445398723,1.3010508183214036,0.26088695565221737,0.811743284461156,-0.9322473481811699,1.7439906326423258,0.3543822808859557
5m,300,btc-up-or-down-5m,btc-updown-5m,kraken,XBTUSD,5,20.0,margin_only,mid_window,"200,150,100",30,,eligible_pressure_rows_only,thin_vs_non_thin,exploratory_unadjusted_multi_cell,none,51,51,control_median_quote_volume,0.5,155.953075624,0.27450980392156865,0.17647058823529413,0.09803921568627452,0.17059147042647868,0.058823529411764705,0.0392156862745098,0.0196078431372549,0.5002249887505624,0.058823529411764705,0.058823529411764705,0.0,0.6581670916454178,0.3339123106718971,-0.014840404811071928,0.348752715482969,0.17829108544572772,0.059297086341082696,0.03708356214787986,0.022213524193202834,0.39448027598620067,0.1595268386536658,-1.9907393632068986,2.1502662018605645,0.009249537523123843,0.9298608803163878,-1.7869492019934645,2.7168100823098524,0.10599470026498675,1.8445188131501018,-1.372643524228363,3.217162337378465,0.2505874706264687
5m,300,btc-up-or-down-5m,btc-updown-5m,kraken,XBTUSD,5,20.0,margin_only,nonoverlap,,30,,eligible_pressure_rows_only,thin_vs_non_thin,exploratory_unadjusted_multi_cell,none,63,62,control_median_quote_volume,0.5,165.080737972,0.07936507936507936,0.06451612903225806,0.014848950332821298,0.511824408779561,0.0,0.03225806451612903,-0.03225806451612903,1.0,0.047619047619047616,0.06451612903225806,-0.016897081413210446,0.7906604669766512,0.4816861645681405,-0.1414097138442723,0.6230958784124128,0.037248137593120345,0.04363670204325158,0.04492145614782188,-0.001284754104570296,0.5150242487875606,-0.5026910293833348,-0.99545854623801,0.49276751685467524,0.2839358032098395,0.0002832717881648481,-1.325730693819239,1.326013965607404,0.24838758062096894,0.4142279336726448,0.07480012363689842,0.3394278100357464,0.46907654617269134
5m,300,btc-up-or-down-5m,btc-updown-5m,kraken,XBTUSD,5,20.0,margin_plus_prior_30s_momentum,anchor_points,"240,180,120,60",30,10.0,eligible_pressure_rows_only,thin_vs_non_thin,exploratory_unadjusted_multi_cell,none,50,49,control_median_quote_volume,0.5,181.264465022,0.2,0.12244897959183673,0.07755102040816328,0.2199890005499725,0.0,0.04081632653061224,-0.04081632653061224,1.0,0.06,0.061224489795918366,-0.0012244897959183682,0.6671166441677916,0.51040489661499,0.22335344511251012,0.2870514515024799,0.21738913054347284,0.05498224457449699,0.04421022131045389,0.010772023264043099,0.4584770761461927,-0.4766664620469428,-0.9617521668938818,0.48508570484693897,0.29713514324283785,0.02522696469211273,-1.377766669475646,1.402993634167759,0.2554372281385931,-1.4428517936925853,-0.5156274330409132,-0.9272243606516721,0.5834708264586771
5m,300,btc-up-or-down-5m,btc-updown-5m,kraken,XBTUSD,5,20.0,margin_plus_prior_30s_momentum,mid_window,"200,150,100",30,10.0,eligible_pressure_rows_only,thin_vs_non_thin,exploratory_unadjusted_multi_cell,none,42,42,control_median_quote_volume,0.5,113.397247037,0.2619047619047619,0.19047619047619047,0.07142857142857145,0.3046347682615869,0.047619047619047616,0.047619047619047616,0.0,0.6979151042447878,0.047619047619047616,0.07142857142857142,-0.023809523809523808,0.8215089245537723,0.38257691993278764,0.3339190706861527,0.048657849246634965,0.44002799860006997,0.008307371595861094,0.045030039750996974,-0.036722668155135876,0.7915604219789011,-0.00024756546247681866,-1.1036821583736665,1.1034345929111897,0.10269486525673717,0.9671038642413367,-1.9400183113781775,2.9071221756195142,0.060446977651117444,1.2161207449252966,-0.7781670995660509,1.9942878444913474,0.3432328383580821
5m,300,btc-up-or-down-5m,btc-updown-5m,kraken,XBTUSD,5,20.0,margin_plus_prior_30s_momentum,nonoverlap,,30,10.0,eligible_pressure_rows_only,thin_vs_non_thin,exploratory_unadjusted_multi_cell,none,57,56,control_median_quote_volume,0.5,132.265162664,0.08771929824561403,0.07142857142857142,0.016290726817042606,0.5098245087745613,0.0,0.03571428571428571,-0.03571428571428571,1.0,0.03508771929824561,0.07142857142857142,-0.03634085213032581,0.8989050547472627,0.5343573853200825,-0.13751077048960897,0.6718681558096915,0.032098395080245985,0.047243221890028324,0.03968838259295492,0.007554839297073401,0.4830258487075646,-0.4317706451737502,-0.6757009653305011,0.24393032015675087,0.39623018849057545,-0.32609651353661473,-1.5452191102858162,1.2191225967492014,0.2688365581720914,1.1756226206682174,-3.3572704501217334,4.532893070789951,0.16214189290535475
5m,300,btc-up-or-down-5m,btc-updown-5m,kraken,XBTUSD,5,5.0,margin_only,anchor_points,"240,180,120,60",30,,eligible_pressure_rows_only,thin_vs_non_thin,exploratory_unadjusted_multi_cell,none,9,8,control_median_quote_volume,0.5,71.15001806000001,0.0,0.0,0.0,1.0,0.0,0.0,0.0,1.0,0.2222222222222222,0.125,0.09722222222222221,0.5502724863756813,0.7815719734442615,0.235984034309894,0.5455879391343675,0.19234038298085096,0.2992070719701794,0.007031072624154369,0.292175999346025,0.40917954102294884,-0.6257105301702729,-2.2140949876369027,1.58838445746663,0.1000449977501125,-1.6975290277102368,-1.830096308384956,0.13256728067471912,0.4766761661916904,-0.6056191385201666,-7.176882234739861,6.5712630962196945,0.13274336283185842
5m,300,btc-up-or-down-5m,btc-updown-5m,kraken,XBTUSD,5,5.0,margin_only,mid_window,"200,150,100",30,,eligible_pressure_rows_only,thin_vs_non_thin,exploratory_unadjusted_multi_cell,none,7,7,control_median_quote_volume,0.5,101.236478017,0.2857142857142857,0.14285714285714285,0.14285714285714285,0.5032248387580621,0.14285714285714285,0.0,0.14285714285714285,0.5030748462576872,0.14285714285714285,0.14285714285714285,0.0,0.768561571921404,0.1680284382588175,0.3781535643297028,-0.21012512607088532,0.7899105044747763,0.0025174073375090543,0.008035511570462136,-0.0055181042329530815,0.768561571921404,-1.7590948231061392,-1.2150392163864314,-0.5440556067197078,0.6249687515624219,-2.840514853304665,-1.6399264225780752,-1.2005884307265897,0.6607669616519174,-8.080209555953697,-1.1097783116580566,-6.970431244295641,0.8583570821458927
5m,300,btc-up-or-down-5m,btc-updown-5m,kraken,XBTUSD,5,5.0,margin_only,nonoverlap,,30,,eligible_pressure_rows_only,thin_vs_non_thin,exploratory_unadjusted_multi_cell,none,17,16,control_median_quote_volume,0.5,94.27639953199999,0.058823529411764705,0.125,-0.0661764705882353,0.8967051647417629,0.0,0.0625,-0.0625,1.0,0.11764705882352941,0.1875,-0.06985294117647059,0.8507074646267687,0.48460177004859895,1.0433646325528172,-0.5587628625042182,0.9109544522773861,0.1584037439842126,0.0449135487494406,0.11349019523477202,0.4906754662266887,-1.11938496458728,0.11117385205342309,-1.230558816640703,0.872356382180891,-1.963460148333285,-1.0682772506170504,-0.8951828977162346,0.6678666066696665,-0.8892882493946236,-3.673788559252413,2.784500309857789,0.32688365581720913
5m,300,btc-up-or-down-5m,btc-updown-5m,kraken,XBTUSD,5,5.0,margin_plus_prior_30s_momentum,anchor_points,"240,180,120,60",30,10.0,eligible_pressure_rows_only,thin_vs_non_thin,exploratory_unadjusted_multi_cell,none,8,8,control_median_quote_volume,0.5,92.46647876225,0.0,0.0,0.0,1.0,0.0,0.0,0.0,1.0,0.25,0.125,0.125,0.4945752712364382,0.8021680833946863,0.235984034309894,0.5661840490847923,0.21323933803309836,0.3366079559664518,0.007031072624154369,0.32957688334229746,0.3607319634018299,-0.6971456362812419,-2.2140949876369027,1.516949351355661,0.1303934803259837,-2.899467326451799,-1.830096308384956,-1.069371018066843,0.663766811659417,1.0289536485314765,-7.176882234739861,8.205835883271337,0.0895455227238638
5m,300,btc-up-or-down-5m,btc-updown-5m,kraken,XBTUSD,5,5.0,margin_plus_prior_30s_momentum,mid_window,"200,150,100",30,10.0,eligible_pressure_rows_only,thin_vs_non_thin,exploratory_unadjusted_multi_cell,none,7,7,control_median_quote_volume,0.5,101.236478017,0.2857142857142857,0.14285714285714285,0.14285714285714285,0.5032248387580621,0.14285714285714285,0.0,0.14285714285714285,0.5030748462576872,0.14285714285714285,0.14285714285714285,0.0,0.768561571921404,0.1680284382588175,0.3781535643297028,-0.21012512607088532,0.7899105044747763,0.0025174073375090543,0.008035511570462136,-0.0055181042329530815,0.768561571921404,-1.7590948231061392,-1.2150392163864314,-0.5440556067197078,0.6249687515624219,-2.840514853304665,-1.6399264225780752,-1.2005884307265897,0.6607669616519174,-8.080209555953697,-1.1097783116580566,-6.970431244295641,0.8583570821458927
5m,300,btc-up-or-down-5m,btc-updown-5m,kraken,XBTUSD,5,5.0,margin_plus_prior_30s_momentum,nonoverlap,,30,10.0,eligible_pressure_rows_only,thin_vs_non_thin,exploratory_unadjusted_multi_cell,none,16,15,control_median_quote_volume,0.5,92.1166321735,0.0625,0.13333333333333333,-0.07083333333333333,0.8965551722413879,0.0,0.06666666666666667,-0.06666666666666667,1.0,0.125,0.2,-0.07500000000000001,0.8529073546322684,0.5211965503700402,0.9771788153687265,-0.4559822649986863,0.8545072746362682,0.1683039779832259,0.04790778533273664,0.12039619265048927,0.49872506374681264,-1.2041258634625185,0.226043807315624,-1.4301696707781426,0.8896555172241388,-1.786651115212745,-1.76863762675945,-0.01801348845329498,0.5063746812659367,-2.0830697996414287,-2.646128527529035,0.5630587278876065,0.46417679116044197
