wallet,pnl_if_held_pre_close,pnl_if_held_post_close
0x00d7cdc6888883a24951c5b8efe3493b80eccfe0,2389.04,-3.06
0x62b9fad368bf46f2c63b786a566a5ca16f3d26c5,4070.71,-69.86
0x686f9931439c59909712b2b70368c24f2a1503a5,2942.42,-15.58
0x704ba05bc17238ec1030f00aa398b7ba31baa3a6,2386.74,-4.17
0x725fd0798eca95357696f2521dd1d4784162570c,12464.57,-61.69
0x7c1bc4252e0363f41cdef193078f5e4b1fa1fa63,3405.71,-4.86
0x7f59998477864871448e312011fa5cc6b210b636,11670.85,0.0
0x8e8919437b6a32825fe7d1bfc228fa33154d3864,6870.95,-50.0
0xdd6a3384bd17150028b4b8aacd1f4d8309583680,1104.54,-24.57
0xf5c1325da8d819e0ce1ec0fde7cde72bcdb96683,11303.34,-1569.79
