period,bucket_s_to_close,bets,win_rate,avg_entry_price,edge
jan-feb,-300..-120,371,0.5472,0.5176,0.0295
jan-feb,-120..-60,266,0.5677,0.4569,0.1108
jan-feb,-60..-30,139,0.6187,0.4566,0.1621
jan-feb,-30..-10,64,0.5938,0.4188,0.175
jan-feb,-10..0,42,0.5714,0.4798,0.0916
mar-apr,-300..-120,1690,0.5337,0.5218,0.0119
mar-apr,-120..-60,1245,0.5133,0.5015,0.0118
mar-apr,-60..-30,634,0.5237,0.5231,0.0006
mar-apr,-30..-10,392,0.4745,0.4969,-0.0224
mar-apr,-10..0,279,0.5627,0.5407,0.022
may-jun,-300..-120,551,0.5045,0.4828,0.0217
may-jun,-120..-60,296,0.5507,0.4977,0.053
may-jun,-60..-30,197,0.4873,0.4653,0.022
may-jun,-30..-10,114,0.4825,0.4635,0.0189
may-jun,-10..0,35,0.5143,0.4624,0.0519
