market_timeframe,market_duration_seconds,series_slug,slug_prefix,slug,condition_id,winner,flagged,late_window_seconds,official_margin_bps_abs,pro_winner_notional_total,pro_winner_wallets,top1_share,top3_share,hhi
5m,300,btc-up-or-down-5m,btc-updown-5m,btc-updown-5m-1777988100,0x1088a3abc4bd52189d7823bcabd41956930fb54b9a8a647f3bef447ce5cffa18,Down,1,60,14.216515532342743,15689.200685,417,0.16084375811526563,0.24846041473144684,0.03711654784804284
5m,300,btc-up-or-down-5m,btc-updown-5m,btc-updown-5m-1780327200,0x854553dd79d20ade26950d8ef2738c18d5fa0a4d813a467d92704fd02690f25b,Down,1,60,17.430097641766054,15931.213377,195,0.1129856312513314,0.2857438283120423,0.04632629020457275
5m,300,btc-up-or-down-5m,btc-updown-5m,btc-updown-5m-1780422300,0xfb99c692c89e0359fda2c19923d7b5c23bced4e98b8c2da271ae175a0dd42c5c,Down,1,60,5.831617043982538,11871.046304,215,0.11154999871863024,0.28255429185460956,0.03874476887101772
5m,300,btc-up-or-down-5m,btc-updown-5m,btc-updown-5m-1780502100,0x1f1e06666fbea702408f283fe22f627b88b2f877ba35001202657309f1818fa5,Down,1,60,17.386838432307584,7778.974455,154,0.13574564437877434,0.3453362531963733,0.05670570432401626
5m,300,btc-up-or-down-5m,btc-updown-5m,btc-updown-5m-1780545000,0x4abdc9aa9f22070e71f54fbb19462135d2d78113f21a4816aa6b1281f09fa7c8,Up,1,60,3.104425478476605,6604.239741,299,0.06494332683553622,0.16768407953529502,0.018332429541558105
5m,300,btc-up-or-down-5m,btc-updown-5m,btc-updown-5m-1780606200,0x3e58336da2c1551f24d346f748f77cbd0e8098f4d65afc05a51ce860f0350f0b,Up,1,60,4.535087453901814,9984.890881,402,0.07010592367434006,0.18876935246098864,0.021843965256631848
5m,300,btc-up-or-down-5m,btc-updown-5m,btc-updown-5m-1780670400,0x8c00cfdf71677004f34900773fe415335216438c0e64b7ab69625de33bc5d58a,Down,1,60,8.798411980597525,15450.07966,437,0.3196366691095753,0.46396505116789793,0.11830268739509649
5m,300,btc-up-or-down-5m,btc-updown-5m,btc-updown-5m-1780674900,0x6caf5ea0b127008fd192d2dfda980ae9dd57c43dee7f965989c251698f70101b,Down,1,60,17.42786677774666,16306.450123,517,0.1879011010911734,0.3059576361113063,0.04821895168822557
5m,300,btc-up-or-down-5m,btc-updown-5m,btc-updown-5m-1780682100,0x7fcba4126ca6632d2cbb36e25635e783ffe02350fd61c6531bb2c7936a69cc70,Up,1,60,3.287559365583078,6223.711429,303,0.06969460344495673,0.16576756679185678,0.02042540495164329
5m,300,btc-up-or-down-5m,btc-updown-5m,btc-updown-5m-1777906800,0x89bc8ca02a7797d57ed15d1a9366156e10d2602474cfa7a9ef25af5ac822c949,Down,0,60,13.689182197469297,7405.910883,474,0.0682342804259207,0.16433710980694227,0.01843994606977375
5m,300,btc-up-or-down-5m,btc-updown-5m,btc-updown-5m-1777987200,0x2b1a2647f47d8db0aa1633c1d8f445fa2250d501e8e97a39fc121405b54b0a5f,Down,0,60,0.13168461440548204,3010.1106839999998,287,0.04147023518554443,0.11312228477509367,0.01498337024805881
5m,300,btc-up-or-down-5m,btc-updown-5m,btc-updown-5m-1778060400,0x62bc20bc370abc193653b2d8302a956cef62d7f3ef6cb0824672e62a578d73c3,Up,0,60,0.9714347972840959,4191.423286,261,0.09604847149288846,0.2345057115283679,0.028129897942384467
5m,300,btc-up-or-down-5m,btc-updown-5m,btc-updown-5m-1778070300,0x4bda4a25aa6cbeb2651756dd33afab6837e9ab9c7bf6cd045a85be6fa1e5b3e6,Down,0,60,3.2527547555765004,10179.493002,293,0.11788405412373995,0.2942796935379238,0.04276657482531706
5m,300,btc-up-or-down-5m,btc-updown-5m,btc-updown-5m-1778073900,0x97ff4eadcc03dff46ae6d5897dd24a4a8f47f0dd2238eaf15bba59dd9168f243,Down,0,60,5.926584827687449,6505.494419,381,0.04895741652929702,0.12227891513928607,0.013935992145937198
5m,300,btc-up-or-down-5m,btc-updown-5m,btc-updown-5m-1778074200,0xf6570646a2361d0eb7a0f1693b55d8881f2a3f3ec357dd479aa92c16eb3a67f9,Up,0,60,6.929463690954454,14512.158271,480,0.2046559818697005,0.37980566336672084,0.06354382912715988
5m,300,btc-up-or-down-5m,btc-updown-5m,btc-updown-5m-1778074500,0xe9f19acdfd1704cb864ac9b088506e0598682a92ad0af2659d4828b9256702ae,Down,0,60,17.321499683294345,5200.476594,136,0.07270502869606801,0.1882578991182361,0.028575138973245148
5m,300,btc-up-or-down-5m,btc-updown-5m,btc-updown-5m-1778074800,0x98bc493b33383e2bb80f3bf4a439ee0558ae37088344dea99c4e5397c7986d34,Up,0,60,6.199359389136081,14758.387257,435,0.10196236037147374,0.20818857443537264,0.02666203526681421
5m,300,btc-up-or-down-5m,btc-updown-5m,btc-updown-5m-1778075700,0xd9361e3f120bcfafa665f50e82595f35020639a9787e1fba6275c8c24f6ef44b,Down,0,60,7.2706965714609,12405.883639,332,0.3224276541999251,0.482593584803492,0.12290478381837935
5m,300,btc-up-or-down-5m,btc-updown-5m,btc-updown-5m-1778077500,0x7ac315165846a48f5324722cff1d79e223983a0f25f964bc18c6abfd2a215683,Up,0,60,3.5152521668199297,18983.334248,270,0.15645302143446724,0.3235394691871413,0.04868554381578212
5m,300,btc-up-or-down-5m,btc-updown-5m,btc-updown-5m-1778161200,0x46d14588cdf0d9c693fc562536da1c1bea662a06e52422b8e4e5802af0a8616b,Down,0,60,15.012014806267587,14029.844616,323,0.21168801802786838,0.4240845684929858,0.0770789066106364
5m,300,btc-up-or-down-5m,btc-updown-5m,btc-updown-5m-1778167200,0xaad1b0b722910e5f1623ce41b71076a297b4b0811c87ee7d2853dea3c312efa8,Down,0,60,19.141140705336753,405.721899,2,0.9975352599835879,1.0,0.9950826698538728
5m,300,btc-up-or-down-5m,btc-updown-5m,btc-updown-5m-1778177100,0x035f37c6c920287812fc7076d1052ef3eda960155091ae1abb260cbb0a12369e,Down,0,60,3.6527337873189274,10405.230762000001,426,0.1441438478690416,0.2773756446171549,0.0393513081513908
5m,300,btc-up-or-down-5m,btc-updown-5m,btc-updown-5m-1778248500,0x120cdefef9b7123c75e0e2dd570d960c4d16ecc25a3e8add94dcf8ef1b33379a,Up,0,60,7.272263994894912,16774.465848,361,0.2503805493455257,0.3899331835224945,0.07899166635305595
5m,300,btc-up-or-down-5m,btc-updown-5m,btc-updown-5m-1778253900,0x48d2fdd587adb420bb110d593310b05dbb8dc3fb192f7738244987d87c687cd3,Down,0,60,0.4258938192128821,8751.019614,437,0.08879586999860654,0.17537993978949387,0.019845325666242516
5m,300,btc-up-or-down-5m,btc-updown-5m,btc-updown-5m-1778453700,0x0cfa4e0858bfce896f61f174c55b31635b3fba8f457623ce062ac45043999db4,Up,0,60,1.0765620224188002,5292.484918,279,0.1118204225745136,0.18773304324794676,0.02624939027686872
5m,300,btc-up-or-down-5m,btc-updown-5m,btc-updown-5m-1778688300,0x6cfe7830ed1d73469a513522ac0cd4a3a2a969397e1e9fa5890df88f91c5a49a,Down,0,60,18.603466660099667,5233.947887,45,0.382122241791438,0.8597764626539546,0.26733365868680253
5m,300,btc-up-or-down-5m,btc-updown-5m,btc-updown-5m-1778690700,0x1cbfef3beec47b0656a6aa4cdc7b2a37bbbfca8578c32a97ea8a07aa2ab319fb,Up,0,60,8.141612462817363,3123.598023,82,0.16579562933088718,0.3578722001899538,0.07250684562024967
5m,300,btc-up-or-down-5m,btc-updown-5m,btc-updown-5m-1778700600,0x6db67fbe8c60a0d2686a8683e1bc81393358c1c2fa5f72ac16c0bf8e52e1bb43,Up,0,60,2.008684569979724,9578.983562,174,0.3527719489367676,0.5570729633746082,0.1527631373858919
5m,300,btc-up-or-down-5m,btc-updown-5m,btc-updown-5m-1778772900,0x363e316cf52cc52d8c4709a1599f703a9f3c78c570f5a0b81a4f4ab1ab24cbfb,Down,0,60,9.420806868927139,3742.893179,28,0.8015949044000222,0.9484064666650216,0.6608512827298417
5m,300,btc-up-or-down-5m,btc-updown-5m,btc-updown-5m-1778778000,0xe6ed0c8969ef32a0ce154942b92f0d6156b159acef629f89b100a565318044aa,Up,0,60,15.829899055842237,12354.761509,215,0.08013104901125123,0.19296117519252384,0.03131736677805608
5m,300,btc-up-or-down-5m,btc-updown-5m,btc-updown-5m-1778852700,0x45a27c5d9f41cef9c1ec74c5780dc2f80c2062a97e2e4822b0c69bcb94399785,Down,0,60,2.9225736349735048,16621.409818,540,0.2526861435936469,0.3339790488763701,0.07167355401479003
5m,300,btc-up-or-down-5m,btc-updown-5m,btc-updown-5m-1778854200,0x5ecedf43ec056e6a5b5b95061fa310c1b55b3876c3ac432d8130696a7b8e2df4,Up,0,60,18.71465225273495,2791.484739,112,0.1791161484834469,0.3431328029911182,0.06142806395914614
5m,300,btc-up-or-down-5m,btc-updown-5m,btc-updown-5m-1778857200,0xc89cabf34d6c28da1446f7ff5e9e4cbdc3540d254329ddf0d70a4b65d2312cc2,Down,0,60,5.192348147817844,9108.745956,425,0.027824785236550735,0.07814356679155582,0.009296785339378071
5m,300,btc-up-or-down-5m,btc-updown-5m,btc-updown-5m-1778859000,0xc9bacfb85eaeaf1f649f260e663652ec0ddd370f7f85c62198198c41b143ec0a,Up,0,60,2.5604321134702794,9929.946388,336,0.05035273600311003,0.12672172052415717,0.01529614467800879
5m,300,btc-up-or-down-5m,btc-updown-5m,btc-updown-5m-1779061500,0x107ce1e12505e2fddd1255992514bf895962ce4d04e1768db163409e30df0eb5,Up,0,60,1.8189900850473597,11327.24851,457,0.1493142221173004,0.3038971203784422,0.04230783710283351
5m,300,btc-up-or-down-5m,btc-updown-5m,btc-updown-5m-1779119100,0x0e58443b26f283235d44a39fe57ac8e0741834c138f7c9239a131d802e81cbe2,Down,0,60,1.2676629646883601,5186.725163,311,0.07711223930914113,0.1470045872951144,0.017656969408988258
5m,300,btc-up-or-down-5m,btc-updown-5m,btc-updown-5m-1779322200,0x06d0a6b449d9c172800f5c8f4ef7c7f9e7bb72aa49d0d32cc7102ec24e357058,Up,0,60,3.2234897672446197,9589.786979,260,0.1285199872217099,0.336970913751931,0.048081672751694955
5m,300,btc-up-or-down-5m,btc-updown-5m,btc-updown-5m-1779374100,0xd73ede5dbe1b8fb2ee7d1f05235b8e9e5114d2c414dba3b179b6678bef67d166,Up,0,60,2.9222326296472803,16027.845968,300,0.22696000231489122,0.36962322696561617,0.07456703814017507
5m,300,btc-up-or-down-5m,btc-updown-5m,btc-updown-5m-1779478500,0x2addc636da0ff52043053db428c2a9709fabfc292d117faca88ee19f79607f11,Down,0,60,5.916806263407515,13875.63179,464,0.062358241635064315,0.18402123352972025,0.019710707541425666
5m,300,btc-up-or-down-5m,btc-updown-5m,btc-updown-5m-1779480000,0x8ac5a8aeec2dc11d17f6a60ec487caebac10a12dc2e69b16764b0b7082416b86,Up,0,60,2.8175877458729883,10200.642507,444,0.08647396469336929,0.14417033025035508,0.016575454528290186
5m,300,btc-up-or-down-5m,btc-updown-5m,btc-updown-5m-1779841200,0xa5987268b52d7c90c7b80cca38a4bdedb8bc680d5c9dc64f9288bb6fcb211680,Down,0,60,1.293238556187676,4990.501601,247,0.1254165913652013,0.2506127640054032,0.03288118735096161
5m,300,btc-up-or-down-5m,btc-updown-5m,btc-updown-5m-1779845700,0x1174c8f4e9e44c1bde6401ec8c86347493531af02df4ccb353249c02408bb544,Up,0,60,1.680284308063753,9389.884284,334,0.23221378816301502,0.29807929601105615,0.06291032419290898
5m,300,btc-up-or-down-5m,btc-updown-5m,btc-updown-5m-1779894300,0xf60b1336db80fc57ea638e60ae43d0a4f46bdcc8605f318eb29354411d40eead,Up,0,60,7.485312741265436,11980.17096,375,0.21245857079154737,0.3222098651921074,0.05874136042178599
5m,300,btc-up-or-down-5m,btc-updown-5m,btc-updown-5m-1779939000,0xf7d66ad91e0591e31d4c64ca1c8743ecf586755f8275389be561f692739f50be,Down,0,60,9.144777540696756,11970.356772,352,0.2017480469461817,0.32280349413131093,0.05470867220378539
5m,300,btc-up-or-down-5m,btc-updown-5m,btc-updown-5m-1779945900,0xb73fdec94241bb34cc36a8dab43ec10eb6a5497326765b37e4135466e2e550b3,Down,0,60,9.981116662547343,8229.524057,82,0.3339271847273488,0.6948229035355015,0.18878781186167692
5m,300,btc-up-or-down-5m,btc-updown-5m,btc-updown-5m-1779947100,0x42f29d2272e52d869d2876779e40c71ec43b16a69d7cfac45a155ef830e9511c,Down,0,60,5.1859778012653495,3388.847864,109,0.23610643856274333,0.4569250506785217,0.0968189163145612
5m,300,btc-up-or-down-5m,btc-updown-5m,btc-updown-5m-1779975300,0xe6c9513b49ba4107bb09f2f9458e8affca48c67c0f89a5a10ed5d405d194cf0b,Down,0,60,6.352427725495272,7988.915027,111,0.24784341719848413,0.5048805859579459,0.1050043844596495
5m,300,btc-up-or-down-5m,btc-updown-5m,btc-updown-5m-1779975600,0x9dd09205e9bf3a731af06f567027dda0ca29e993404c76bf229562df5b5082bb,Down,0,60,17.073209701479975,8656.255432,188,0.13643320824777622,0.2744992010305086,0.03928313855880907
5m,300,btc-up-or-down-5m,btc-updown-5m,btc-updown-5m-1779978600,0x356f6d8a164d3b3116751b309b5336355c5da7c6ed513620f41f7900ec610d68,Down,0,60,5.088555103982649,8261.647458,367,0.11718364925660571,0.18283612386985978,0.02364036038638998
5m,300,btc-up-or-down-5m,btc-updown-5m,btc-updown-5m-1780062600,0xdb7d2f4a1cf6fadddbd706b2f25df913ef8c1fb355f590636bf0d35a54ff5e4d,Down,0,60,13.578940672496687,0.0,0,,,
5m,300,btc-up-or-down-5m,btc-updown-5m,btc-updown-5m-1780067400,0x515fd76a9942124922dc3b53a56789b7c96c99731592f3a563e6be33bc2b48b8,Up,0,60,6.014122564394723,14738.580361,491,0.1635679177337289,0.22571787767314397,0.03497888277622163
5m,300,btc-up-or-down-5m,btc-updown-5m,btc-updown-5m-1780071900,0x133e9848fbede1e890403987758c464185fe55d55d51a36a02b0b640c2e9d3bf,Up,0,60,2.434256061711008,17381.174867,408,0.27616084578455674,0.4583094422531938,0.09829577389892803
5m,300,btc-up-or-down-5m,btc-updown-5m,btc-updown-5m-1780072500,0xd2292fc1c2170ca81a408cd659328df69bd9cc9c53336170bdc758a1dcd31230,Down,0,60,11.29712244958364,0.0,0,,,
5m,300,btc-up-or-down-5m,btc-updown-5m,btc-updown-5m-1780074000,0x772d6d25758befba401f4eea49b73db2910e1e66b5024ba131a84124f33aeec0,Down,0,60,14.201228536437348,2076.712753,110,0.2229166741193504,0.3238520089157463,0.07038520903942859
5m,300,btc-up-or-down-5m,btc-updown-5m,btc-updown-5m-1780279200,0x569c897d572b8eb6a1ceed15c6d66833e90642e3d7c581c3e6f075a05e95b688,Up,0,60,10.615660839880567,16878.558678999998,282,0.14623920483631245,0.3232348028500758,0.048679187874076726
5m,300,btc-up-or-down-5m,btc-updown-5m,btc-updown-5m-1780320600,0x264068e44dfe76c5a3e8e735de7bf6156ba1369402a9ced64d87825f80ed67bf,Up,0,60,17.829215551182887,2498.729178,28,0.5943021008737747,0.7868559815568776,0.3799584898929795
5m,300,btc-up-or-down-5m,btc-updown-5m,btc-updown-5m-1780323600,0x8314d53d35a5d92d4093f3d6133397cf4b62351356b977558878dc6a77f29753,Up,0,60,0.36176247792910304,14409.693941,453,0.07754025072113778,0.15607418215878677,0.016181744009231416
5m,300,btc-up-or-down-5m,btc-updown-5m,btc-updown-5m-1780328700,0x539e56bf0547efdcb0f2d08b285934c65dd2e1e0b8cd189cd4b1adfe8b0e85e4,Down,0,60,14.83873864273892,9705.368839,99,0.1530080952753371,0.39163952066675284,0.07662340512045258
5m,300,btc-up-or-down-5m,btc-updown-5m,btc-updown-5m-1780330800,0xd5ab86f67860327e4a1f84f9b6c8d7c40c7119432ace5247968f0521ad707ff7,Up,0,60,1.3493865830949148,5441.746378,341,0.059723473205939265,0.13028905148287673,0.014572908612114186
5m,300,btc-up-or-down-5m,btc-updown-5m,btc-updown-5m-1780358400,0xe88f3a69e4bd4abb42223e4d7e8b9be80a3270cf3b055f5119e82b42ce08b574,Down,0,60,10.94497341661493,9082.934373,143,0.2421882521290788,0.5094980113207078,0.10520043728442711
5m,300,btc-up-or-down-5m,btc-updown-5m,btc-updown-5m-1780403700,0x1fc6bf5722625e722667fe042dbd0bad3e1914c456e448cd1ff795863b4342eb,Down,0,60,10.363900713616063,13698.001795,273,0.13140589605244682,0.23316461866473276,0.036250128551679396
5m,300,btc-up-or-down-5m,btc-updown-5m,btc-updown-5m-1780404300,0x60257b3ff151a06764a3d2347f0e665d6dbb03fd65aae15f2c6878924936ea2d,Down,0,60,12.138601897476896,6281.833313,80,0.1735177846480372,0.38710153212242676,0.07242537325455523
5m,300,btc-up-or-down-5m,btc-updown-5m,btc-updown-5m-1780408200,0x4d3560b7e743847f9a17802786a706a4149539d204e27ad9cb63b457339853a6,Down,0,60,13.77589449079171,8760.65437,164,0.11368328870620653,0.23796195032403722,0.0383652863539701
5m,300,btc-up-or-down-5m,btc-updown-5m,btc-updown-5m-1780414800,0x95ce68bc685527533ed446bcb8059bc0fbb624b5c99ed4051a3cae14fa7076c1,Up,0,60,11.159710919871001,12692.843191,257,0.31513821606464376,0.4072009070170195,0.10935791305512874
5m,300,btc-up-or-down-5m,btc-updown-5m,btc-updown-5m-1780415400,0xa2d12957b2ff5f42f1409e383f92d09ad96534206bec5fd1745343894101260a,Down,0,60,0.5515082219774761,10929.158761,534,0.045749172643023334,0.11320450137616955,0.010522300169786235
5m,300,btc-up-or-down-5m,btc-updown-5m,btc-updown-5m-1780418400,0x66145235ca3bcc3f6201e8ab1934c459fc120c8a617a0503b9a22a896a8d71e0,Up,0,60,3.078745243319723,12546.38492,502,0.037891389434591013,0.0936843460084118,0.009885938767611525
5m,300,btc-up-or-down-5m,btc-updown-5m,btc-updown-5m-1780419900,0xe35b208b8d060b23a886e556b5b59275fcdc5b8b422759549369de3f4e792407,Down,0,60,12.722717948795147,15521.42497,217,0.26703097866406783,0.4859045812209341,0.10261586904800277
5m,300,btc-up-or-down-5m,btc-updown-5m,btc-updown-5m-1780426200,0x1d24456032b104cf7dec175f3694c8e8eef94228205e1dfff8661f057b0b3216,Down,0,60,20.49834090775238,394.771608,21,0.22279109798595242,0.5286398407861186,0.1213625339315544
5m,300,btc-up-or-down-5m,btc-updown-5m,btc-updown-5m-1780426800,0x77cf780e7e651285edd25cf9ed413d986ad39f15073293fc3ea53037f591503a,Down,0,60,9.023221754709047,12473.520842,275,0.2689501178130953,0.5471394151216827,0.1354732897561795
5m,300,btc-up-or-down-5m,btc-updown-5m,btc-updown-5m-1780439700,0xa3bcab0d1bf7142e2b40131e3a2f384af671fcff9d0c0073b249affffeea65f5,Down,0,60,22.201667821421527,11787.65785,291,0.48857766939680897,0.5355467795495947,0.243183992367105
5m,300,btc-up-or-down-5m,btc-updown-5m,btc-updown-5m-1780457400,0xc72e39dbaea5d83f6f5ba24dc3c513de3eb39fd1ab633aa73cc524f77028df96,Down,0,60,17.410325582527754,11164.787919,198,0.08991303796211411,0.2003535809393461,0.02481904453667676
5m,300,btc-up-or-down-5m,btc-updown-5m,btc-updown-5m-1780494300,0xb4f44a3cbc16853a20c80df40ebed6fe9d1591ed0161c695b7dd07b8f105b65f,Up,0,60,5.348899849404415,21631.957909,714,0.16352944633496327,0.24316604336639847,0.03751558607684677
5m,300,btc-up-or-down-5m,btc-updown-5m,btc-updown-5m-1780496700,0xa1ef8ff35edda5ae6a363e6e36dbf03ad1189493046df3daea6344c819ae7e97,Up,0,60,11.841277974202137,13462.974357,407,0.1918109350522029,0.3079192076782472,0.051937815185193685
5m,300,btc-up-or-down-5m,btc-updown-5m,btc-updown-5m-1780498800,0xfd6ad4bf0a8da2908e6b1734abf0fe8b730ec39da52221259cd6655bbd38d976,Down,0,60,15.198909259698782,13037.489045,317,0.2915701472023749,0.3701093886518391,0.09297190907684098
5m,300,btc-up-or-down-5m,btc-updown-5m,btc-updown-5m-1780501500,0xb8a24e2607b00cef353f1f9976a4aea60f81d2d8736c57aa17efa2cbd8b31545,Up,0,60,0.7903094207765864,4324.977753,308,0.15710804512894336,0.24560829203414403,0.03700065195173907
5m,300,btc-up-or-down-5m,btc-updown-5m,btc-updown-5m-1780501800,0x3aabe1c5db9b8ad87dc5e1ea309d655808c00f351898906352da4ee3f9c167c2,Down,0,60,17.585606707648175,9733.373862999999,376,0.049097816104302666,0.1317804409913685,0.015347178238356579
5m,300,btc-up-or-down-5m,btc-updown-5m,btc-updown-5m-1780502400,0x8caa2d25066398e2ad3153e0d70a629461c1022832833a56dddc53b88d030fa7,Up,0,60,15.395882915428963,14814.642473,419,0.10124105274450655,0.20372148538180926,0.024717017940539394
5m,300,btc-up-or-down-5m,btc-updown-5m,btc-updown-5m-1780503900,0xb81a8ebf220e0d4079d48ce7a19295d230f854a372946519dc29f77f71cea5fd,Down,0,60,5.5237218435192865,13687.998947,485,0.12565377208601858,0.19936379339056653,0.026252820828625237
5m,300,btc-up-or-down-5m,btc-updown-5m,btc-updown-5m-1780505700,0x02c66b889382c7ca2d0b5e2b712c436b438dc131992edf2f0774444685f1b1be,Up,0,60,17.481058162839005,4036.975656,106,0.1392923930973539,0.28766049115853276,0.048426919977804364
5m,300,btc-up-or-down-5m,btc-updown-5m,btc-updown-5m-1780508400,0x893012332f42fd5cd17229a84d81d67b97a65009764ffc89c997438294ffc10a,Down,0,60,9.36760330424734,14733.740894,395,0.07465856627409209,0.19745810727435475,0.025541792374052914
5m,300,btc-up-or-down-5m,btc-updown-5m,btc-updown-5m-1780516500,0xdc1cc982fa66e3eb63c591cd11ed882349539572726f3c701725bd861d8795ae,Up,0,60,14.988489012426335,10648.304270999999,267,0.09297254988253896,0.18614043584367446,0.024913830031639127
5m,300,btc-up-or-down-5m,btc-updown-5m,btc-updown-5m-1780519800,0xba2a8b6005ceeb82301165114d5d82e5d8d28c4e84a4401f40f09b0c6ef71eb1,Down,0,60,11.371369256695539,13197.072592,428,0.09525087410385293,0.22337341940416294,0.026058939168913213
5m,300,btc-up-or-down-5m,btc-updown-5m,btc-updown-5m-1780528500,0xda6884cb59728770b2c956d36026af001d6803b7930b384cf3caf4cb8f89f2d0,Down,0,60,15.989934050124555,5959.942266999999,213,0.05996534596968437,0.15232192936274294,0.016990921063178992
5m,300,btc-up-or-down-5m,btc-updown-5m,btc-updown-5m-1780528800,0xdd439573cd64423725315c03b272bc3902530edbc800fe5dad161751c24410fc,Down,0,60,18.663035976544613,7803.86936,245,0.13958548634648082,0.26580164330172745,0.04113231488854076
5m,300,btc-up-or-down-5m,btc-updown-5m,btc-updown-5m-1780529400,0x0f16adb6ee0882e3d9f824d50ee2c9e251c31dd9c05d1312542160414e4ecbb1,Up,0,60,4.482888456772658,11899.925918,348,0.26894343057707765,0.38076819336716816,0.08619541892218385
5m,300,btc-up-or-down-5m,btc-updown-5m,btc-updown-5m-1780530300,0xf3437c923c97e4fde048a2d52b39b3063b4a942f016ec6e9edd0bcf8dfa2c886,Up,0,60,5.660426482830374,14894.953447,438,0.20422178631331445,0.30362489880160554,0.05412083499365797
5m,300,btc-up-or-down-5m,btc-updown-5m,btc-updown-5m-1780531800,0x852bbe6b93be74cdae585d6ae76d797d502cf5b5f13ebe0940d228ed4819cf8f,Down,0,60,1.573841628810649,5172.268115,195,0.19128030063460855,0.33367578045594026,0.057921034392531275
5m,300,btc-up-or-down-5m,btc-updown-5m,btc-updown-5m-1780532100,0xacb10bf7c01e494a6526a504c728877738f901450a8c87fec7771a8fbbfe837b,Down,0,60,6.975537175731549,12561.857582999999,366,0.2857311728209234,0.425786390640057,0.09712154119054202
5m,300,btc-up-or-down-5m,btc-updown-5m,btc-updown-5m-1780534200,0xf54be66e6e75718633e3e3c4aa99028704e6518e8b4503f08548364e788a7529,Down,0,60,9.985414806310633,19748.278379,534,0.09775535684431422,0.22463324725649494,0.028298612067103466
5m,300,btc-up-or-down-5m,btc-updown-5m,btc-updown-5m-1780536900,0xa4358e58ad7f43ef83a269b0cc2bd7158ffce1c5135f49a447eda3bfc23dca52,Down,0,60,14.26587496999359,11752.66798,428,0.17782934084044463,0.2799312624672649,0.04316729137045688
5m,300,btc-up-or-down-5m,btc-updown-5m,btc-updown-5m-1780538100,0xfa84801b5d315937c8a0e2c241dbc15c5f174f6c38649c61e1dc3480972a5a68,Down,0,60,11.169851723055713,14407.158707,523,0.09928798794345091,0.21129207624546784,0.02254910710040845
5m,300,btc-up-or-down-5m,btc-updown-5m,btc-updown-5m-1780542900,0x995c1e9123382f25c78b18eb91595be25d2c31823c10a61d00281cb4230e0d8b,Up,0,60,18.26891523026191,11341.6011,267,0.2943743101668423,0.41737280841238544,0.10109926371443785
5m,300,btc-up-or-down-5m,btc-updown-5m,btc-updown-5m-1780543500,0x609b196d7b7aff9c47016c56cd24a50792758ae9243ab3cf337ccff52a7ec326,Up,0,60,1.8779499302801497,8011.685945,367,0.14229214260594683,0.22399515049887542,0.029979578885040756
5m,300,btc-up-or-down-5m,btc-updown-5m,btc-updown-5m-1780583100,0x16f4e9492636b01ebba5c1062d8cac60055c21dbe3511ed04b082ada0f8dcf4c,Down,0,60,4.391296635138791,12305.147468,503,0.12190020427636537,0.19910366717435266,0.023068089165069174
5m,300,btc-up-or-down-5m,btc-updown-5m,btc-updown-5m-1780584300,0x7b9a74f00243960e6caf7857602389ffdc1be7870f21922a92ddeac8e6b7cff8,Down,0,60,14.72174096327476,4593.066887,22,0.7667355356760778,0.8427196126743451,0.5941546489972162
5m,300,btc-up-or-down-5m,btc-updown-5m,btc-updown-5m-1780585200,0xeca452f835bbc26919680fb04e30626478154282569c43d3f91b55cedabbf315,Down,0,60,2.3044133892206893,6986.606817,297,0.0704162710005268,0.16649670268685451,0.01908125403184949
5m,300,btc-up-or-down-5m,btc-updown-5m,btc-updown-5m-1780586700,0xdef7947df2746df1dd79798153bc7c7fab5b056d258446ccd4c8b60d1dbb82ba,Up,0,60,1.5164767214222936,7870.808671,350,0.04412751148172333,0.11022103754045122,0.013485874522098179
5m,300,btc-up-or-down-5m,btc-updown-5m,btc-updown-5m-1780593000,0x70b53decf1471185d28a61212eb9b1944eb9496221347da2296a224e01b40a8e,Up,0,60,4.5238285305693,8426.063511,341,0.07406779727986315,0.12637779891046919,0.01508366349421228
5m,300,btc-up-or-down-5m,btc-updown-5m,btc-updown-5m-1780593900,0xf36bef3da0382e80166bc198ef7784ff579043ddb588efdeedb02a3b2018ba65,Up,0,60,11.23726699712525,12086.691300999999,368,0.17151094996763003,0.29631905736714576,0.04700792778926132
5m,300,btc-up-or-down-5m,btc-updown-5m,btc-updown-5m-1780596600,0x52940902342f9a084d245ac4c3f5c04c8acc4672306001074560fcc6ab308097,Down,0,60,19.44445311037112,10349.428493,255,0.20329624736506693,0.3435290279462971,0.0617866051610758
5m,300,btc-up-or-down-5m,btc-updown-5m,btc-updown-5m-1780599600,0xe483bdb375db00ab7c543e0d516159e1e46130e9ec970acc2ad4c64bcadea79d,Down,0,60,17.17525061070143,7805.153101,129,0.18526861885831958,0.3247918269117884,0.0654582275560188
5m,300,btc-up-or-down-5m,btc-updown-5m,btc-updown-5m-1780601100,0xde056189e7d9879d5e15e5aa3dbf8f7379d91387ad3a8ee57fd8501de02ce7b7,Up,0,60,16.6003148392447,12638.827502,363,0.18799212186605246,0.312764534318905,0.05157333390660358
5m,300,btc-up-or-down-5m,btc-updown-5m,btc-updown-5m-1780602600,0x2cda9a07728d292899f1ede384e8a4c4da0518fa21ac0f964613a290b0da4a84,Down,0,60,11.77426838032628,6074.761441000001,118,0.48890808780650524,0.6062460288800665,0.2508661378623413
5m,300,btc-up-or-down-5m,btc-updown-5m,btc-updown-5m-1780608900,0xd28a4e5bad7235d53335a560a9408a50909cd3ed8d77c93888471cc96a52b61c,Down,0,60,18.758230714901593,9915.562099,225,0.2995291613674155,0.5180925951256049,0.12196985405776511
5m,300,btc-up-or-down-5m,btc-updown-5m,btc-updown-5m-1780613100,0x03b7a6f008fe6a7617bd1919ac7fbfeb7f321c84af9b5209b6a656ab7b7dc885,Up,0,60,16.012592535042153,3163.435195,119,0.18777056060413463,0.3459664578335071,0.06578590835054693
5m,300,btc-up-or-down-5m,btc-updown-5m,btc-updown-5m-1780616700,0x8740c8b50debccc4a203742599c6828bfe0b4bb1f25be2b4a105dc2c147b15ac,Up,0,60,1.0129806694469403,2237.489326,193,0.04220332982272292,0.10287552987414789,0.014321323112316155
5m,300,btc-up-or-down-5m,btc-updown-5m,btc-updown-5m-1780617000,0x6ef2be2da943addfddfab6aa70757ea981b1e5a45e9e3faf700f2e9b4f7581cb,Up,0,60,14.496818304885018,8870.642103,153,0.33481229041982913,0.602238250396021,0.17028118111080076
5m,300,btc-up-or-down-5m,btc-updown-5m,btc-updown-5m-1780621800,0x932b209178ec38ad83aa43524e145200d5d6fcd0e7f6fbeb15e17abbba69eaea,Up,0,60,23.159347213051568,9886.904955,244,0.16021191740079796,0.32584246684507545,0.05544941315373535
5m,300,btc-up-or-down-5m,btc-updown-5m,btc-updown-5m-1780622700,0xe302e0db8e64ee68bd3fe578ff316b7bd502c5541fdf9eaa3826370df21dec10,Up,0,60,5.327731256535705,8389.905268,322,0.20143373506800838,0.29131477375818204,0.053318901630053886
5m,300,btc-up-or-down-5m,btc-updown-5m,btc-updown-5m-1780624800,0x73bcb7fd4b49320c2013e5980248dca1d8efb6156aa6a6fe76b09095ad903156,Down,0,60,9.855422870643752,9729.780179,323,0.20349894484496966,0.3133232553989029,0.055557785498416515
5m,300,btc-up-or-down-5m,btc-updown-5m,btc-updown-5m-1780667400,0x746f890097df50454733b9c9c8ad3b2d9df6c82e7db1727c6df23525adcef127,Down,0,60,9.108840510898787,14700.640512,393,0.10775579463404539,0.2619060212279273,0.03668019617237012
5m,300,btc-up-or-down-5m,btc-updown-5m,btc-updown-5m-1780678500,0x6cf55c86b18fb78824a9c6bf9e657be1bf854169430bc609f3053b5f4e22b28a,Up,0,60,1.3779295883892666,8800.312584,482,0.04405175137810765,0.11614315414867088,0.011068372472642127
5m,300,btc-up-or-down-5m,btc-updown-5m,btc-updown-5m-1780680000,0x27d0b54c9eedf995ee2f3f082ebf0f1b9b919572dc78609549450176fdf62885,Down,0,60,3.9365949701138776,17102.600297,529,0.1806158027058521,0.22972162114372538,0.04058433991608943
5m,300,btc-up-or-down-5m,btc-updown-5m,btc-updown-5m-1780680900,0x8cc7b180b1da9f7c0ceaa51446a423a1a36b9d845144cf9480d2ac8dda69a51d,Up,0,60,2.8409305656106745,8703.215762,345,0.19452579256876293,0.2712553832466965,0.04973035184751993
5m,300,btc-up-or-down-5m,btc-updown-5m,btc-updown-5m-1780684200,0x6936fa6a2aef34e5ce0533fee79468a973aecf78a52b3d90df991870b8efa66a,Up,0,60,14.611365954628093,10947.280853,386,0.09043341568501914,0.21309564213479668,0.024769766861151482
5m,300,btc-up-or-down-5m,btc-updown-5m,btc-updown-5m-1780686300,0x5dfe02f0c6ced37875cd3919fd4affa036cab4eb3653dc0f341c99c167153d53,Down,0,60,0.12297466659724819,12118.465771,491,0.1397041492703986,0.22139270545454592,0.029372705510286437
5m,300,btc-up-or-down-5m,btc-updown-5m,btc-updown-5m-1780695600,0xc4e57d6391fe4205ca8f24e554184dcc580cc29832d0a84a15a4cedd2b3568f5,Up,0,60,6.7434223426680235,12523.298139,449,0.07870358822893149,0.1768880643431594,0.019731848071367623
5m,300,btc-up-or-down-5m,btc-updown-5m,btc-updown-5m-1777988100,0x1088a3abc4bd52189d7823bcabd41956930fb54b9a8a647f3bef447ce5cffa18,Down,1,300,14.216515532342743,31637.935418,1094,0.07976215788607624,0.12717236190800543,0.012582643428530365
5m,300,btc-up-or-down-5m,btc-updown-5m,btc-updown-5m-1780327200,0x854553dd79d20ade26950d8ef2738c18d5fa0a4d813a467d92704fd02690f25b,Down,1,300,17.430097641766054,35440.698342,861,0.050789016137045506,0.12844684537734496,0.013621455763465084
5m,300,btc-up-or-down-5m,btc-updown-5m,btc-updown-5m-1780422300,0xfb99c692c89e0359fda2c19923d7b5c23bced4e98b8c2da271ae175a0dd42c5c,Down,1,300,5.831617043982538,32782.124133,964,0.06746559164461327,0.12938958027219913,0.012031621700589705
5m,300,btc-up-or-down-5m,btc-updown-5m,btc-updown-5m-1780502100,0x1f1e06666fbea702408f283fe22f627b88b2f877ba35001202657309f1818fa5,Down,1,300,17.386838432307584,30376.314044,768,0.07995210651569205,0.16006760958413274,0.018362844663884877
5m,300,btc-up-or-down-5m,btc-updown-5m,btc-updown-5m-1780545000,0x4abdc9aa9f22070e71f54fbb19462135d2d78113f21a4816aa6b1281f09fa7c8,Up,1,300,3.104425478476605,18968.992617,689,0.1136125746112941,0.15765957367286795,0.01924060009582635
5m,300,btc-up-or-down-5m,btc-updown-5m,btc-updown-5m-1780606200,0x3e58336da2c1551f24d346f748f77cbd0e8098f4d65afc05a51ce860f0350f0b,Up,1,300,4.535087453901814,21614.420721,829,0.08763166042936024,0.1481930791181438,0.015472201325003576
5m,300,btc-up-or-down-5m,btc-updown-5m,btc-updown-5m-1780670400,0x8c00cfdf71677004f34900773fe415335216438c0e64b7ab69625de33bc5d58a,Down,1,300,8.798411980597525,29238.048661,807,0.1689036110876729,0.3086989893425843,0.04447524750187658
5m,300,btc-up-or-down-5m,btc-updown-5m,btc-updown-5m-1780674900,0x6caf5ea0b127008fd192d2dfda980ae9dd57c43dee7f965989c251698f70101b,Down,1,300,17.42786677774666,31907.839429,944,0.10785488634094752,0.2522251575794715,0.028380443377863582
5m,300,btc-up-or-down-5m,btc-updown-5m,btc-updown-5m-1780682100,0x7fcba4126ca6632d2cbb36e25635e783ffe02350fd61c6531bb2c7936a69cc70,Up,1,300,3.287559365583078,20687.525158,724,0.05558905621706459,0.14935464075098237,0.01436084776406601
5m,300,btc-up-or-down-5m,btc-updown-5m,btc-updown-5m-1777906800,0x89bc8ca02a7797d57ed15d1a9366156e10d2602474cfa7a9ef25af5ac822c949,Down,0,300,13.689182197469297,14981.895166,764,0.044913850520531665,0.11400447540683319,0.011942097991477347
5m,300,btc-up-or-down-5m,btc-updown-5m,btc-updown-5m-1777987200,0x2b1a2647f47d8db0aa1633c1d8f445fa2250d501e8e97a39fc121405b54b0a5f,Down,0,300,0.13168461440548204,9479.056029,614,0.03555845634510491,0.08381588816115648,0.009141132664086787
5m,300,btc-up-or-down-5m,btc-updown-5m,btc-updown-5m-1778060400,0x62bc20bc370abc193653b2d8302a956cef62d7f3ef6cb0824672e62a578d73c3,Up,0,300,0.9714347972840959,16815.064926,675,0.13422250273385594,0.2142794460715245,0.028422068211826457
5m,300,btc-up-or-down-5m,btc-updown-5m,btc-updown-5m-1778070300,0x4bda4a25aa6cbeb2651756dd33afab6837e9ab9c7bf6cd045a85be6fa1e5b3e6,Down,0,300,3.2527547555765004,19644.736829,777,0.06179104940759804,0.15828601355502536,0.016348603409841653
5m,300,btc-up-or-down-5m,btc-updown-5m,btc-updown-5m-1778073900,0x97ff4eadcc03dff46ae6d5897dd24a4a8f47f0dd2238eaf15bba59dd9168f243,Down,0,300,5.926584827687449,26806.048392,1041,0.09974756297157102,0.15348107739848177,0.01649896761717633
5m,300,btc-up-or-down-5m,btc-updown-5m,btc-updown-5m-1778074200,0xf6570646a2361d0eb7a0f1693b55d8881f2a3f3ec357dd479aa92c16eb3a67f9,Up,0,300,6.929463690954454,30605.730062,1018,0.09806634228034705,0.24427425795284072,0.026339903169915965
5m,300,btc-up-or-down-5m,btc-updown-5m,btc-updown-5m-1778074500,0xe9f19acdfd1704cb864ac9b088506e0598682a92ad0af2659d4828b9256702ae,Down,0,300,17.321499683294345,35422.268297,1066,0.08346465492302743,0.1865754119580119,0.017815346915896584
5m,300,btc-up-or-down-5m,btc-updown-5m,btc-updown-5m-1778074800,0x98bc493b33383e2bb80f3bf4a439ee0558ae37088344dea99c4e5397c7986d34,Up,0,300,6.199359389136081,27392.626208,972,0.05493449180716101,0.13301526390105223,0.011673757722612628
5m,300,btc-up-or-down-5m,btc-updown-5m,btc-updown-5m-1778075700,0xd9361e3f120bcfafa665f50e82595f35020639a9787e1fba6275c8c24f6ef44b,Down,0,300,7.2706965714609,23461.864099,822,0.17048943524357427,0.272183960449766,0.04159441194870129
5m,300,btc-up-or-down-5m,btc-updown-5m,btc-updown-5m-1778077500,0x7ac315165846a48f5324722cff1d79e223983a0f25f964bc18c6abfd2a215683,Up,0,300,3.5152521668199297,44950.163893,1034,0.0660731739948675,0.13663705210553104,0.012133680910635578
5m,300,btc-up-or-down-5m,btc-updown-5m,btc-updown-5m-1778161200,0x46d14588cdf0d9c693fc562536da1c1bea662a06e52422b8e4e5802af0a8616b,Down,0,300,15.012014806267587,30979.913179,824,0.09586695685168048,0.19862939116211656,0.021156182592766977
5m,300,btc-up-or-down-5m,btc-updown-5m,btc-updown-5m-1778167200,0xaad1b0b722910e5f1623ce41b71076a297b4b0811c87ee7d2853dea3c312efa8,Down,0,300,19.141140705336753,33955.704229,1041,0.0441754466314061,0.09023483869856509,0.008905270018856246
5m,300,btc-up-or-down-5m,btc-updown-5m,btc-updown-5m-1778177100,0x035f37c6c920287812fc7076d1052ef3eda960155091ae1abb260cbb0a12369e,Down,0,300,3.6527337873189274,15917.432738,674,0.09422687846007846,0.18132054568761075,0.020171343008142894
5m,300,btc-up-or-down-5m,btc-updown-5m,btc-updown-5m-1778248500,0x120cdefef9b7123c75e0e2dd570d960c4d16ecc25a3e8add94dcf8ef1b33379a,Up,0,300,7.272263994894912,31757.540638000002,917,0.13225205383109617,0.2324670243880993,0.02842197764761538
5m,300,btc-up-or-down-5m,btc-updown-5m,btc-updown-5m-1778253900,0x48d2fdd587adb420bb110d593310b05dbb8dc3fb192f7738244987d87c687cd3,Down,0,300,0.4258938192128821,20068.37837,893,0.038720338318994935,0.09674993894387093,0.009522104014602455
5m,300,btc-up-or-down-5m,btc-updown-5m,btc-updown-5m-1778453700,0x0cfa4e0858bfce896f61f174c55b31635b3fba8f457623ce062ac45043999db4,Up,0,300,1.0765620224188002,15933.672421,738,0.03714196478772959,0.09243870848372578,0.00996483113652658
5m,300,btc-up-or-down-5m,btc-updown-5m,btc-updown-5m-1778688300,0x6cfe7830ed1d73469a513522ac0cd4a3a2a969397e1e9fa5890df88f91c5a49a,Down,0,300,18.603466660099667,27721.423688,949,0.07214665171997497,0.16233023421333023,0.015355504119662158
5m,300,btc-up-or-down-5m,btc-updown-5m,btc-updown-5m-1778690700,0x1cbfef3beec47b0656a6aa4cdc7b2a37bbbfca8578c32a97ea8a07aa2ab319fb,Up,0,300,8.141612462817363,23655.830911,807,0.04227287288120572,0.10297858680868553,0.011125087012217911
5m,300,btc-up-or-down-5m,btc-updown-5m,btc-updown-5m-1778700600,0x6db67fbe8c60a0d2686a8683e1bc81393358c1c2fa5f72ac16c0bf8e52e1bb43,Up,0,300,2.008684569979724,27969.258403,603,0.15205135101271922,0.34544928034143557,0.051638629818368115
5m,300,btc-up-or-down-5m,btc-updown-5m,btc-updown-5m-1778772900,0x363e316cf52cc52d8c4709a1599f703a9f3c78c570f5a0b81a4f4ab1ab24cbfb,Down,0,300,9.420806868927139,29571.660428,878,0.1014580871204369,0.17585363874515814,0.019452571486425724
5m,300,btc-up-or-down-5m,btc-updown-5m,btc-updown-5m-1778778000,0xe6ed0c8969ef32a0ce154942b92f0d6156b159acef629f89b100a565318044aa,Up,0,300,15.829899055842237,36089.64957,1030,0.045719478317450456,0.0928588969671173,0.008669436994901457
5m,300,btc-up-or-down-5m,btc-updown-5m,btc-updown-5m-1778852700,0x45a27c5d9f41cef9c1ec74c5780dc2f80c2062a97e2e4822b0c69bcb94399785,Down,0,300,2.9225736349735048,24634.681496,884,0.1704913436239054,0.2285712776889072,0.03446831266195455
5m,300,btc-up-or-down-5m,btc-updown-5m,btc-updown-5m-1778854200,0x5ecedf43ec056e6a5b5b95061fa310c1b55b3876c3ac432d8130696a7b8e2df4,Up,0,300,18.71465225273495,31052.062397,937,0.13223799912229706,0.17555637758626522,0.0228203490577962
5m,300,btc-up-or-down-5m,btc-updown-5m,btc-updown-5m-1778857200,0xc89cabf34d6c28da1446f7ff5e9e4cbdc3540d254329ddf0d70a4b65d2312cc2,Down,0,300,5.192348147817844,21096.087173,1011,0.02901011651977212,0.0738004460842678,0.006871421888186981
5m,300,btc-up-or-down-5m,btc-updown-5m,btc-updown-5m-1778859000,0xc9bacfb85eaeaf1f649f260e663652ec0ddd370f7f85c62198198c41b143ec0a,Up,0,300,2.5604321134702794,28114.382491,1093,0.02565894866198575,0.06900268208348606,0.006908379017453585
5m,300,btc-up-or-down-5m,btc-updown-5m,btc-updown-5m-1779061500,0x107ce1e12505e2fddd1255992514bf895962ce4d04e1768db163409e30df0eb5,Up,0,300,1.8189900850473597,19068.829229,812,0.08869549775126365,0.18456914416368547,0.019550478180908562
5m,300,btc-up-or-down-5m,btc-updown-5m,btc-updown-5m-1779119100,0x0e58443b26f283235d44a39fe57ac8e0741834c138f7c9239a131d802e81cbe2,Down,0,300,1.2676629646883601,14229.271894,641,0.03544112395607866,0.0943376230350919,0.0103300851869111
5m,300,btc-up-or-down-5m,btc-updown-5m,btc-updown-5m-1779322200,0x06d0a6b449d9c172800f5c8f4ef7c7f9e7bb72aa49d0d32cc7102ec24e357058,Up,0,300,3.2234897672446197,17695.148668,670,0.08994071368714197,0.2029095289542893,0.02105543056813973
5m,300,btc-up-or-down-5m,btc-updown-5m,btc-updown-5m-1779374100,0xd73ede5dbe1b8fb2ee7d1f05235b8e9e5114d2c414dba3b179b6678bef67d166,Up,0,300,2.9222326296472803,31901.136696999998,971,0.11402979124383644,0.18641787327155818,0.021971021755172713
5m,300,btc-up-or-down-5m,btc-updown-5m,btc-updown-5m-1779478500,0x2addc636da0ff52043053db428c2a9709fabfc292d117faca88ee19f79607f11,Down,0,300,5.916806263407515,24240.640351000002,816,0.035694601605864976,0.1053359499182811,0.011932625511010236
5m,300,btc-up-or-down-5m,btc-updown-5m,btc-updown-5m-1779480000,0x8ac5a8aeec2dc11d17f6a60ec487caebac10a12dc2e69b16764b0b7082416b86,Up,0,300,2.8175877458729883,25535.788128,982,0.034543284725674396,0.08094432760951517,0.007853028759130964
5m,300,btc-up-or-down-5m,btc-updown-5m,btc-updown-5m-1779841200,0xa5987268b52d7c90c7b80cca38a4bdedb8bc680d5c9dc64f9288bb6fcb211680,Down,0,300,1.293238556187676,13750.900401,560,0.07756011380334335,0.13194436343005259,0.013765484947767852
5m,300,btc-up-or-down-5m,btc-updown-5m,btc-updown-5m-1779845700,0x1174c8f4e9e44c1bde6401ec8c86347493531af02df4ccb353249c02408bb544,Up,0,300,1.680284308063753,21987.939959,789,0.09916620675087409,0.17350425260909727,0.018076458924114875
5m,300,btc-up-or-down-5m,btc-updown-5m,btc-updown-5m-1779894300,0xf60b1336db80fc57ea638e60ae43d0a4f46bdcc8605f318eb29354411d40eead,Up,0,300,7.485312741265436,25169.940167,879,0.10112419747970233,0.18141863511407208,0.020043081752003342
5m,300,btc-up-or-down-5m,btc-updown-5m,btc-updown-5m-1779939000,0xf7d66ad91e0591e31d4c64ca1c8743ecf586755f8275389be561f692739f50be,Down,0,300,9.144777540696756,22531.372863,734,0.1071837084532828,0.1941227424353951,0.021539135162767807
5m,300,btc-up-or-down-5m,btc-updown-5m,btc-updown-5m-1779945900,0xb73fdec94241bb34cc36a8dab43ec10eb6a5497326765b37e4135466e2e550b3,Down,0,300,9.981116662547343,23260.550974,643,0.12960522746730016,0.26917445786209176,0.0343179951601388
5m,300,btc-up-or-down-5m,btc-updown-5m,btc-updown-5m-1779947100,0x42f29d2272e52d869d2876779e40c71ec43b16a69d7cfac45a155ef830e9511c,Down,0,300,5.1859778012653495,34872.483015,809,0.06366050828801299,0.13072455976361452,0.01276477205317642
5m,300,btc-up-or-down-5m,btc-updown-5m,btc-updown-5m-1779975300,0xe6c9513b49ba4107bb09f2f9458e8affca48c67c0f89a5a10ed5d405d194cf0b,Down,0,300,6.352427725495272,42206.112838,1018,0.06510665103292684,0.16619972289142937,0.01714719702848462
5m,300,btc-up-or-down-5m,btc-updown-5m,btc-updown-5m-1779975600,0x9dd09205e9bf3a731af06f567027dda0ca29e993404c76bf229562df5b5082bb,Down,0,300,17.073209701479975,33280.997738,893,0.08560527555179034,0.1485771076013767,0.015712484576172105
5m,300,btc-up-or-down-5m,btc-updown-5m,btc-updown-5m-1779978600,0x356f6d8a164d3b3116751b309b5336355c5da7c6ed513620f41f7900ec610d68,Down,0,300,5.088555103982649,20914.313122,705,0.06719560823260778,0.14828148402052027,0.015440220128274363
5m,300,btc-up-or-down-5m,btc-updown-5m,btc-updown-5m-1780062600,0xdb7d2f4a1cf6fadddbd706b2f25df913ef8c1fb355f590636bf0d35a54ff5e4d,Down,0,300,13.578940672496687,26344.791909,770,0.06910701767122468,0.13301989961070146,0.013500368973491533
5m,300,btc-up-or-down-5m,btc-updown-5m,btc-updown-5m-1780067400,0x515fd76a9942124922dc3b53a56789b7c96c99731592f3a563e6be33bc2b48b8,Up,0,300,6.014122564394723,28942.030065,951,0.08329612313254296,0.12721525939027112,0.012704672166761428
5m,300,btc-up-or-down-5m,btc-updown-5m,btc-updown-5m-1780071900,0x133e9848fbede1e890403987758c464185fe55d55d51a36a02b0b640c2e9d3bf,Up,0,300,2.434256061711008,29255.319786,767,0.16407272205915244,0.3204856798552857,0.04494752075998821
5m,300,btc-up-or-down-5m,btc-updown-5m,btc-updown-5m-1780072500,0xd2292fc1c2170ca81a408cd659328df69bd9cc9c53336170bdc758a1dcd31230,Down,0,300,11.29712244958364,25934.63538,795,0.07649465554198202,0.13843275366688423,0.013213831135176149
5m,300,btc-up-or-down-5m,btc-updown-5m,btc-updown-5m-1780074000,0x772d6d25758befba401f4eea49b73db2910e1e66b5024ba131a84124f33aeec0,Down,0,300,14.201228536437348,27681.230024,852,0.06705307886935392,0.15114973880757487,0.014848192614821726
5m,300,btc-up-or-down-5m,btc-updown-5m,btc-updown-5m-1780279200,0x569c897d572b8eb6a1ceed15c6d66833e90642e3d7c581c3e6f075a05e95b688,Up,0,300,10.615660839880567,33835.157254,858,0.07295095398760697,0.1636079357173837,0.01656290542538066
5m,300,btc-up-or-down-5m,btc-updown-5m,btc-updown-5m-1780320600,0x264068e44dfe76c5a3e8e735de7bf6156ba1369402a9ced64d87825f80ed67bf,Up,0,300,17.829215551182887,30602.536051,981,0.04852539010248057,0.10647042162028691,0.008882966670085885
5m,300,btc-up-or-down-5m,btc-updown-5m,btc-updown-5m-1780323600,0x8314d53d35a5d92d4093f3d6133397cf4b62351356b977558878dc6a77f29753,Up,0,300,0.36176247792910304,31497.0765,964,0.060439758115328576,0.1185985297714853,0.01054418790007538
5m,300,btc-up-or-down-5m,btc-updown-5m,btc-updown-5m-1780328700,0x539e56bf0547efdcb0f2d08b285934c65dd2e1e0b8cd189cd4b1adfe8b0e85e4,Down,0,300,14.83873864273892,29197.395329,847,0.050860701212105716,0.1301830508225058,0.012819998736466623
5m,300,btc-up-or-down-5m,btc-updown-5m,btc-updown-5m-1780330800,0xd5ab86f67860327e4a1f84f9b6c8d7c40c7119432ace5247968f0521ad707ff7,Up,0,300,1.3493865830949148,19414.672923,849,0.08056400909783173,0.1365242564483248,0.013471917951488114
5m,300,btc-up-or-down-5m,btc-updown-5m,btc-updown-5m-1780358400,0xe88f3a69e4bd4abb42223e4d7e8b9be80a3270cf3b055f5119e82b42ce08b574,Down,0,300,10.94497341661493,27572.352378,710,0.08704371462751803,0.22012691876239013,0.026072398208597747
5m,300,btc-up-or-down-5m,btc-updown-5m,btc-updown-5m-1780403700,0x1fc6bf5722625e722667fe042dbd0bad3e1914c456e448cd1ff795863b4342eb,Down,0,300,10.363900713616063,38152.478465,910,0.047179063390371014,0.10326676773081303,0.010605400522116505
5m,300,btc-up-or-down-5m,btc-updown-5m,btc-updown-5m-1780404300,0x60257b3ff151a06764a3d2347f0e665d6dbb03fd65aae15f2c6878924936ea2d,Down,0,300,12.138601897476896,33627.829674,825,0.10944456221763127,0.16569862078575248,0.018931198430461448
5m,300,btc-up-or-down-5m,btc-updown-5m,btc-updown-5m-1780408200,0x4d3560b7e743847f9a17802786a706a4149539d204e27ad9cb63b457339853a6,Down,0,300,13.77589449079171,32973.429192999996,1023,0.0838352051228826,0.1464750472791385,0.014166317061971967
5m,300,btc-up-or-down-5m,btc-updown-5m,btc-updown-5m-1780414800,0x95ce68bc685527533ed446bcb8059bc0fbb624b5c99ed4051a3cae14fa7076c1,Up,0,300,11.159710919871001,44971.433484,1102,0.08894535152905735,0.1918584174789477,0.017671543722601876
5m,300,btc-up-or-down-5m,btc-updown-5m,btc-updown-5m-1780415400,0xa2d12957b2ff5f42f1409e383f92d09ad96534206bec5fd1745343894101260a,Down,0,300,0.5515082219774761,23595.789649000002,888,0.04543795787082032,0.11651853720083145,0.01060645076801002
5m,300,btc-up-or-down-5m,btc-updown-5m,btc-updown-5m-1780418400,0x66145235ca3bcc3f6201e8ab1934c459fc120c8a617a0503b9a22a896a8d71e0,Up,0,300,3.078745243319723,24976.330069,961,0.025488923922820702,0.06567176680755933,0.006414374243229385
5m,300,btc-up-or-down-5m,btc-updown-5m,btc-updown-5m-1780419900,0xe35b208b8d060b23a886e556b5b59275fcdc5b8b422759549369de3f4e792407,Down,0,300,12.722717948795147,35250.799368,917,0.11757751240564718,0.21395065176440853,0.023602356923695875
5m,300,btc-up-or-down-5m,btc-updown-5m,btc-updown-5m-1780426200,0x1d24456032b104cf7dec175f3694c8e8eef94228205e1dfff8661f057b0b3216,Down,0,300,20.49834090775238,23078.2148,661,0.12869279646361553,0.2345186462602818,0.028605479423220368
5m,300,btc-up-or-down-5m,btc-updown-5m,btc-updown-5m-1780426800,0x77cf780e7e651285edd25cf9ed413d986ad39f15073293fc3ea53037f591503a,Down,0,300,9.023221754709047,26722.221509,909,0.14153790315397835,0.2734860684220668,0.03664297284617681
5m,300,btc-up-or-down-5m,btc-updown-5m,btc-updown-5m-1780439700,0xa3bcab0d1bf7142e2b40131e3a2f384af671fcff9d0c0073b249affffeea65f5,Down,0,300,22.201667821421527,26184.942646,813,0.2199426776624913,0.27784225821519487,0.054220233044415186
5m,300,btc-up-or-down-5m,btc-updown-5m,btc-updown-5m-1780457400,0xc72e39dbaea5d83f6f5ba24dc3c513de3eb39fd1ab633aa73cc524f77028df96,Down,0,300,17.410325582527754,31191.648378,847,0.04491491385842014,0.10946644270356234,0.010087235666583814
5m,300,btc-up-or-down-5m,btc-updown-5m,btc-updown-5m-1780494300,0xb4f44a3cbc16853a20c80df40ebed6fe9d1591ed0161c695b7dd07b8f105b65f,Up,0,300,5.348899849404415,25809.081265,868,0.13706268982139996,0.20715656652414358,0.028000488160366842
5m,300,btc-up-or-down-5m,btc-updown-5m,btc-updown-5m-1780496700,0xa1ef8ff35edda5ae6a363e6e36dbf03ad1189493046df3daea6344c819ae7e97,Up,0,300,11.841277974202137,27231.990433,765,0.09482765155758455,0.2192372089248817,0.024597397052007
5m,300,btc-up-or-down-5m,btc-updown-5m,btc-updown-5m-1780498800,0xfd6ad4bf0a8da2908e6b1734abf0fe8b730ec39da52221259cd6655bbd38d976,Down,0,300,15.198909259698782,31372.880522,892,0.12116651505220685,0.20630675523917072,0.023354464732325268
5m,300,btc-up-or-down-5m,btc-updown-5m,btc-updown-5m-1780501500,0xb8a24e2607b00cef353f1f9976a4aea60f81d2d8736c57aa17efa2cbd8b31545,Up,0,300,0.7903094207765864,9476.975410000001,567,0.0716989092620216,0.14606650730984644,0.01466480246420569
5m,300,btc-up-or-down-5m,btc-updown-5m,btc-updown-5m-1780501800,0x3aabe1c5db9b8ad87dc5e1ea309d655808c00f351898906352da4ee3f9c167c2,Down,0,300,17.585606707648175,19584.565781,869,0.04520270737168201,0.09546988771198225,0.008702237348528425
5m,300,btc-up-or-down-5m,btc-updown-5m,btc-updown-5m-1780502400,0x8caa2d25066398e2ad3153e0d70a629461c1022832833a56dddc53b88d030fa7,Up,0,300,15.395882915428963,28190.576543,882,0.05320394911796962,0.11948697692869317,0.011486821489995578
5m,300,btc-up-or-down-5m,btc-updown-5m,btc-updown-5m-1780503900,0xb81a8ebf220e0d4079d48ce7a19295d230f854a372946519dc29f77f71cea5fd,Down,0,300,5.5237218435192865,22310.145907000002,715,0.08006934187909164,0.17403748093739438,0.017659034137494832
5m,300,btc-up-or-down-5m,btc-updown-5m,btc-updown-5m-1780505700,0x02c66b889382c7ca2d0b5e2b712c436b438dc131992edf2f0774444685f1b1be,Up,0,300,17.481058162839005,22430.702912,755,0.029343708156728154,0.08226372589567114,0.010047589946809174
5m,300,btc-up-or-down-5m,btc-updown-5m,btc-updown-5m-1780508400,0x893012332f42fd5cd17229a84d81d67b97a65009764ffc89c997438294ffc10a,Down,0,300,9.36760330424734,29826.615329,892,0.041282119456672595,0.10985499467028714,0.01278537433695662
5m,300,btc-up-or-down-5m,btc-updown-5m,btc-updown-5m-1780516500,0xdc1cc982fa66e3eb63c591cd11ed882349539572726f3c701725bd861d8795ae,Up,0,300,14.988489012426335,28789.047981,862,0.034388077044207,0.08975913217781371,0.00788189930563387
5m,300,btc-up-or-down-5m,btc-updown-5m,btc-updown-5m-1780519800,0xba2a8b6005ceeb82301165114d5d82e5d8d28c4e84a4401f40f09b0c6ef71eb1,Down,0,300,11.371369256695539,24124.94767,808,0.05210509540558104,0.15060698318190383,0.013909109841129525
5m,300,btc-up-or-down-5m,btc-updown-5m,btc-updown-5m-1780528500,0xda6884cb59728770b2c956d36026af001d6803b7930b384cf3caf4cb8f89f2d0,Down,0,300,15.989934050124555,28358.391483,1004,0.031658145686372534,0.07684816997841429,0.007362336809413969
5m,300,btc-up-or-down-5m,btc-updown-5m,btc-updown-5m-1780528800,0xdd439573cd64423725315c03b272bc3902530edbc800fe5dad161751c24410fc,Down,0,300,18.663035976544613,24796.887588999998,858,0.10131461309339727,0.17249621940043228,0.018813868622922465
5m,300,btc-up-or-down-5m,btc-updown-5m,btc-updown-5m-1780529400,0x0f16adb6ee0882e3d9f824d50ee2c9e251c31dd9c05d1312542160414e4ecbb1,Up,0,300,4.482888456772658,26164.593352,830,0.12231823582900683,0.19279641889081403,0.023515436995362096
5m,300,btc-up-or-down-5m,btc-updown-5m,btc-updown-5m-1780530300,0xf3437c923c97e4fde048a2d52b39b3063b4a942f016ec6e9edd0bcf8dfa2c886,Up,0,300,5.660426482830374,35658.96933099999,756,0.2551836842656387,0.3909451728286689,0.07911262601551962
5m,300,btc-up-or-down-5m,btc-updown-5m,btc-updown-5m-1780531800,0x852bbe6b93be74cdae585d6ae76d797d502cf5b5f13ebe0940d228ed4819cf8f,Down,0,300,1.573841628810649,18904.941681999997,664,0.1644825640462401,0.25633098670777477,0.03720697781352666
5m,300,btc-up-or-down-5m,btc-updown-5m,btc-updown-5m-1780532100,0xacb10bf7c01e494a6526a504c728877738f901450a8c87fec7771a8fbbfe837b,Down,0,300,6.975537175731549,29575.905321,799,0.12135940594357572,0.2455064888189361,0.02893794707860092
5m,300,btc-up-or-down-5m,btc-updown-5m,btc-updown-5m-1780534200,0xf54be66e6e75718633e3e3c4aa99028704e6518e8b4503f08548364e788a7529,Down,0,300,9.985414806310633,34532.000159,961,0.057494124025785784,0.16094225571673176,0.017214897161989838
5m,300,btc-up-or-down-5m,btc-updown-5m,btc-updown-5m-1780536900,0xa4358e58ad7f43ef83a269b0cc2bd7158ffce1c5135f49a447eda3bfc23dca52,Down,0,300,14.26587496999359,26884.837262,984,0.0777378408369255,0.1446288942390549,0.013774407197197535
5m,300,btc-up-or-down-5m,btc-updown-5m,btc-updown-5m-1780538100,0xfa84801b5d315937c8a0e2c241dbc15c5f174f6c38649c61e1dc3480972a5a68,Down,0,300,11.169851723055713,30854.768345,970,0.10871449308883151,0.17539862686659882,0.018896640756324162
5m,300,btc-up-or-down-5m,btc-updown-5m,btc-updown-5m-1780542900,0x995c1e9123382f25c78b18eb91595be25d2c31823c10a61d00281cb4230e0d8b,Up,0,300,18.26891523026191,30845.925892,944,0.10823717892890021,0.18692043205924203,0.020460562065968656
5m,300,btc-up-or-down-5m,btc-updown-5m,btc-updown-5m-1780543500,0x609b196d7b7aff9c47016c56cd24a50792758ae9243ab3cf337ccff52a7ec326,Up,0,300,1.8779499302801497,24463.872381,871,0.057024905063005206,0.15267615407856883,0.014741611084300763
5m,300,btc-up-or-down-5m,btc-updown-5m,btc-updown-5m-1780583100,0x16f4e9492636b01ebba5c1062d8cac60055c21dbe3511ed04b082ada0f8dcf4c,Down,0,300,4.391296635138791,27083.208071,1046,0.05538487117433334,0.12440699274499176,0.01052458052705096
5m,300,btc-up-or-down-5m,btc-updown-5m,btc-updown-5m-1780584300,0x7b9a74f00243960e6caf7857602389ffdc1be7870f21922a92ddeac8e6b7cff8,Down,0,300,14.72174096327476,26619.919541,837,0.15011149803985804,0.2577383375795982,0.034359832066625164
5m,300,btc-up-or-down-5m,btc-updown-5m,btc-updown-5m-1780585200,0xeca452f835bbc26919680fb04e30626478154282569c43d3f91b55cedabbf315,Down,0,300,2.3044133892206893,21242.326281999998,662,0.05252467508445364,0.11427247401132826,0.01192025925707614
5m,300,btc-up-or-down-5m,btc-updown-5m,btc-updown-5m-1780586700,0xdef7947df2746df1dd79798153bc7c7fab5b056d258446ccd4c8b60d1dbb82ba,Up,0,300,1.5164767214222936,20815.673271,867,0.04535025904327377,0.0959845374198658,0.00953021304527367
5m,300,btc-up-or-down-5m,btc-updown-5m,btc-updown-5m-1780593000,0x70b53decf1471185d28a61212eb9b1944eb9496221347da2296a224e01b40a8e,Up,0,300,4.5238285305693,31512.215591,1000,0.04582536768415699,0.11621872452681392,0.010127732917145731
5m,300,btc-up-or-down-5m,btc-updown-5m,btc-updown-5m-1780593900,0xf36bef3da0382e80166bc198ef7784ff579043ddb588efdeedb02a3b2018ba65,Up,0,300,11.23726699712525,31737.691837,934,0.06531665622209122,0.14013991971573758,0.014066978527879855
5m,300,btc-up-or-down-5m,btc-updown-5m,btc-updown-5m-1780596600,0x52940902342f9a084d245ac4c3f5c04c8acc4672306001074560fcc6ab308097,Down,0,300,19.44445311037112,28699.520417,883,0.07331132870616566,0.17949060625935268,0.017526945214283014
5m,300,btc-up-or-down-5m,btc-updown-5m,btc-updown-5m-1780599600,0xe483bdb375db00ab7c543e0d516159e1e46130e9ec970acc2ad4c64bcadea79d,Down,0,300,17.17525061070143,26062.284311,850,0.05548438953947225,0.12443239419467327,0.012741150324497913
5m,300,btc-up-or-down-5m,btc-updown-5m,btc-updown-5m-1780601100,0xde056189e7d9879d5e15e5aa3dbf8f7379d91387ad3a8ee57fd8501de02ce7b7,Up,0,300,16.6003148392447,29766.212595,1009,0.07982204630222622,0.18535721988113413,0.018476037453553123
5m,300,btc-up-or-down-5m,btc-updown-5m,btc-updown-5m-1780602600,0x2cda9a07728d292899f1ede384e8a4c4da0518fa21ac0f964613a290b0da4a84,Down,0,300,11.77426838032628,26629.139473,893,0.11153195554859606,0.20734678886632307,0.022329972048826034
5m,300,btc-up-or-down-5m,btc-updown-5m,btc-updown-5m-1780608900,0xd28a4e5bad7235d53335a560a9408a50909cd3ed8d77c93888471cc96a52b61c,Down,0,300,18.758230714901593,29764.655642,983,0.09978277712069758,0.1725932717578994,0.018033288489139505
5m,300,btc-up-or-down-5m,btc-updown-5m,btc-updown-5m-1780613100,0x03b7a6f008fe6a7617bd1919ac7fbfeb7f321c84af9b5209b6a656ab7b7dc885,Up,0,300,16.012592535042153,28328.919555,889,0.17111752333471578,0.2653266259733992,0.03974754300477157
5m,300,btc-up-or-down-5m,btc-updown-5m,btc-updown-5m-1780616700,0x8740c8b50debccc4a203742599c6828bfe0b4bb1f25be2b4a105dc2c147b15ac,Up,0,300,1.0129806694469403,10485.752786,474,0.18387807135547704,0.25051585237706747,0.04166534242687841
5m,300,btc-up-or-down-5m,btc-updown-5m,btc-updown-5m-1780617000,0x6ef2be2da943addfddfab6aa70757ea981b1e5a45e9e3faf700f2e9b4f7581cb,Up,0,300,14.496818304885018,28588.959542,687,0.10493561165080892,0.2515785822997056,0.03222255642452666
5m,300,btc-up-or-down-5m,btc-updown-5m,btc-updown-5m-1780621800,0x932b209178ec38ad83aa43524e145200d5d6fcd0e7f6fbeb15e17abbba69eaea,Up,0,300,23.159347213051568,20584.092689,785,0.07695262666818824,0.16581046109571373,0.018060953330092475
5m,300,btc-up-or-down-5m,btc-updown-5m,btc-updown-5m-1780622700,0xe302e0db8e64ee68bd3fe578ff316b7bd502c5541fdf9eaa3826370df21dec10,Up,0,300,5.327731256535705,20527.704581,753,0.10824689473837673,0.21984712353942856,0.02576198850746747
5m,300,btc-up-or-down-5m,btc-updown-5m,btc-updown-5m-1780624800,0x73bcb7fd4b49320c2013e5980248dca1d8efb6156aa6a6fe76b09095ad903156,Down,0,300,9.855422870643752,25363.790356,840,0.0875848107802425,0.21753858065203444,0.021461914230875106
5m,300,btc-up-or-down-5m,btc-updown-5m,btc-updown-5m-1780667400,0x746f890097df50454733b9c9c8ad3b2d9df6c82e7db1727c6df23525adcef127,Down,0,300,9.108840510898787,37254.334071,1019,0.05019550193639536,0.1323793974843588,0.012617054416908644
5m,300,btc-up-or-down-5m,btc-updown-5m,btc-updown-5m-1780678500,0x6cf55c86b18fb78824a9c6bf9e657be1bf854169430bc609f3053b5f4e22b28a,Up,0,300,1.3779295883892666,24190.156102999998,944,0.08981290938137275,0.20002430093454118,0.019226348780860568
5m,300,btc-up-or-down-5m,btc-updown-5m,btc-updown-5m-1780680000,0x27d0b54c9eedf995ee2f3f082ebf0f1b9b919572dc78609549450176fdf62885,Down,0,300,3.9365949701138776,28525.115446,936,0.108290530387079,0.17582274429333783,0.01966638156692957
5m,300,btc-up-or-down-5m,btc-updown-5m,btc-updown-5m-1780680900,0x8cc7b180b1da9f7c0ceaa51446a423a1a36b9d845144cf9480d2ac8dda69a51d,Up,0,300,2.8409305656106745,18415.283323,672,0.09193450430846786,0.187068593112408,0.018814135982694512
5m,300,btc-up-or-down-5m,btc-updown-5m,btc-updown-5m-1780684200,0x6936fa6a2aef34e5ce0533fee79468a973aecf78a52b3d90df991870b8efa66a,Up,0,300,14.611365954628093,33646.911313,855,0.06389888114839577,0.13956704442543078,0.013884678938790187
5m,300,btc-up-or-down-5m,btc-updown-5m,btc-updown-5m-1780686300,0x5dfe02f0c6ced37875cd3919fd4affa036cab4eb3653dc0f341c99c167153d53,Down,0,300,0.12297466659724819,30108.927015,846,0.1760275281267774,0.26629975631497943,0.0405153063898399
5m,300,btc-up-or-down-5m,btc-updown-5m,btc-updown-5m-1780695600,0xc4e57d6391fe4205ca8f24e554184dcc580cc29832d0a84a15a4cedd2b3568f5,Up,0,300,6.7434223426680235,28785.034988,1021,0.03424100406377453,0.08801894654830983,0.008813399666698429
