final_margin_bps_lte,prior_300s_margin_bps_lte,window_seconds,markets,trade_markets,price_markets,joint_markets,gross_notional,net_pro_notional,pro_winner_flow_markets,pro_winner_flow_rate,pro_winner_flow_binom_p_gt_50,price_aligned_markets,price_aligned_rate,price_aligned_binom_p_gt_50,joint_flow_and_price_aligned_markets,joint_flow_and_price_aligned_rate,flipped_to_winner_markets,flipped_to_winner_rate,mean_net_pro_share,mean_aligned_final_bps
50,100,5,43,15,33,15,5600.311046,4556.671158,7,0.4666666666666667,0.696380615234375,18,0.5454545454545454,0.3641662404406816,5,0.3333333333333333,0,0.0,-0.141722820987157,0.2736060779769211
50,100,10,43,19,33,19,14852.005396999997,2938.501469,9,0.47368421052631576,0.6761970520019531,19,0.5757575757575758,0.24342512083239853,4,0.21052631578947367,0,0.0,-0.17846748904544354,0.6939021495760747
50,100,15,43,25,33,25,26210.181075999997,12895.696155999998,12,0.48,0.6549810171127319,19,0.5757575757575758,0.24342512083239853,8,0.32,1,0.030303030303030304,-0.2076586207140113,0.14759883975068813
50,100,30,43,31,33,31,37309.75265499999,19471.264682999998,13,0.41935483870967744,0.8594792424701154,18,0.5454545454545454,0.3641662404406816,8,0.25806451612903225,2,0.06060606060606061,-0.318049425294809,-0.019779635578772166
50,100,60,43,31,33,31,81426.890688,47200.333232000005,22,0.7096774193548387,0.014724686741828918,20,0.6060606060606061,0.1481031842995435,17,0.5483870967741935,3,0.09090909090909091,0.16694557838176727,1.224999207483543
50,100,120,43,31,32,30,153579.1910089999,76762.594529,25,0.8064516129032258,0.0004389551468193531,16,0.5,0.5699749670457095,14,0.4666666666666667,3,0.09375,0.3728000165629599,0.9156356170942059
50,100,300,43,31,43,31,354224.0122539995,149973.96553999992,29,0.9354838709677419,2.314336597919464e-07,24,0.5581395348837209,0.271192005928242,16,0.5161290322580645,6,0.13953488372093023,0.45956313023991313,3.116362855770173
50,50,5,40,14,30,14,5587.073646,4569.908558,7,0.5,0.604736328125,15,0.5,0.572232224047184,5,0.35714285714285715,0,0.0,-0.08041730820052535,0.19897273380961525
50,50,10,40,17,30,17,13988.324528999998,2222.118001,8,0.47058823529411764,0.6854705810546875,17,0.5666666666666667,0.292332355864346,3,0.17647058823529413,0,0.0,-0.190058170349343,0.7381488321321252
50,50,15,40,22,30,22,24028.906750999995,10903.571270999999,11,0.5,0.5840940475463867,17,0.5666666666666667,0.292332355864346,7,0.3181818181818182,1,0.03333333333333333,-0.18730587252216602,0.35783344595174155
50,50,30,40,28,30,28,33263.10500699999,15782.336671,12,0.42857142857142855,0.8275357745587826,16,0.5333333333333333,0.427767775952816,7,0.25,2,0.06666666666666667,-0.31390337717393857,0.08272520530009059
50,50,60,40,28,30,28,73596.21775,41592.584018,21,0.75,0.006270475685596466,18,0.6,0.1807973040267825,16,0.5714285714285714,3,0.1,0.23033790135595383,1.2138119870346946
50,50,120,40,28,29,27,140048.62641999993,67939.02876799999,22,0.7857142857142857,0.0018595829606056213,14,0.4827586206896552,0.644464448094368,12,0.4444444444444444,3,0.10344827586206896,0.3348998109219152,0.45033052877754015
50,50,300,40,28,40,28,316975.94698299957,131351.67535899993,26,0.9285714285714286,1.516193151473999e-06,24,0.6,0.13409362552738457,16,0.5714285714285714,6,0.15,0.4538942929763907,5.29918782472866
50,20,5,20,10,17,10,4496.7315739999995,4034.653786,6,0.6,0.376953125,12,0.7058823529411765,0.0717315673828125,4,0.4,0,0.0,0.13312749716949476,0.48970167739803055
50,20,10,20,11,17,11,8094.23615,5974.045402,7,0.6363636363636364,0.2744140625,9,0.5294117647058824,0.5,2,0.18181818181818182,0,0.0,0.11723988905918549,0.6409135072801344
50,20,15,20,13,17,13,12537.925094999997,9390.104968999998,8,0.6153846153846154,0.29052734375,10,0.5882352941176471,0.3145294189453125,5,0.38461538461538464,0,0.0,0.038374083616569535,0.29161620872967786
50,20,30,20,17,17,17,17045.232226999993,11436.151376999998,8,0.47058823529411764,0.6854705810546875,9,0.5294117647058824,0.5,4,0.23529411764705882,1,0.058823529411764705,-0.2383460830118699,0.8024838699385018
50,20,60,20,17,17,17,50848.125787000004,33617.025975,15,0.8823529411764706,0.0011749267578125,11,0.6470588235294118,0.1661529541015625,11,0.6470588235294118,2,0.11764705882352941,0.5084210595157748,1.958702107216299
50,20,120,20,17,16,16,95460.09361599994,50323.10724399999,15,0.8823529411764706,0.0011749267578125,12,0.75,0.0384063720703125,11,0.6875,2,0.125,0.43169567218695837,3.6075094462769814
50,20,300,20,17,20,17,213694.57005499967,79790.64397299995,16,0.9411764705882353,0.0001373291015625,15,0.75,0.020694732666015625,12,0.7058823529411765,3,0.15,0.40684837102254173,9.02766887182777
50,10,5,10,7,9,7,3448.960694,3122.829906,5,0.7142857142857143,0.2265625,7,0.7777777777777778,0.08984375,4,0.5714285714285714,0,0.0,0.34581880766928574,0.8272364332204905
50,10,10,10,7,9,7,5431.013551,3742.977403,5,0.7142857142857143,0.2265625,5,0.5555555555555556,0.5,2,0.2857142857142857,0,0.0,0.2298553172378314,1.0779821503433307
50,10,15,10,8,9,8,9364.678791999999,6816.101059999998,6,0.75,0.14453125,5,0.5555555555555556,0.5,4,0.5,0,0.0,0.22909496423813436,0.3412780883132866
50,10,30,10,9,9,9,12648.719531999994,8828.345249999997,6,0.6666666666666666,0.25390625,5,0.5555555555555556,0.5,3,0.3333333333333333,1,0.1111111111111111,0.06854291421362205,1.0804133149168476
50,10,60,10,9,9,9,36083.998121000004,23652.871647,9,1.0,0.001953125,6,0.6666666666666666,0.25390625,6,0.6666666666666666,2,0.2222222222222222,0.6702837987765453,2.3542360544461687
50,10,120,10,9,8,8,65125.50826799996,34786.114746,9,1.0,0.001953125,7,0.875,0.03515625,7,0.875,2,0.25,0.5521557642722539,7.836936695322815
50,10,300,10,9,10,9,138792.37418799975,37270.08092399998,8,0.8888888888888888,0.01953125,8,0.8,0.0546875,7,0.7777777777777778,2,0.2,0.28514085510147485,12.395437894378446
20,100,5,18,9,13,9,5511.224303999999,4589.817916,6,0.6666666666666666,0.25390625,7,0.5384615384615384,0.5,4,0.4444444444444444,0,0.0,0.20823974279918278,0.5221937779587732
20,100,10,18,10,13,10,13893.443186999997,2261.059359,7,0.7,0.171875,8,0.6153846153846154,0.29052734375,3,0.3,0,0.0,0.1769011104061169,1.3410693135278111
20,100,15,18,12,13,12,23671.650290999994,10857.331710999999,9,0.75,0.072998046875,8,0.6153846153846154,0.29052734375,5,0.4166666666666667,1,0.07692307692307693,0.21988722009038378,1.2805642919373523
20,100,30,18,12,13,12,32563.664456999995,15947.968040999998,10,0.8333333333333334,0.019287109375,8,0.6153846153846154,0.29052734375,6,0.5,2,0.15384615384615385,0.34006612243690726,0.9311751476817531
20,100,60,18,12,13,12,56399.245898999994,29551.881903,12,1.0,0.000244140625,9,0.6923076923076923,0.1334228515625,8,0.6666666666666666,3,0.23076923076923078,0.5809047128593123,1.9362993933650439
20,100,120,18,12,12,11,89939.48738599994,42578.198458,11,0.9166666666666666,0.003173828125,6,0.5,0.61279296875,5,0.45454545454545453,3,0.25,0.49065222293693833,2.0710834295680125
20,100,300,18,12,18,12,160452.50747699974,49392.39471299998,10,0.8333333333333334,0.019287109375,7,0.3888888888888889,0.8810577392578125,4,0.3333333333333333,4,0.2222222222222222,0.32601020936805375,-3.546577716393568
20,50,5,18,9,13,9,5511.224303999999,4589.817916,6,0.6666666666666666,0.25390625,7,0.5384615384615384,0.5,4,0.4444444444444444,0,0.0,0.20823974279918278,0.5221937779587732
20,50,10,18,10,13,10,13893.443186999997,2261.059359,7,0.7,0.171875,8,0.6153846153846154,0.29052734375,3,0.3,0,0.0,0.1769011104061169,1.3410693135278111
20,50,15,18,12,13,12,23671.650290999994,10857.331710999999,9,0.75,0.072998046875,8,0.6153846153846154,0.29052734375,5,0.4166666666666667,1,0.07692307692307693,0.21988722009038378,1.2805642919373523
20,50,30,18,12,13,12,32563.664456999995,15947.968040999998,10,0.8333333333333334,0.019287109375,8,0.6153846153846154,0.29052734375,6,0.5,2,0.15384615384615385,0.34006612243690726,0.9311751476817531
20,50,60,18,12,13,12,56399.245898999994,29551.881903,12,1.0,0.000244140625,9,0.6923076923076923,0.1334228515625,8,0.6666666666666666,3,0.23076923076923078,0.5809047128593123,1.9362993933650439
20,50,120,18,12,12,11,89939.48738599994,42578.198458,11,0.9166666666666666,0.003173828125,6,0.5,0.61279296875,5,0.45454545454545453,3,0.25,0.49065222293693833,2.0710834295680125
20,50,300,18,12,18,12,160452.50747699974,49392.39471299998,10,0.8333333333333334,0.019287109375,7,0.3888888888888889,0.8810577392578125,4,0.3333333333333333,4,0.2222222222222222,0.32601020936805375,-3.546577716393568
20,20,5,11,8,9,8,4457.614181999999,4017.831194,5,0.625,0.36328125,5,0.5555555555555556,0.5,3,0.375,0,0.0,0.16640937146186846,0.2563126857474746
20,20,10,11,8,9,8,8054.068757999999,5958.2728099999995,6,0.75,0.14453125,4,0.4444444444444444,0.74609375,2,0.25,0,0.0,0.28620484745638003,0.0852166988916363
20,20,15,11,9,9,9,12473.049084999997,9391.084958999998,7,0.7777777777777778,0.08984375,5,0.5555555555555556,0.5,4,0.4444444444444444,0,0.0,0.3448886032489672,-0.11592942255638844
20,20,30,11,9,9,9,16918.38741699999,11499.100166999997,7,0.7777777777777778,0.08984375,5,0.5555555555555556,0.5,4,0.4444444444444444,1,0.1111111111111111,0.29880893302551437,0.16667396492308745
20,20,60,11,9,9,9,37562.385978,23902.787364,9,1.0,0.001953125,6,0.6666666666666666,0.25390625,6,0.6666666666666666,2,0.2222222222222222,0.6368944108320524,0.8011291113504363
20,20,120,11,9,8,8,64831.81906499996,34676.593525000004,9,1.0,0.001953125,5,0.625,0.36328125,5,0.625,2,0.25,0.5421609909780145,0.9931966133492145
20,20,300,11,9,11,9,124218.97879699977,40643.326858999986,8,0.8888888888888888,0.01953125,6,0.5454545454545454,0.5,4,0.4444444444444444,3,0.2727272727272727,0.3569339292988824,2.8506004385025068
20,10,5,6,6,6,6,3420.990702,3094.8599139999997,4,0.6666666666666666,0.34375,4,0.6666666666666666,0.34375,3,0.5,0,0.0,0.23678860894750006,0.691203792797309
20,10,10,6,6,6,6,5403.043559,3715.0074109999996,4,0.6666666666666666,0.34375,3,0.5,0.65625,2,0.3333333333333333,0,0.0,0.10149787011080329,0.5287091689204854
20,10,15,6,6,6,6,9312.000181999998,6804.883649999998,5,0.8333333333333334,0.109375,3,0.5,0.65625,3,0.5,0,0.0,0.4063156760217293,-0.19930685695323488
20,10,30,6,6,6,6,12583.111521999994,8830.057239999996,5,0.8333333333333334,0.109375,3,0.5,0.65625,3,0.5,1,0.16666666666666666,0.39300833939233604,0.11509149936860397
20,10,60,6,6,6,6,28157.342396000004,17760.531922000002,6,1.0,0.015625,4,0.6666666666666666,0.34375,4,0.6666666666666666,2,0.3333333333333333,0.6244691650756661,0.9045322666298748
20,10,120,6,6,5,5,49065.35793099996,24744.768075000004,6,1.0,0.015625,4,0.8,0.1875,4,0.8,2,0.4,0.4926056978288906,4.539179464921564
20,10,300,6,6,6,6,95931.30696799982,23277.980249999993,5,0.8333333333333334,0.109375,4,0.6666666666666666,0.34375,4,0.6666666666666666,2,0.3333333333333333,0.22726789376722692,4.775091231160358
10,100,5,11,7,9,7,5492.919204,4608.123016,6,0.8571428571428571,0.0625,5,0.5555555555555556,0.5,4,0.5714285714285714,0,0.0,0.5534510978846636,0.5516186714463387
10,100,10,11,7,9,7,9388.347836999998,6766.1547089999995,7,1.0,0.0078125,5,0.5555555555555556,0.5,3,0.42857142857142855,0,0.0,0.6812873005801671,1.5783424632381855
10,100,15,11,8,9,8,11972.627706999996,8237.364226999998,7,0.875,0.03515625,6,0.6666666666666666,0.25390625,4,0.5,1,0.1111111111111111,0.4607926099391256,1.5417382500053476
10,100,30,11,8,9,8,19600.329930999993,12509.952614999998,8,1.0,0.00390625,6,0.6666666666666666,0.25390625,5,0.625,2,0.2222222222222222,0.6383806586731681,1.3019273022980182
10,100,60,11,8,9,8,33760.469159,17502.652581,8,1.0,0.00390625,7,0.7777777777777778,0.08984375,6,0.75,3,0.3333333333333333,0.5230739053524005,2.4014717654113347
10,100,120,11,8,9,8,57127.139013999964,24555.665633999997,7,0.875,0.03515625,4,0.4444444444444444,0.74609375,3,0.375,3,0.3333333333333333,0.42755216635237014,0.8520813127966034
10,100,300,11,8,11,8,105755.54917299982,28428.50720699999,6,0.75,0.14453125,4,0.36363636363636365,0.88671875,2,0.25,3,0.2727272727272727,0.2870540347528969,-3.0535496249341985
10,50,5,11,7,9,7,5492.919204,4608.123016,6,0.8571428571428571,0.0625,5,0.5555555555555556,0.5,4,0.5714285714285714,0,0.0,0.5534510978846636,0.5516186714463387
10,50,10,11,7,9,7,9388.347836999998,6766.1547089999995,7,1.0,0.0078125,5,0.5555555555555556,0.5,3,0.42857142857142855,0,0.0,0.6812873005801671,1.5783424632381855
10,50,15,11,8,9,8,11972.627706999996,8237.364226999998,7,0.875,0.03515625,6,0.6666666666666666,0.25390625,4,0.5,1,0.1111111111111111,0.4607926099391256,1.5417382500053476
10,50,30,11,8,9,8,19600.329930999993,12509.952614999998,8,1.0,0.00390625,6,0.6666666666666666,0.25390625,5,0.625,2,0.2222222222222222,0.6383806586731681,1.3019273022980182
10,50,60,11,8,9,8,33760.469159,17502.652581,8,1.0,0.00390625,7,0.7777777777777778,0.08984375,6,0.75,3,0.3333333333333333,0.5230739053524005,2.4014717654113347
10,50,120,11,8,9,8,57127.139013999964,24555.665633999997,7,0.875,0.03515625,4,0.4444444444444444,0.74609375,3,0.375,3,0.3333333333333333,0.42755216635237014,0.8520813127966034
10,50,300,11,8,11,8,105755.54917299982,28428.50720699999,6,0.75,0.14453125,4,0.36363636363636365,0.88671875,2,0.25,3,0.2727272727272727,0.2870540347528969,-3.0535496249341985
10,20,5,7,6,6,6,4439.309082,4036.136294,5,0.8333333333333334,0.109375,3,0.5,0.65625,3,0.5,0,0.0,0.5552124952824913,0.027039717160341526
10,20,10,7,6,6,6,7940.327657999999,6072.01391,6,1.0,0.015625,2,0.3333333333333333,0.890625,2,0.3333333333333333,0,0.0,0.7149397966085068,-0.374036875038466
10,20,15,7,6,6,6,10266.144450999996,7480.526924999998,6,1.0,0.015625,3,0.5,0.65625,3,0.5,0,0.0,0.7044047258098555,-0.7857940019914905
10,20,30,7,6,6,6,14306.591029999992,9609.132779999998,6,1.0,0.015625,3,0.5,0.65625,3,0.5,1,0.16666666666666666,0.6441799719283829,-0.385887350194249
10,20,60,7,6,6,6,26716.572528000004,14740.622912,6,1.0,0.015625,4,0.6666666666666666,0.34375,4,0.6666666666666666,2,0.3333333333333333,0.5317661482958392,0.012316983556938258
10,20,120,7,6,6,6,45992.731157999966,21233.86429,6,1.0,0.015625,3,0.5,0.65625,3,0.5,2,0.3333333333333333,0.456632400500012,-1.9266028436009244
10,20,300,7,6,7,6,88336.99294299983,25716.20568899999,5,0.8333333333333334,0.109375,3,0.42857142857142855,0.7734375,2,0.3333333333333333,2,0.2857142857142857,0.3195940325370262,0.46481972280598677
10,10,5,4,4,4,4,3402.685602,3113.1650139999997,4,1.0,0.0625,3,0.75,0.3125,3,0.75,0,0.0,0.8551829134212501,0.561781618920938
10,10,10,4,4,4,4,5289.3024589999995,3828.748511,4,1.0,0.0625,2,0.5,0.6875,2,0.5,0,0.0,0.6522468051662049,0.21842929514566473
10,10,15,4,4,4,4,7111.411747999999,4888.009415999998,4,1.0,0.0625,2,0.5,0.6875,2,0.5,0,0.0,0.6400812454372008,-1.0444494639565622
10,10,30,4,4,4,4,10091.798134999994,6819.606852999997,4,1.0,0.0625,2,0.5,0.6875,2,0.5,1,0.25,0.6334623676736713,-0.6840268906006449
10,10,60,4,4,4,4,20262.886836000005,11068.98296,4,1.0,0.0625,3,0.75,0.3125,3,0.75,2,0.5,0.5106184087978378,0.6012492459364902
10,10,120,4,4,4,4,34519.76321699997,14320.720845000002,4,1.0,0.0625,3,0.75,0.3125,3,0.75,2,0.5,0.37976566373936105,4.252736493591181
10,10,300,4,4,4,4,68340.27156799985,12323.812503999992,3,0.75,0.3125,2,0.5,0.6875,2,0.5,1,0.25,0.13698943678696052,0.11561485371957103
5,100,5,5,4,4,4,3402.685602,3113.1650139999997,4,1.0,0.0625,3,0.75,0.3125,3,0.75,0,0.0,0.8551829134212501,0.561781618920938
5,100,10,5,4,4,4,5289.3024589999995,3828.748511,4,1.0,0.0625,2,0.5,0.6875,2,0.5,0,0.0,0.6522468051662049,0.21842929514566473
5,100,15,5,4,4,4,7111.411747999999,4888.009415999998,4,1.0,0.0625,2,0.5,0.6875,2,0.5,0,0.0,0.6400812454372008,-1.0444494639565622
5,100,30,5,4,4,4,10091.798134999994,6819.606852999997,4,1.0,0.0625,2,0.5,0.6875,2,0.5,1,0.25,0.6334623676736713,-0.6840268906006449
5,100,60,5,4,4,4,20262.886836000005,11068.98296,4,1.0,0.0625,3,0.75,0.3125,3,0.75,2,0.5,0.5106184087978378,0.6012492459364902
5,100,120,5,4,4,4,34519.76321699997,14320.720845000002,4,1.0,0.0625,3,0.75,0.3125,3,0.75,2,0.5,0.37976566373936105,4.252736493591181
5,100,300,5,4,5,4,68340.27156799985,12323.812503999992,3,0.75,0.3125,3,0.6,0.5,2,0.5,2,0.4,0.13698943678696052,3.7121092174406245
5,50,5,5,4,4,4,3402.685602,3113.1650139999997,4,1.0,0.0625,3,0.75,0.3125,3,0.75,0,0.0,0.8551829134212501,0.561781618920938
5,50,10,5,4,4,4,5289.3024589999995,3828.748511,4,1.0,0.0625,2,0.5,0.6875,2,0.5,0,0.0,0.6522468051662049,0.21842929514566473
5,50,15,5,4,4,4,7111.411747999999,4888.009415999998,4,1.0,0.0625,2,0.5,0.6875,2,0.5,0,0.0,0.6400812454372008,-1.0444494639565622
5,50,30,5,4,4,4,10091.798134999994,6819.606852999997,4,1.0,0.0625,2,0.5,0.6875,2,0.5,1,0.25,0.6334623676736713,-0.6840268906006449
5,50,60,5,4,4,4,20262.886836000005,11068.98296,4,1.0,0.0625,3,0.75,0.3125,3,0.75,2,0.5,0.5106184087978378,0.6012492459364902
5,50,120,5,4,4,4,34519.76321699997,14320.720845000002,4,1.0,0.0625,3,0.75,0.3125,3,0.75,2,0.5,0.37976566373936105,4.252736493591181
5,50,300,5,4,5,4,68340.27156799985,12323.812503999992,3,0.75,0.3125,3,0.6,0.5,2,0.5,2,0.4,0.13698943678696052,3.7121092174406245
5,20,5,5,4,4,4,3402.685602,3113.1650139999997,4,1.0,0.0625,3,0.75,0.3125,3,0.75,0,0.0,0.8551829134212501,0.561781618920938
5,20,10,5,4,4,4,5289.3024589999995,3828.748511,4,1.0,0.0625,2,0.5,0.6875,2,0.5,0,0.0,0.6522468051662049,0.21842929514566473
5,20,15,5,4,4,4,7111.411747999999,4888.009415999998,4,1.0,0.0625,2,0.5,0.6875,2,0.5,0,0.0,0.6400812454372008,-1.0444494639565622
5,20,30,5,4,4,4,10091.798134999994,6819.606852999997,4,1.0,0.0625,2,0.5,0.6875,2,0.5,1,0.25,0.6334623676736713,-0.6840268906006449
5,20,60,5,4,4,4,20262.886836000005,11068.98296,4,1.0,0.0625,3,0.75,0.3125,3,0.75,2,0.5,0.5106184087978378,0.6012492459364902
5,20,120,5,4,4,4,34519.76321699997,14320.720845000002,4,1.0,0.0625,3,0.75,0.3125,3,0.75,2,0.5,0.37976566373936105,4.252736493591181
5,20,300,5,4,5,4,68340.27156799985,12323.812503999992,3,0.75,0.3125,3,0.6,0.5,2,0.5,2,0.4,0.13698943678696052,3.7121092174406245
5,10,5,4,4,4,4,3402.685602,3113.1650139999997,4,1.0,0.0625,3,0.75,0.3125,3,0.75,0,0.0,0.8551829134212501,0.561781618920938
5,10,10,4,4,4,4,5289.3024589999995,3828.748511,4,1.0,0.0625,2,0.5,0.6875,2,0.5,0,0.0,0.6522468051662049,0.21842929514566473
5,10,15,4,4,4,4,7111.411747999999,4888.009415999998,4,1.0,0.0625,2,0.5,0.6875,2,0.5,0,0.0,0.6400812454372008,-1.0444494639565622
5,10,30,4,4,4,4,10091.798134999994,6819.606852999997,4,1.0,0.0625,2,0.5,0.6875,2,0.5,1,0.25,0.6334623676736713,-0.6840268906006449
5,10,60,4,4,4,4,20262.886836000005,11068.98296,4,1.0,0.0625,3,0.75,0.3125,3,0.75,2,0.5,0.5106184087978378,0.6012492459364902
5,10,120,4,4,4,4,34519.76321699997,14320.720845000002,4,1.0,0.0625,3,0.75,0.3125,3,0.75,2,0.5,0.37976566373936105,4.252736493591181
5,10,300,4,4,4,4,68340.27156799985,12323.812503999992,3,0.75,0.3125,2,0.5,0.6875,2,0.5,1,0.25,0.13698943678696052,0.11561485371957103
2,100,5,0,0,0,0,0,0,0,,,0,,,0,,0,,,
2,100,10,0,0,0,0,0,0,0,,,0,,,0,,0,,,
2,100,15,0,0,0,0,0,0,0,,,0,,,0,,0,,,
2,100,30,0,0,0,0,0,0,0,,,0,,,0,,0,,,
2,100,60,0,0,0,0,0,0,0,,,0,,,0,,0,,,
2,100,120,0,0,0,0,0,0,0,,,0,,,0,,0,,,
2,100,300,0,0,0,0,0,0,0,,,0,,,0,,0,,,
2,50,5,0,0,0,0,0,0,0,,,0,,,0,,0,,,
2,50,10,0,0,0,0,0,0,0,,,0,,,0,,0,,,
2,50,15,0,0,0,0,0,0,0,,,0,,,0,,0,,,
2,50,30,0,0,0,0,0,0,0,,,0,,,0,,0,,,
2,50,60,0,0,0,0,0,0,0,,,0,,,0,,0,,,
2,50,120,0,0,0,0,0,0,0,,,0,,,0,,0,,,
2,50,300,0,0,0,0,0,0,0,,,0,,,0,,0,,,
2,20,5,0,0,0,0,0,0,0,,,0,,,0,,0,,,
2,20,10,0,0,0,0,0,0,0,,,0,,,0,,0,,,
2,20,15,0,0,0,0,0,0,0,,,0,,,0,,0,,,
2,20,30,0,0,0,0,0,0,0,,,0,,,0,,0,,,
2,20,60,0,0,0,0,0,0,0,,,0,,,0,,0,,,
2,20,120,0,0,0,0,0,0,0,,,0,,,0,,0,,,
2,20,300,0,0,0,0,0,0,0,,,0,,,0,,0,,,
2,10,5,0,0,0,0,0,0,0,,,0,,,0,,0,,,
2,10,10,0,0,0,0,0,0,0,,,0,,,0,,0,,,
2,10,15,0,0,0,0,0,0,0,,,0,,,0,,0,,,
2,10,30,0,0,0,0,0,0,0,,,0,,,0,,0,,,
2,10,60,0,0,0,0,0,0,0,,,0,,,0,,0,,,
2,10,120,0,0,0,0,0,0,0,,,0,,,0,,0,,,
2,10,300,0,0,0,0,0,0,0,,,0,,,0,,0,,,
1,100,5,0,0,0,0,0,0,0,,,0,,,0,,0,,,
1,100,10,0,0,0,0,0,0,0,,,0,,,0,,0,,,
1,100,15,0,0,0,0,0,0,0,,,0,,,0,,0,,,
1,100,30,0,0,0,0,0,0,0,,,0,,,0,,0,,,
1,100,60,0,0,0,0,0,0,0,,,0,,,0,,0,,,
1,100,120,0,0,0,0,0,0,0,,,0,,,0,,0,,,
1,100,300,0,0,0,0,0,0,0,,,0,,,0,,0,,,
1,50,5,0,0,0,0,0,0,0,,,0,,,0,,0,,,
1,50,10,0,0,0,0,0,0,0,,,0,,,0,,0,,,
1,50,15,0,0,0,0,0,0,0,,,0,,,0,,0,,,
1,50,30,0,0,0,0,0,0,0,,,0,,,0,,0,,,
1,50,60,0,0,0,0,0,0,0,,,0,,,0,,0,,,
1,50,120,0,0,0,0,0,0,0,,,0,,,0,,0,,,
1,50,300,0,0,0,0,0,0,0,,,0,,,0,,0,,,
1,20,5,0,0,0,0,0,0,0,,,0,,,0,,0,,,
1,20,10,0,0,0,0,0,0,0,,,0,,,0,,0,,,
1,20,15,0,0,0,0,0,0,0,,,0,,,0,,0,,,
1,20,30,0,0,0,0,0,0,0,,,0,,,0,,0,,,
1,20,60,0,0,0,0,0,0,0,,,0,,,0,,0,,,
1,20,120,0,0,0,0,0,0,0,,,0,,,0,,0,,,
1,20,300,0,0,0,0,0,0,0,,,0,,,0,,0,,,
1,10,5,0,0,0,0,0,0,0,,,0,,,0,,0,,,
1,10,10,0,0,0,0,0,0,0,,,0,,,0,,0,,,
1,10,15,0,0,0,0,0,0,0,,,0,,,0,,0,,,
1,10,30,0,0,0,0,0,0,0,,,0,,,0,,0,,,
1,10,60,0,0,0,0,0,0,0,,,0,,,0,,0,,,
1,10,120,0,0,0,0,0,0,0,,,0,,,0,,0,,,
1,10,300,0,0,0,0,0,0,0,,,0,,,0,,0,,,
