slug,condition_id,start_epoch,end_epoch,start_utc,end_utc,closed,price_to_beat,settlement_final_price,final_price_source,chainlink_start_price,start_price_lag_s,chainlink_end_price,end_price_lag_s,rtds_end_price,rtds_end_price_lag_s,final_vs_rtds_end_delta_usd,final_vs_rtds_end_delta_bps,winner,margin_usd_signed,margin_usd_abs,margin_bps_abs,market_volume,last_trade_price,best_bid,best_ask,late_trade_raw_count_300s,late_trade_unique_count_300s,duplicate_late_trades_300s,price_minus_5s,price_minus_5s_lag_s,margin_minus_5s_signed,margin_minus_5s_bps_abs,side_minus_5s,flipped_to_winner_5s,aligned_final_5s_bps,trades_5s,gross_notional_5s,pro_notional_5s,anti_notional_5s,net_pro_notional_5s,pro_share_5s,pro_trade_share_5s,net_pro_share_5s,largest_signed_second_notional_5s,price_minus_10s,price_minus_10s_lag_s,margin_minus_10s_signed,margin_minus_10s_bps_abs,side_minus_10s,flipped_to_winner_10s,aligned_final_10s_bps,trades_10s,gross_notional_10s,pro_notional_10s,anti_notional_10s,net_pro_notional_10s,pro_share_10s,pro_trade_share_10s,net_pro_share_10s,largest_signed_second_notional_10s,price_minus_15s,price_minus_15s_lag_s,margin_minus_15s_signed,margin_minus_15s_bps_abs,side_minus_15s,flipped_to_winner_15s,aligned_final_15s_bps,trades_15s,gross_notional_15s,pro_notional_15s,anti_notional_15s,net_pro_notional_15s,pro_share_15s,pro_trade_share_15s,net_pro_share_15s,largest_signed_second_notional_15s,price_minus_30s,price_minus_30s_lag_s,margin_minus_30s_signed,margin_minus_30s_bps_abs,side_minus_30s,flipped_to_winner_30s,aligned_final_30s_bps,trades_30s,gross_notional_30s,pro_notional_30s,anti_notional_30s,net_pro_notional_30s,pro_share_30s,pro_trade_share_30s,net_pro_share_30s,largest_signed_second_notional_30s,price_minus_60s,price_minus_60s_lag_s,margin_minus_60s_signed,margin_minus_60s_bps_abs,side_minus_60s,flipped_to_winner_60s,aligned_final_60s_bps,trades_60s,gross_notional_60s,pro_notional_60s,anti_notional_60s,net_pro_notional_60s,pro_share_60s,pro_trade_share_60s,net_pro_share_60s,largest_signed_second_notional_60s,price_minus_120s,price_minus_120s_lag_s,margin_minus_120s_signed,margin_minus_120s_bps_abs,side_minus_120s,flipped_to_winner_120s,aligned_final_120s_bps,trades_120s,gross_notional_120s,pro_notional_120s,anti_notional_120s,net_pro_notional_120s,pro_share_120s,pro_trade_share_120s,net_pro_share_120s,largest_signed_second_notional_120s,price_minus_300s,price_minus_300s_lag_s,margin_minus_300s_signed,margin_minus_300s_bps_abs,side_minus_300s,flipped_to_winner_300s,aligned_final_300s_bps,trades_300s,gross_notional_300s,pro_notional_300s,anti_notional_300s,net_pro_notional_300s,pro_share_300s,pro_trade_share_300s,net_pro_share_300s,largest_signed_second_notional_300s,post_close_price_plus_15s,post_close_price_plus_15s_lag_s,post_close_aligned_move_15s_bps,post_close_reversion_15s_bps,post_close_price_plus_60s,post_close_price_plus_60s_lag_s,post_close_aligned_move_60s_bps,post_close_reversion_60s_bps,post_close_price_plus_300s,post_close_price_plus_300s_lag_s,post_close_aligned_move_300s_bps,post_close_reversion_300s_bps
btc-updown-15m-1780764300,0x2f43b40f7067930ac3aba9e3491cfcd905bc8f7685f467590d584d6f07e27848,1780764300,1780765200,2026-06-06T16:45:00Z,2026-06-06T17:00:00Z,True,60735.00534610527,60749.20669885853,gamma_finalPrice,60735.00534610527,0,60749.20669885853,,60749.20669885853,0,0.0,0.0,Up,14.201352753261745,14.201352753261745,2.3382483746125873,50661.91813499999,0.99,0.25,0.26,1011,1011,0,60741.360621931846,0,6.3552758265796,1.0463942153891888,Up,0,1.2916355747816346,57,682.6870709999998,645.636775,37.050295999999996,608.5864789999999,0.9457287275915031,0.7894736842105263,0.8914574551830059,286.54089999999997,60739.17392839217,0,4.168582286903984,0.6863557948416813,Up,0,1.6516428052413916,86,1026.8212519999997,767.089968,259.731284,507.3586840000001,0.7470530693690787,0.6744186046511628,0.4941061387381572,286.54089999999997,60742.77299,0,7.767643894731009,1.2789401845716841,Up,0,1.0591166398009435,112,1264.6838389999994,898.9809550000001,365.70288400000004,533.2780710000001,0.7108345400466531,0.6428571428571429,0.4216690800933057,286.54089999999997,60734.0734817324,0,-0.9318643728693132,0.15343118314701368,Down,1,2.491407407160688,171,1560.1920109999985,1080.0766329999997,480.1153780000001,599.9612550000003,0.6922716084847333,0.6783625730994152,0.38454321696946625,286.54089999999997,60714.13716206603,0,-20.86818403923826,3.4359401008230037,Down,1,5.774505567233575,267,3588.935060000001,2420.1999130000013,1168.735147,1251.4647660000007,0.6743504333566851,0.6217228464419475,0.3487008667133699,559.2793019999999,60708.06177098338,0,-26.94357512188435,4.436251378977141,Down,1,6.7752107333576275,442,6495.823950999995,3815.370479000005,2680.453471999998,1134.9170070000016,0.5873574326799067,0.5769230769230769,0.17471486535981132,559.2793019999999,60791.42405003302,0,56.418703927753086,9.289322295477666,Up,0,-6.947035343201438,1011,14899.772887999974,6651.137898,8248.634989999995,-1597.4970920000012,0.44639189791655914,0.486646884272997,-0.10721620416688354,-936.8265770000002,60756.477156825495,0,1.1967272221244358,-1.1967272221244358,60789.294527243284,0,6.596729338289521,-6.596729338289521,60757.2632106971,0,1.3261041747603308,-1.3261041747603308
btc-updown-15m-1780663500,0x603e4830e9b348bb15a0398c02659ff8e8ddf721fc246b7ade2937e187de6367,1780663500,1780664400,2026-06-05T12:45:00Z,2026-06-05T13:00:00Z,True,61929.56150029209,61911.804448279174,gamma_finalPrice,61929.5615002921,0,61911.804448279174,,61911.804448279174,0,0.0,0.0,Down,-17.757052012915665,17.757052012915665,2.8672981985883936,50376.59376900001,0.01,0.34,0.35,1424,1424,0,61914.97922573653,0,-14.582274555556069,2.354654901841553,Down,0,0.5127771817794323,19,378.16147299999994,317.024474,61.13699899999999,255.88747500000002,0.8383309687393777,0.6842105263157895,0.6766619374787555,170.31768200000002,61909.83703228865,0,-19.72446800344187,3.1849842830469326,Down,0,-0.317782249881876,36,491.7708549999999,404.499759,87.27109599999999,317.22866300000004,0.8225370716611501,0.6111111111111112,0.6450741433223002,170.31768200000002,61897.84592213786,0,-31.71557815423148,5.121234090133497,Down,0,-2.2548365428220283,67,887.2657509999999,728.4896600000002,158.77609100000004,569.7135690000003,0.8210501297710975,0.5671641791044776,0.6421002595421949,170.31768200000002,61899.31804951594,0,-30.243450776149984,4.8835241270047325,Down,0,-2.017007608632591,128,1477.8822129999996,1215.6741310000002,262.20808200000005,953.4660490000006,0.8225784980064582,0.6015625,0.6451569960129162,170.31768200000002,61916.30386386056,0,-13.257636431531864,2.1407605851479077,Down,0,0.7267195864805603,302,4722.170798999998,3102.2716529999993,1619.899146,1482.372507,0.6569587981986927,0.5993377483443708,0.31391759639738537,-800.4349890000004,61898.386521384906,0,-31.174978907183686,5.033941489644917,Down,0,-2.1674995962300447,632,9676.601093999985,6251.043301999995,3425.5577920000005,2825.485509999999,0.6459957624868901,0.5775316455696202,0.29199152497377956,-800.4349890000004,61877.95698883744,0,-51.60451145465049,8.332775205328574,Down,0,-5.468539545159128,1424,17563.899972999963,10272.340926999972,7291.559046,2980.781880999996,0.5848553534688246,0.5625,0.16971070693765003,-800.4349890000004,61944.89236567138,0,-5.342935671705685,5.342935671705685,61976.58780716514,0,-10.45834296682522,10.45834296682522,62022.1080386616,0,-17.800393337724753,17.800393337724753
btc-updown-15m-1780767000,0x99fdf276699cd8afc7bb3cdd903803f68c7fc4d11eb80a9f3b0278d122b1e878,1780767000,1780767900,2026-06-06T17:30:00Z,2026-06-06T17:45:00Z,True,60653.0861274522,60678.79290461163,gamma_finalPrice,60653.0861274522,0,60678.79290461163,,60678.79290461163,0,0.0,0.0,Up,25.706777159430203,25.706777159430203,4.238329621911037,53611.319899000046,0.99,0.72,0.73,969,969,0,60679.849267118225,0,26.763139666021743,4.412494297451499,Up,0,-0.17408937471817826,15,2112.296459,2079.02346,33.272999,2045.7504609999999,0.9842479502068794,0.4666666666666667,0.968495900413759,2038.2676999999994,60678.477329925976,0,25.391202473772864,4.186300169527655,Up,0,0.05200754516722384,47,2895.3231260000002,2678.5791279999994,216.743998,2461.8351299999995,0.9251399624264249,0.7446808510638298,0.8502799248528502,2038.2676999999994,60664.79218345327,0,11.706056001065008,1.9300017111193173,Up,0,2.307616213965361,72,3227.0862709999997,2900.7640759999986,326.322195,2574.4418809999984,0.8988802382097826,0.7638888888888888,0.7977604764195654,2038.2676999999994,60659.592622379976,0,6.506494927773019,1.0727393020201346,Up,0,3.1647499360596423,154,3820.9326339999984,3221.4164479999977,599.5161860000001,2621.900261999998,0.843096897164505,0.6298701298701299,0.6861937943290102,2038.2676999999994,60631.051648646266,0,-22.034478805937397,3.632870182340873,Down,1,7.870961933205162,271,5439.312081000001,4369.757429999999,1069.5546509999995,3300.2027789999975,0.8033658236422854,0.5719557195571956,0.6067316472845709,2038.2676999999994,60621.03341697036,0,-32.05271048184659,5.2845967993274465,Down,1,9.52342534334557,416,7012.302973999994,4778.093799999993,2234.209173999999,2543.884625999998,0.6813872443498329,0.5480769230769231,0.36277448869966644,2038.2676999999994,60620.503635376386,0,-32.582492075816845,5.371942988581034,Down,1,9.610818097818964,969,12608.528226999986,6514.375020999981,6094.153206,420.2218150000002,0.5166641898021098,0.4984520123839009,0.03332837960422172,2038.2676999999994,60696.741677805825,0,2.95756033318863,-2.95756033318863,60648.03438495289,0,-5.070357645518917,5.070357645518917,60569.74013070445,0,-17.988308902909267,17.988308902909267
btc-updown-15m-1780664400,0xd896bb4f238645f4f0cc7fc06cd800b4e370fc3285c574251231e727e947d5cc,1780664400,1780665300,2026-06-05T13:00:00Z,2026-06-05T13:15:00Z,True,61911.804448279174,61938.37457702748,gamma_finalPrice,61911.804448279174,0,61938.37457702748,,61938.37457702748,0,0.0,0.0,Up,26.5701287483098,26.5701287483098,4.291609489512837,81823.4935139999,0.99,0.58,0.59,1713,1713,0,61934.55431673946,0,22.749868460283324,3.674560717946519,Up,0,0.6168030938408636,19,229.540599,216.24059899999997,13.3,202.940599,0.9420581803047399,0.8947368421052632,0.8841163606094798,138.5974,61941.54683781255,0,29.742389533377718,4.803993325412502,Up,0,-0.5121509199440806,85,875.387226,708.8566300000001,166.530596,542.326034,0.8097635068757562,0.5882352941176471,0.6195270137515121,175.999372,61971.146749871834,0,59.34230159266008,9.584973676907504,Up,0,-5.289694166770525,148,1732.3758869999992,1471.4758909999991,260.899996,1210.5758949999995,0.8493975828468685,0.6283783783783784,0.6987951656937372,351.62732500000004,61977.87447423861,0,66.07002595943777,10.671636297506456,Up,0,-6.375257296990319,209,3232.7912769999975,2938.535281999997,294.25599500000004,2644.279286999998,0.9089777316916459,0.7033492822966507,0.8179554633832923,388.7462,62012.54177714967,0,100.73732887049846,16.27110205690321,Up,0,-11.967190103173337,399,6512.468896000004,5773.7059020000015,738.7629939999999,5034.942908000002,0.8865617623980124,0.7669172932330827,0.7731235247960252,742.4038429999998,61920.5400732351,0,8.735624955923413,1.410978897121487,Up,0,2.8798094938915715,742,11335.035197999996,9575.73444999999,1759.3007479999994,7816.433702000003,0.8447908879620926,0.6886792452830188,0.6895817759241868,887.794102,61918.14127642031,0,6.33682814113854,1.0235250284834285,Up,0,3.2672162054198863,1713,23268.070479999922,16894.18818999996,6373.882289999998,10520.305899999998,0.726067432386427,0.62405137186223,0.45213486477285386,925.8545919999999,61938.71046776949,0,0.054229681282520155,-0.054229681282520155,61889.3513230641,0,-7.91797736222226,7.91797736222226,62023.17791036395,0,13.682201434933312,-13.682201434933312
btc-updown-15m-1780746300,0x19e860b0a715b4c66a7bfdc6f8a7f8059b7fd592e779b1daf20cc92a50a45f20,1780746300,1780747200,2026-06-06T11:45:00Z,2026-06-06T12:00:00Z,True,60798.95506,60771.773349566596,gamma_finalPrice,,,60771.773349566596,,,,,,Down,-27.181710433404078,27.181710433404078,4.470752894779123,43214.03474899994,0.01,0.08,0.09,0,0,0,,,,,,,,0,0.0,0.0,0.0,0.0,,,,0.0,,,,,,,,0,0.0,0.0,0.0,0.0,,,,0.0,,,,,,,,0,0.0,0.0,0.0,0.0,,,,0.0,,,,,,,,0,0.0,0.0,0.0,0.0,,,,0.0,,,,,,,,0,0.0,0.0,0.0,0.0,,,,0.0,,,,,,,,0,0.0,0.0,0.0,0.0,,,,0.0,60881.85821792444,0,82.90315792444017,13.635622165319523,Up,1,18.098086672324836,0,0.0,0.0,0.0,0.0,,,,0.0,,,,,,,,,,,,
btc-updown-15m-1780597800,0x061b207481cf9dc7bad7c8bd43dc5ab08279152de197ef0c762d58cebb490386,1780597800,1780598700,2026-06-04T18:30:00Z,2026-06-04T18:45:00Z,True,63810.49560696091,63842.97672070311,gamma_finalPrice,63810.4956069609,0,63842.97672070311,,63842.97672070311,0,0.0,0.0,Up,32.48111374220025,32.48111374220025,5.090246272692634,55414.92979399983,0.99,0.63,0.64,1108,1108,0,63851.394551245176,0,40.89894428426487,6.409438430972368,Up,0,-1.3184340813788535,24,1025.6740799999998,979.7973799999999,45.8767,933.9206800000001,0.9552716590049737,0.625,0.9105433180099475,847.1066799999999,63858.28740643912,0,47.79179947821103,7.489645554954373,Up,0,-2.397891033267766,40,1260.2319049999999,1084.6166049999997,175.6153,909.0013050000002,0.8606484256562286,0.725,0.7212968513124577,847.1066799999999,63839.726702993736,0,29.231096032825008,4.580922895956362,Up,0,0.5090772082560838,91,1721.9828229999996,1472.4522259999994,249.53059700000003,1222.9216290000002,0.8550911230547157,0.6923076923076923,0.710182246109432,847.1066799999999,63822.3786656678,0,11.883058706887823,1.8622420330475435,Up,0,3.226882524505503,188,2289.9740649999985,1857.2382799999998,432.73578499999996,1424.5024950000013,0.8110302681528408,0.574468085106383,0.6220605363056818,847.1066799999999,63864.0284115944,0,53.53280463349074,8.389341616028915,Up,0,-3.296873348515468,350,3326.9018800000013,2342.625807999998,984.2760720000007,1358.3497360000003,0.7041463477125443,0.5428571428571428,0.40829269542509017,847.1066799999999,63960.67723172578,0,150.1816247648676,23.53556783039383,Up,0,-18.4189638806724,600,6085.632622999999,4509.7713639999965,1575.8612590000012,2933.910104999998,0.7410521869091797,0.6,0.48210437381836,847.1066799999999,63874.31870953279,0,63.823102571877826,10.001975688293438,Up,0,-4.908025863413035,1108,12123.46730799999,9782.928883999988,2340.5384240000003,7442.3904599999905,0.8069414991158894,0.592057761732852,0.6138829982317792,847.1066799999999,63834.54249459478,0,-1.321176378180537,1.321176378180537,63808.67458607827,0,-5.374334777392446,5.374334777392446,63931.34791465237,0,13.832388986107869,-13.832388986107869
btc-updown-15m-1780766100,0xed76784b15197e5169da0a6cdb2a5ea5116e42e61271debaf9a48ea93502ad42,1780766100,1780767000,2026-06-06T17:15:00Z,2026-06-06T17:30:00Z,True,60692.98318293709,60653.0861274522,gamma_finalPrice,60692.98318293708,0,60653.0861274522,,60653.0861274522,0,0.0,0.0,Down,-39.89705548488564,39.89705548488564,6.573586169694505,39532.51552599994,0.01,0.12,0.13,506,506,0,60648.437525,0,-44.545657937087526,7.339507073300504,Down,0,-0.7664540913428496,2,10.9494,0.0,10.9494,-10.9494,0.0,0.0,-1.0,-10.9494,60648.718975,0,-44.2642079370853,7.293134332129767,Down,0,-0.720047397545689,15,1390.7932939999996,1362.5286939999996,28.264599999999998,1334.2640939999997,0.9796773538368816,0.6666666666666666,0.9593547076737631,1314.4333989999998,60646.74188344843,0,-46.24129948866175,7.61888723598971,Down,0,-1.0460433643787774,20,1432.7498799999996,1401.1728799999996,31.576999999999998,1369.5958799999996,0.9779605635004485,0.7,0.955921127000897,1314.4333989999998,60636.06865838241,0,-56.914524554675154,9.377447205573478,Down,0,-2.8060990632684173,38,1924.8188299999997,1644.9211309999998,279.897699,1365.023432,0.8545849122849656,0.6578947368421053,0.7091698245699312,1314.4333989999998,60658.94415356081,0,-34.03902937627572,5.60839615902177,Down,0,0.9657782661111368,116,3126.783811999999,2720.0370139999995,406.746798,2313.290216,0.869915279579297,0.5775862068965517,0.7398305591585941,1314.4333989999998,60591.544788097985,0,-101.43839483910415,16.713364464777538,Down,0,-10.15159915529787,260,5387.335317999998,4683.284328999997,704.0509890000003,3979.2333399999998,0.8693136871121337,0.6,0.7386273742242679,1314.4333989999998,60590.04708657322,0,-102.93609636386827,16.96013129781487,Down,0,-10.398782164148178,506,7873.25406699999,6911.628395999996,961.6256710000005,5950.002725000008,0.8778617249212676,0.6106719367588933,0.7557234498425358,1314.4333989999998,60649.148415,0,0.6492398872020713,-0.6492398872020713,60684.955788950276,0,-5.253037172444902,5.253037172444902,60756.18921766185,0,-16.984388499419644,16.984388499419644
btc-updown-15m-1780765200,0x5ebba8d533cb8fdb40ba0dfb6e21aa8662e36cb03ad5f347d1e7a9e4efea14cc,1780765200,1780766100,2026-06-06T17:00:00Z,2026-06-06T17:15:00Z,True,60749.20669885853,60692.98318293709,gamma_finalPrice,60749.20669885853,0,60692.98318293709,,60692.98318293708,0,7.275957614183426e-12,1.1977041363274527e-12,Down,-56.223515921439684,56.223515921439684,9.255020596424696,42930.585851000025,0.01,0.2,0.21,445,445,0,60695.228614934036,0,-53.97808392449224,8.885397334004443,Down,0,0.36995882284524656,0,0.0,0.0,0.0,0.0,,,,0.0,60697.235892483506,0,-51.97080637502222,8.55497696169895,Down,0,0.7006675794063587,0,0.0,0.0,0.0,0.0,,,,0.0,60697.18823,0,-52.01846885852865,8.562822740450054,Down,0,0.6928150797789243,3,19.176299999999998,0.0,19.176299999999998,-19.176299999999998,0.0,0.0,-1.0,-8.276399999999999,60694.63684520721,0,-54.5698536513155,8.982809260674816,Down,0,0.2724597895308963,32,2065.261943,2016.9884430000004,48.273500000000006,1968.7149430000004,0.976625967391876,0.625,0.9532519347837517,1894.6688000000004,60703.803910845825,0,-45.40278801270324,7.473807557318498,Down,0,1.7827041714102998,85,2560.074336000002,2407.7781390000014,152.29619700000003,2255.4819419999994,0.940511025457973,0.6352941176470588,0.8810220509159457,1894.6688000000004,60666.89190798802,0,-82.31479087050684,13.549936755314622,Down,0,-4.299819084603335,240,5036.652474000003,4484.544291000002,552.1081829999999,3932.436107999997,0.8903819181787763,0.5833333333333334,0.7807638363575519,1894.6688000000004,60604.64236787951,0,-144.56433097901754,23.796908442877477,Down,0,-14.56596207478949,445,8080.446541999995,6692.48317,1387.9633719999995,5304.519798000002,0.8282318477344373,0.5887640449438202,0.6564636954688742,1894.6688000000004,60693.19739,0,-0.03529348429925298,0.03529348429925298,60720.61708085019,0,-4.552026845465991,4.552026845465991,60700.489467409985,0,-1.2366866716279277,1.2366866716279277
btc-updown-15m-1780680600,0x0f2384570049de11237c3cbdd983118b8b59cabf72ffc9bb59bf4be11f958228,1780680600,1780681500,2026-06-05T17:30:00Z,2026-06-05T17:45:00Z,True,60650.01462904681,60707.77195829398,gamma_finalPrice,,,60707.77195829398,,,,,,Up,57.75732924717158,57.75732924717158,9.523052813825728,49318.644371,0.99,0.8,0.81,0,0,0,,,,,,,,0,0.0,0.0,0.0,0.0,,,,0.0,,,,,,,,0,0.0,0.0,0.0,0.0,,,,0.0,,,,,,,,0,0.0,0.0,0.0,0.0,,,,0.0,,,,,,,,0,0.0,0.0,0.0,0.0,,,,0.0,,,,,,,,0,0.0,0.0,0.0,0.0,,,,0.0,,,,,,,,0,0.0,0.0,0.0,0.0,,,,0.0,60846.72357474818,0,196.7089457013717,32.433453957843376,Up,0,-22.862449696968824,0,0.0,0.0,0.0,0.0,,,,0.0,,,,,,,,,60622.89452738989,0,-13.991095113581766,13.991095113581766
btc-updown-15m-1780599600,0xbb9d29bdd539853ca7485f85ec7f72cc5fe0c0beff9d0fcfb7c5ddc018e5a27c,1780599600,1780600500,2026-06-04T19:00:00Z,2026-06-04T19:15:00Z,True,63740.06714121807,63801.06641481006,gamma_finalPrice,63740.06714121807,0,63801.06641481006,,63801.06641481007,0,-7.275957614183426e-12,-1.1415045418862392e-12,Up,60.999273591995006,60.999273591995006,9.570004602732729,36730.59489299994,0.99,0.07,0.08,814,814,0,63762.84140311438,0,22.774261896309326,3.572989944590465,Up,0,5.993076489056471,62,1053.610122,812.7984219999998,240.8117,571.9867220000001,0.7714413567488485,0.8064516129032258,0.5428827134976975,448.938462,63743.651664248086,0,3.5845230300183175,0.562365744309101,Up,0,9.003078340654625,113,1448.0201789999987,1071.0804889999995,376.9396900000001,694.1407989999998,0.7396861622050644,0.7256637168141593,0.47937232441012856,448.938462,63732.59953245603,0,-7.467608762039163,1.1715721518608455,Down,1,10.73706905908134,151,1687.3069559999983,1231.6602789999993,455.6466770000001,776.0136019999995,0.7299562623269363,0.6754966887417219,0.45991252465387233,448.938462,63714.877338964034,0,-25.189802254033566,3.9519572827284275,Down,1,13.51816665964198,370,3228.4769579999997,2080.2909249999975,1148.186033,932.1048919999995,0.644356751515647,0.6675675675675675,0.28871350303129517,448.938462,63685.214106498715,0,-54.853034719351854,8.605738459268215,Down,1,18.17487179458969,485,4483.822294999997,2495.1850109999973,1988.6372839999997,506.5477269999999,0.556486151064111,0.6268041237113402,0.11297230212822255,448.938462,63631.57165707502,0,-108.49548414304445,17.021551593704693,Down,1,26.601482987477723,626,6097.755381999996,2743.5603089999972,3354.1950729999985,-610.6347640000006,0.4499295457306685,0.5766773162939297,-0.10014090853866282,448.938462,63603.250291608434,0,-136.8168496096332,21.46481102796947,Down,1,31.053309225070272,814,9338.109687999999,3372.9457039999966,5965.163983999993,-2592.218280000001,0.36120219366607176,0.527027027027027,-0.277595612667856,448.938462,63843.064421221985,0,6.580483983458286,-6.580483983458286,63859.218544731666,0,9.110450280169072,-9.110450280169072,63893.264021157,0,14.440362708875874,-14.440362708875874
btc-updown-15m-1780661700,0x9ac83546b119b9d9976e4e82999e8204cfa86e60cb38098c0b48667bd53892b4,1780661700,1780662600,2026-06-05T12:15:00Z,2026-06-05T12:30:00Z,True,62094.58323341887,62156.55444,gamma_finalPrice,62094.58323341886,0,62156.55444,,62156.55444,0,0.0,0.0,Up,61.97120658113272,61.97120658113272,9.980130851056305,14740.426331000019,0.79,0.58,0.59,0,0,0,62166.25600512877,0,71.67277170990565,11.542515945470083,Up,0,-1.5607055718467187,0,0.0,0.0,0.0,0.0,,,,0.0,62114.64051703477,0,20.057283615904453,3.230118083006919,Up,0,6.745557499313482,0,0.0,0.0,0.0,0.0,,,,0.0,62112.06302024737,0,17.479786828502256,2.8150260325919634,Up,0,7.160524123136806,0,0.0,0.0,0.0,0.0,,,,0.0,62155.05,0,60.466766581135744,9.737848848076808,Up,0,0.2420433726747825,0,0.0,0.0,0.0,0.0,,,,0.0,62146.7234925213,0,52.14025910243072,8.396909422264903,Up,0,1.5817680213603882,0,0.0,0.0,0.0,0.0,,,,0.0,62175.66004299956,0,81.0768095806925,13.056985868786303,Up,0,-3.073315026099412,0,0.0,0.0,0.0,0.0,,,,0.0,62346.21983620494,0,251.6366027860713,40.52472690575082,Up,0,-30.467681387230044,0,0.0,0.0,0.0,0.0,,,,0.0,62209.70439371569,0,8.547327458417197,-8.547327458417197,62014.72727257039,0,-22.843805290461198,22.843805290461198,61702.36323858811,0,-73.34041759212379,73.34041759212379
