wallet,product,condition_id,outcome,won,offset_s,pre_runup_bps,drift_15,drift_30,drift_60,drift_close
0x45ca17313cffdb5b596438500a2fe0c899633cef,15m_aprjun,0x00015ed356b270f608454e34dee8b6b9c70a05e33747b189f1ab666e1dfe7ccd,Up,1,-170,0.0,-1.9,-1.9,-0.574,-1.913
0x45ca17313cffdb5b596438500a2fe0c899633cef,15m_aprjun,0x0026bfc999a9a1e9ae0b8cfbc93f8dc2f808c7b14d974413b4c5d5615bb62582,Up,1,-138,1.77,0.456,0.456,0.456,3.023
0x45ca17313cffdb5b596438500a2fe0c899633cef,15m_aprjun,0x0073ca3183ac820f30ac163cfde455d110c4a02581d259e6c0f37a7ae8661f70,Down,1,-257,12.12,0.0,-4.24,-11.082,-11.097
0x45ca17313cffdb5b596438500a2fe0c899633cef,15m_aprjun,0x00a4b096464a57bf02188f4dbcb59dad207249ca391390d69d9383e54709681f,Up,1,-83,0.01,0.178,0.698,0.698,0.698
0x45ca17313cffdb5b596438500a2fe0c899633cef,15m_aprjun,0x0183e6a842aedce6e08a6e6bfd01d948ab14d0d5596034a0f4e59ed772339130,Down,0,-57,0.0,0.0,-0.103,,-6.115
0x45ca17313cffdb5b596438500a2fe0c899633cef,15m_aprjun,0x02104cc7822702ab2fad6df8eed0e938bf2cd2d5af04a203db18a06b31261c32,Up,1,-259,0.63,-2.401,-2.401,-8.136,2.483
0x45ca17313cffdb5b596438500a2fe0c899633cef,15m_aprjun,0x02a708e416f2321e6b7cd1f3500ccf27bc02d37c1e0dd8d1e2e90aea3287092b,Up,0,-17,1.45,-6.376,,,-6.376
0x45ca17313cffdb5b596438500a2fe0c899633cef,15m_aprjun,0x02f12d180a63cf9dd2896621f37d5d15ff0da9f0be45c1c3718a32c6695b9303,Up,0,-75,0.0,-2.493,-4.661,-4.661,-6.514
0x45ca17313cffdb5b596438500a2fe0c899633cef,15m_aprjun,0x0346163b85c0e38f14a8f9a9041ecefc41b9c621b94959ccb853e4d9ca73fa3d,Down,0,-113,0.0,0.0,0.0,-2.988,-6.102
0x45ca17313cffdb5b596438500a2fe0c899633cef,15m_aprjun,0x0350833b03c1057b1a4658bfb5f499ac5b23661d0611bf4c13a19252c329d0e3,Down,0,-212,0.0,-1.78,-1.78,-1.985,-10.322
0x45ca17313cffdb5b596438500a2fe0c899633cef,15m_aprjun,0x03f35660f11c3451b0e73455db929bb516fd6495d40ffb1c3e8994a2638a603a,Up,1,-15,0.46,,,,-0.61
0x45ca17313cffdb5b596438500a2fe0c899633cef,15m_aprjun,0x043dbab03b3197e99ff4bfd22682b5c990408873ff36d5f2fc5f050aa51a132d,Up,1,-35,0.01,0.0,0.403,,1.658
0x45ca17313cffdb5b596438500a2fe0c899633cef,15m_aprjun,0x0527aa9b7b516e2440b6e68191de7f800c1ec0b10ac99e36cdaf76f057408a63,Down,0,-134,0.0,-3.61,-4.225,-7.477,-7.003
0x45ca17313cffdb5b596438500a2fe0c899633cef,15m_aprjun,0x060508e85a00484c710c1801ad264c8eccfbb40ff5f4c3697563cb55be8fc2c9,Up,0,-253,0.0,0.0,0.0,-6.735,-17.356
0x45ca17313cffdb5b596438500a2fe0c899633cef,15m_aprjun,0x06d66030d439ae45d8daba912d6ec97a7719d1ac779810e2a05f47f59d4e082e,Up,0,-215,0.0,0.014,-0.755,-0.769,-3.939
0x45ca17313cffdb5b596438500a2fe0c899633cef,15m_aprjun,0x06d955f2f02a8b400f50077c7bd32f19dfbb6a1a7b4949b5485d2ddf855faae2,Up,1,-273,0.73,-0.592,-0.592,0.013,-0.377
0x45ca17313cffdb5b596438500a2fe0c899633cef,15m_aprjun,0x07756ff4df905efac50965cbc5577f5278fa1bdde5c3ce909c82d5d2b37290d2,Up,1,-14,9.59,,,,2.587
0x45ca17313cffdb5b596438500a2fe0c899633cef,15m_aprjun,0x08addba9cf225e9ad087b57b375382bc8f328ccc1867a783ff8e5de96019b127,Up,0,-186,0.0,0.013,0.013,-2.443,-3.837
0x45ca17313cffdb5b596438500a2fe0c899633cef,15m_aprjun,0x08eae8fed28ba13d00cae9214fa4a00550c4da71ec159a229030b10ee9534025,Down,0,-66,0.01,-0.013,-0.013,-0.3,-0.3
0x45ca17313cffdb5b596438500a2fe0c899633cef,15m_aprjun,0x09cd95c03c92e56b68e70809fc788897b37696606e75da4cb6a69fea6b82f6b4,Up,0,-147,0.02,1.635,-3.908,6.975,9.326
0x45ca17313cffdb5b596438500a2fe0c899633cef,15m_aprjun,0x09d7288f3bc95c5fde09b80e944dd93a6d2d7c2a9c1ebd411aebd9ea443f98aa,Down,0,-180,0.0,2.77,1.513,-0.946,9.418
0x45ca17313cffdb5b596438500a2fe0c899633cef,15m_aprjun,0x0a5ecd8129fa1dd42a71a3645a95d0e326dea4869b5aeec533074d66bc1adbe2,Up,1,-263,0.13,-0.013,0.0,0.0,1.69
0x45ca17313cffdb5b596438500a2fe0c899633cef,15m_aprjun,0x0b001389bc4aa1d0ebde06a0b1973744999a0149fefd43a0a32553e36794df65,Down,0,-249,0.0,-5.387,-5.387,-11.156,-24.328
0x45ca17313cffdb5b596438500a2fe0c899633cef,15m_aprjun,0x0b0a84a76ba0188ebe772e83404f9860f18b354a12219fc9fce3f10bd9d98264,Up,0,-173,0.0,5.915,6.038,9.708,13.586
0x45ca17313cffdb5b596438500a2fe0c899633cef,15m_aprjun,0x0b9781ad074af16dc20c3b248df66ac2a0d975ba66f2df43ea855782dbbaa1c1,Up,1,-188,0.68,0.849,-0.463,-0.798,-0.45
0x45ca17313cffdb5b596438500a2fe0c899633cef,15m_aprjun,0x0c7dc07f4987fc6cb3bf8905c3718bb8b1a8c4e5de7a23afb72d8731c272c1e9,Down,1,-46,0.0,0.013,0.0,,3.632
0x45ca17313cffdb5b596438500a2fe0c899633cef,15m_aprjun,0x0cac6756a075506d267c3059a918a8eaa6b6c6bdc35e73f2a8bda803d86b9e30,Up,0,-128,0.48,-0.013,-0.013,-3.133,-9.631
0x45ca17313cffdb5b596438500a2fe0c899633cef,15m_aprjun,0x0dc9f0a495152f1a8917da01420c6ebe9a4255bfa72c7b9a89f80a0a1ad9c640,Down,1,-221,3.38,1.005,0.553,0.465,8.218
0x45ca17313cffdb5b596438500a2fe0c899633cef,15m_aprjun,0x0e26d7295ce55d88b35b55d998168fbebe2d8eac06c4c67f91f648d7240270cd,Down,0,-242,0.01,0.0,-2.109,-3.949,-3.446
0x45ca17313cffdb5b596438500a2fe0c899633cef,15m_aprjun,0x0f34bcab2c8a70a853d6145f26452df9181f684f72a9fa89b1a6038d3747c184,Down,1,-118,0.0,-0.474,-1.786,-5.507,0.352
0x45ca17313cffdb5b596438500a2fe0c899633cef,15m_aprjun,0x0fc51693e1b5215c2dbae5829c34280b972128f5f07d82bd0b3fd4fd8e3f20fb,Down,1,-22,0.0,-0.83,,,1.621
0x45ca17313cffdb5b596438500a2fe0c899633cef,15m_aprjun,0x0fd1da73f45169b0f8a7b13e753eee32dd9693effd83a14ca68b07fe042bb189,Down,0,-257,0.01,0.0,-0.015,-0.015,-0.015
0x45ca17313cffdb5b596438500a2fe0c899633cef,15m_aprjun,0x0ffd1c5a71f6ade1fb666f00d2c6c65107e3fe32c43f969404e43689b3ae2a2e,Down,1,-252,3.25,-1.603,-0.103,1.241,0.22
0x45ca17313cffdb5b596438500a2fe0c899633cef,15m_aprjun,0x11882351e4bd490aab4d88aac5f26ee94141f1cdf3eba2bb8c2172954b647b40,Down,1,-17,0.0,3.374,,,3.374
0x45ca17313cffdb5b596438500a2fe0c899633cef,15m_aprjun,0x1277b0672f92fd06cbcaac6d4939681a45c3d287dd6212f14db83d6ef79b2c23,Down,0,-63,3.89,-1.513,-1.528,-6.882,-6.882
0x45ca17313cffdb5b596438500a2fe0c899633cef,15m_aprjun,0x127dd25dceded9d8ff9dab6f5b91fe6e8e0d2c966fd12ecb91ded25f6e887440,Down,1,-20,0.0,1.198,,,1.198
0x45ca17313cffdb5b596438500a2fe0c899633cef,15m_aprjun,0x12ad7241618374388edbb16eafcae2b575de6b9a47c8f00b5cdaaaf980140c2b,Down,1,-173,3.37,0.668,3.356,-3.676,-1.532
0x45ca17313cffdb5b596438500a2fe0c899633cef,15m_aprjun,0x12b6f2664b66872fedafe463661e4e69a4579bbd96d4dff4aa4e5956c4b0be3c,Up,1,-139,0.0,-3.488,-3.103,-1.911,2.27
0x45ca17313cffdb5b596438500a2fe0c899633cef,15m_aprjun,0x12c9040f874065756ce0ba9fd1e5a862d592bfed67838f6962a3f64f020c0668,Down,0,-265,0.0,7.514,7.514,1.931,-0.958
0x45ca17313cffdb5b596438500a2fe0c899633cef,15m_aprjun,0x132e9f1714658ba1267613ae89ec46b99bb8b9185f42ad46c8a0428a80044b42,Down,1,-107,0.0,0.014,0.0,2.277,6.002
0x45ca17313cffdb5b596438500a2fe0c899633cef,15m_aprjun,0x134e8baa5d7850a33d50ee25a2dba8e18a09d2e2c3eaac0e7088cc78eaab170b,Up,0,-67,0.0,0.0,-4.595,-5.227,-5.227
0x45ca17313cffdb5b596438500a2fe0c899633cef,15m_aprjun,0x137d34fb8bf57c229d720c5e5a32fb402c869645d407e529231231a12ea140bf,Up,1,-132,0.0,0.026,3.322,3.309,7.017
0x45ca17313cffdb5b596438500a2fe0c899633cef,15m_aprjun,0x13b80a02a0bb4db15079c386e614f14f354b31fb05629be77887def82fe1a864,Up,0,-172,0.01,0.0,-0.013,0.0,0.0
0x45ca17313cffdb5b596438500a2fe0c899633cef,15m_aprjun,0x14560f57dcab49371d6b5d96175c63da1162bcff4daaf424d50575f89001fb8f,Up,1,-197,0.0,-0.014,-2.739,0.348,5.311
0x45ca17313cffdb5b596438500a2fe0c899633cef,15m_aprjun,0x14c445bf4ba007823cbc4e173a395c0b4406bb16013268e17a248fdbbabd6f76,Down,1,-96,0.0,0.0,0.012,0.0,2.146
0x45ca17313cffdb5b596438500a2fe0c899633cef,15m_aprjun,0x1566b07502520023c281e3840205f00d601ac7b6d8f3bed60838024ca5b46d64,Down,0,-216,0.0,0.0,-0.013,-2.306,2.653
0x45ca17313cffdb5b596438500a2fe0c899633cef,15m_aprjun,0x15d1dc7cdd3a82b90a4d3866d47ba7d9c9f0b651a787d23349f3efbdc7bace8b,Up,1,-29,0.01,0.0,,,0.0
0x45ca17313cffdb5b596438500a2fe0c899633cef,15m_aprjun,0x15fa0b9dfdab94cfb4823e72f0902af63971e7e4ab7d11d01094c75272a86ebf,Down,0,-255,0.0,0.0,0.0,0.0,-1.84
0x45ca17313cffdb5b596438500a2fe0c899633cef,15m_aprjun,0x16b7ff399bcbdac345a3789bce52b30695ffaceec6e0b3ba22e990ccb23a4bf3,Down,0,-249,0.19,0.0,-0.629,-0.643,6.125
0x45ca17313cffdb5b596438500a2fe0c899633cef,15m_aprjun,0x16c419229ed43c40a5a83f42b68513156fbbe5c459cfc13bb42053b296f17922,Up,0,-204,0.0,-1.737,-4.552,-1.75,-2.371
0x45ca17313cffdb5b596438500a2fe0c899633cef,15m_aprjun,0x16d739b1007d5e1cf7956ddc2856062bb7c0a71e438615d4bba6cef5cc685777,Down,0,-254,2.77,0.0,0.667,0.681,-1.567
0x45ca17313cffdb5b596438500a2fe0c899633cef,15m_aprjun,0x181059fc333845b06bcc0c42ac4df2cbc91fd3851ed5f1a018f66f9b4993007a,Down,0,-154,0.27,0.0,-0.378,-0.456,-0.795
0x45ca17313cffdb5b596438500a2fe0c899633cef,15m_aprjun,0x19575788702c8ae123128353439922f6583397d36c9f1f8d17e82b793c23ddcf,Down,0,-192,0.22,0.013,-0.217,-0.217,0.79
0x45ca17313cffdb5b596438500a2fe0c899633cef,15m_aprjun,0x19e8c462e5e9baab3fe9095e4a536dff7b1de4dbcc0c6f14e56702702cfdc9f3,Up,0,-172,0.07,-1.217,-1.623,-2.774,-4.397
0x45ca17313cffdb5b596438500a2fe0c899633cef,15m_aprjun,0x1a1b636d75f572e400eea2702214d1f2071b1e665c1715eed809f6aefc946953,Down,1,-180,3.6,0.364,-0.162,6.364,10.988
0x45ca17313cffdb5b596438500a2fe0c899633cef,15m_aprjun,0x1a31a094016f4c7ffe524e8b8de818ba4a59600d3c08124e9789d4f324f353bb,Down,0,-179,0.0,0.0,0.014,-2.653,1.815
0x45ca17313cffdb5b596438500a2fe0c899633cef,15m_aprjun,0x1ae5cacfb48ec8d1bc80f80cd65df9921d80ffbe78e01abf345e528b41419902,Down,1,-200,0.0,-0.038,-0.038,-0.038,1.473
0x45ca17313cffdb5b596438500a2fe0c899633cef,15m_aprjun,0x1b92462bafcb3c4392290f48c791c5329c9b929a8849b05a4470097aa001ecdb,Up,0,-274,0.01,0.0,-0.013,0.218,-3.59
0x45ca17313cffdb5b596438500a2fe0c899633cef,15m_aprjun,0x1c5bda08f8892339589d4b2c37e3063066a9fccb8b7b15e3d152e44601a6bad4,Up,0,-248,0.0,0.0,3.227,0.395,2.058
0x45ca17313cffdb5b596438500a2fe0c899633cef,15m_aprjun,0x1cd18f6425be0d6a6437dcb26c66022141fa777cd98bb3186e715ffdc713a650,Up,1,-151,0.0,-0.111,-0.111,-0.111,-1.667
0x45ca17313cffdb5b596438500a2fe0c899633cef,15m_aprjun,0x1ce5933b05e52b078672376af9d817f30e36f81b22c1e6bfe503cf1c1d21b4d2,Up,0,-275,0.0,-2.24,-2.255,-2.24,4.45
0x45ca17313cffdb5b596438500a2fe0c899633cef,15m_aprjun,0x1d34250a3564daed85aaa00e31356d4c2180489951a366de5037fc79c16a2a0c,Down,0,-254,0.0,-3.159,-5.219,-5.219,-10.464
0x45ca17313cffdb5b596438500a2fe0c899633cef,15m_aprjun,0x1d7578405328c52c733bca934252502fc46c50cd4a967c6fb636f486b2e7319f,Up,1,-26,1.87,-0.409,,,-0.013
0x45ca17313cffdb5b596438500a2fe0c899633cef,15m_aprjun,0x1d81f4845fbf7c5f061a22d0ef8cd2b07c48bb47e7e087652a65959f7da473d1,Down,1,-252,0.01,0.0,0.0,-0.013,1.803
0x45ca17313cffdb5b596438500a2fe0c899633cef,15m_aprjun,0x1e026565983887d746821fbd927691b2d36479113dc58090b5f8e8cf7a99f1cf,Up,1,-101,0.02,0.766,0.917,1.593,2.975
0x45ca17313cffdb5b596438500a2fe0c899633cef,15m_aprjun,0x1eb9a51ddfb38683a6771d5d26f16e5f513421bd11dbd4f773a812c30651bd4f,Down,1,-217,0.0,-1.032,-1.45,-1.464,0.614
0x45ca17313cffdb5b596438500a2fe0c899633cef,15m_aprjun,0x1ed1556f1607045c0b4185bcca5b5b8ef7bdd9c90b4c30307d0830642f8d2e54,Down,0,-131,0.01,-0.012,-0.012,-0.582,-2.178
0x45ca17313cffdb5b596438500a2fe0c899633cef,15m_aprjun,0x1f00885cfa36c8f6d9f687463a71af235a912c6f8a596fde2d40a534da14e47c,Up,0,-151,0.0,-0.464,-0.45,-0.45,-0.239
0x45ca17313cffdb5b596438500a2fe0c899633cef,15m_aprjun,0x1f53e382b9962ae14cbeb886c5837a13abd7e15a923e386862f613ce08e54ace,Up,1,-260,4.44,-1.18,-1.542,1.464,6.154
0x45ca17313cffdb5b596438500a2fe0c899633cef,15m_aprjun,0x1fa532f6438de692dae964dc50863787b05083c485c18d219e7d939eec81cf92,Down,0,-240,0.01,-3.693,-3.693,-3.693,0.292
0x45ca17313cffdb5b596438500a2fe0c899633cef,15m_aprjun,0x2109059158ff40cd7d878229812558bfb4846ee19a439b778c64bf78bd2a34de,Up,0,-262,0.01,0.0,-0.837,-0.729,-2.35
0x45ca17313cffdb5b596438500a2fe0c899633cef,15m_aprjun,0x21116051a4d93931b8538ca5d5f3b9d68cccd702724d3434c3b3cc335b4e91bc,Down,0,-190,0.01,2.425,0.45,-5.863,-6.188
0x45ca17313cffdb5b596438500a2fe0c899633cef,15m_aprjun,0x217082bda8b821b72304e5749efac4c66fec6708d0d01867260f6fc4480a52f9,Down,1,-107,0.0,3.735,3.735,7.427,8.828
0x45ca17313cffdb5b596438500a2fe0c899633cef,15m_aprjun,0x217eac1ad3b239a341573428700cee109489bd0f0a9ffb67540d607b8527b02c,Down,1,-14,0.0,,,,6.998
0x45ca17313cffdb5b596438500a2fe0c899633cef,15m_aprjun,0x22b115142450116536506c48e13caee49ad366d4ca0d2fd8d385338c65ff3529,Up,0,-153,1.24,0.0,0.0,-0.012,-0.012
0x45ca17313cffdb5b596438500a2fe0c899633cef,15m_aprjun,0x231e1985e215ffd0bf5d21df02d2b9bb9fa5dfb42fcb3594f03dee8ae1314f22,Down,1,-272,0.0,0.0,-4.75,-4.627,-1.215
0x45ca17313cffdb5b596438500a2fe0c899633cef,15m_aprjun,0x23a58ce4c4e7baae2c700dcb67c8136306d73eea8229ae1128243672ebcd7689,Down,0,-233,0.0,0.012,-2.752,-2.74,-4.178
0x45ca17313cffdb5b596438500a2fe0c899633cef,15m_aprjun,0x23d60de2f276dc3e47ab1f0101e74019ecafeeea3753d456c1b244ede16bca50,Down,1,-262,0.01,-0.013,0.0,-0.013,0.47
0x45ca17313cffdb5b596438500a2fe0c899633cef,15m_aprjun,0x23e53ab0e1ed09e69e107c9fccc445888515c78e45294c799e55cada15f9f0ac,Up,1,-155,0.97,0.754,1.343,2.358,7.238
0x45ca17313cffdb5b596438500a2fe0c899633cef,15m_aprjun,0x243d00ef70f084d99acbbee2b1616285b1afe563c8515459eece96f5503dd242,Up,0,-44,0.0,0.0,-0.334,,-1.825
0x45ca17313cffdb5b596438500a2fe0c899633cef,15m_aprjun,0x24ea6e6d406fd759a7b6d3c40b28c7517961418a9c3ec396ebdc5f6d56662153,Down,0,-140,0.01,0.0,-0.013,-0.013,-3.814
0x45ca17313cffdb5b596438500a2fe0c899633cef,15m_aprjun,0x250bfa761845b61cec53bb7e342d0fc44edea48d87ca3f6619fa1527fb67a1d0,Up,0,-107,0.0,-2.768,-5.243,-5.23,-8.66
0x45ca17313cffdb5b596438500a2fe0c899633cef,15m_aprjun,0x253566b47a8da7d63f2b4428df8c24c093fbf994ba43debf32edf13a4cc04cb2,Down,0,-121,0.0,0.0,-1.991,-1.991,0.0
0x45ca17313cffdb5b596438500a2fe0c899633cef,15m_aprjun,0x2558624b3c2d06b234dd3ce46eb567cb5fb2f034e9b3305d0e4eb2796b2c7744,Up,0,-257,0.01,-2.674,-2.674,-2.688,-1.114
0x45ca17313cffdb5b596438500a2fe0c899633cef,15m_aprjun,0x25660ef82d578f8adc08bca145a2c58669e20985e0509c18b3f84b1b664d95bb,Down,0,-195,0.32,0.0,-0.025,0.0,0.012
0x45ca17313cffdb5b596438500a2fe0c899633cef,15m_aprjun,0x260d86736041d3b8679d04fc3640065448485ee4dbb57d1203ae04c6d5a05407,Down,1,-146,0.01,-0.013,-0.013,-0.408,2.282
0x45ca17313cffdb5b596438500a2fe0c899633cef,15m_aprjun,0x269b190ec1008243d02b6afe7270037eea18bb8da76d3fdfac7bef9901560ee7,Down,1,-265,0.01,0.126,1.842,0.517,5.122
0x45ca17313cffdb5b596438500a2fe0c899633cef,15m_aprjun,0x26c6f12adf3faf4fca3323591795caaa2abd1b19ee7422ff99f75528d0ee222f,Down,0,-176,0.0,0.013,0.013,-0.684,-1.574
0x45ca17313cffdb5b596438500a2fe0c899633cef,15m_aprjun,0x274efc78197d2f03041ab44236bc4e4fec1ce4ba46905f0735057ded2399c571,Up,0,-226,0.44,-1.64,-4.908,-7.229,-5.211
0x45ca17313cffdb5b596438500a2fe0c899633cef,15m_aprjun,0x27bfa49052547ee7c759f5d896d9a238f308fdf94e7b975229c2ae9edc6767ad,Down,1,-256,0.01,0.0,0.707,1.335,3.337
0x45ca17313cffdb5b596438500a2fe0c899633cef,15m_aprjun,0x28448d3845859765d7aa4ade279d31f5f28f93a7543488cd38e6ba0f1a5c4517,Up,0,-135,0.01,-0.014,-2.694,-4.271,-6.629
0x45ca17313cffdb5b596438500a2fe0c899633cef,15m_aprjun,0x28731eef29b5747f86a6c71d8ae7499b5b8c228f09e1b302ed7adc83c9b37841,Up,1,-187,0.0,0.0,0.0,0.014,0.795
0x45ca17313cffdb5b596438500a2fe0c899633cef,15m_aprjun,0x293b73977c913eb7269f464c21360c24da0e72fabc5b0ef2c8bf056590fad299,Down,1,-267,2.04,0.245,2.325,4.5,3.562
0x45ca17313cffdb5b596438500a2fe0c899633cef,15m_aprjun,0x29a334f3f693ad0a65874f96252519fb304cbe0134c7d561f3cc1f79425d7dde,Up,1,-253,3.98,0.0,1.228,2.68,1.923
0x45ca17313cffdb5b596438500a2fe0c899633cef,15m_aprjun,0x2a540da59eedbe0c226c726805022e8be4411a40a2ce46b1bb843387684c1049,Down,1,-226,0.0,0.0,0.0,0.0,1.048
0x45ca17313cffdb5b596438500a2fe0c899633cef,15m_aprjun,0x2a693cd372af505ef858c3b1f7bd92ff904acb2681a2a994ab1e9124145173d0,Up,0,-224,0.0,0.0,0.0,0.013,-2.988
0x45ca17313cffdb5b596438500a2fe0c899633cef,15m_aprjun,0x2a8791cf9265af103af6c3e9f9e6dc5cf64d5997721f12708cf9eda093c1962d,Up,1,-243,0.0,-1.499,-1.898,-4.566,3.37
0x45ca17313cffdb5b596438500a2fe0c899633cef,15m_aprjun,0x2ad258cbe3ec3f3f242acd7e4d9371015e214d0ee5bfe954ae6ea6c70fa1d147,Up,1,-137,0.0,0.0,0.014,0.0,1.893
0x45ca17313cffdb5b596438500a2fe0c899633cef,15m_aprjun,0x2b55f46ec59c7a86818e93cf93e1edfec9be6536b1db995749e4db61c9732db3,Down,1,-16,0.38,2.371,,,2.371
0x45ca17313cffdb5b596438500a2fe0c899633cef,15m_aprjun,0x2bcf60d56d45bc66bd01b0504168fc1e17fd408d3291f22c64bb371993d17668,Down,1,-217,0.01,2.485,2.485,2.499,6.974
0x45ca17313cffdb5b596438500a2fe0c899633cef,15m_aprjun,0x2bddaa6480191800523b9422d2274cacda7e55bb4e62f161e7beeb0a3fbdc058,Up,0,-275,0.01,-0.456,-0.456,-0.952,3.152
0x45ca17313cffdb5b596438500a2fe0c899633cef,15m_aprjun,0x2ca027e89e887b5817e1c7e1fbc13047c032227587368a198020f147388701f8,Up,1,-167,4.6,-2.355,-2.005,3.561,20.539
0x45ca17313cffdb5b596438500a2fe0c899633cef,15m_aprjun,0x2cbadbf19b82ee6da5b6d0eb61bd7859a313cddf2688dceec4cfffce8abe62f6,Down,0,-105,0.01,-0.015,-4.04,-5.808,-5.808
0x45ca17313cffdb5b596438500a2fe0c899633cef,15m_aprjun,0x2cbff152253103606bf1d41a3d3316c6a3cd4f6c51d5ce84788c492e6ad1586c,Up,1,-130,0.0,-0.074,-0.074,-2.042,5.174
0x45ca17313cffdb5b596438500a2fe0c899633cef,15m_aprjun,0x2ccbd77e7bc7dc331fbd762cc4f410628bbcf71707d755148e4071b25292d68e,Up,0,-95,0.48,1.295,1.295,1.295,1.28
0x45ca17313cffdb5b596438500a2fe0c899633cef,15m_aprjun,0x2cf787902d6e2ef8a3960e583ffe3aba4cc904fc4ea087bd6837f7f423acfdea,Down,1,-272,7.93,3.456,5.285,-1.884,-6.64
0x45ca17313cffdb5b596438500a2fe0c899633cef,15m_aprjun,0x2d25c7839ddad402f22af8df3529b4ef7e18f65d41e9588da1d820a15b2d9ee3,Up,1,-128,2.38,1.439,-0.377,2.394,5.623
0x45ca17313cffdb5b596438500a2fe0c899633cef,15m_aprjun,0x2d54c134ff97051523dc3c8d9ec94fdfc2aa9d58e2171ff952bdec644b9c8920,Up,0,-225,0.01,0.0,0.0,0.0,0.0
0x45ca17313cffdb5b596438500a2fe0c899633cef,15m_aprjun,0x2e67ed9a85e8835d54a24c3decd02b96e623d01f9beca9868f7f237a87155ea7,Up,1,-164,0.15,0.567,2.053,1.918,6.267
0x45ca17313cffdb5b596438500a2fe0c899633cef,15m_aprjun,0x3093dbcc8732f30d78809a9f713cc0419d81a9a4706d0562dedc151a0709e3a5,Up,1,-245,2.29,2.454,2.372,2.454,12.303
0x45ca17313cffdb5b596438500a2fe0c899633cef,15m_aprjun,0x3139418252aab1a1421663249d1093abf3ccc04a48f36f0892d63a233920a00c,Up,1,-229,0.0,-0.413,-1.613,-1.613,5.638
0x45ca17313cffdb5b596438500a2fe0c899633cef,15m_aprjun,0x31a8b66c93587f00062b1a715511de96264a7dfe1685ddf548a6600e274f88e4,Down,1,-188,0.0,0.013,0.0,0.401,0.699
0x45ca17313cffdb5b596438500a2fe0c899633cef,15m_aprjun,0x31d67a61ece6715b6fda2bc254c1b69506cef2f1290050ee2fc722b88da68019,Down,1,-73,0.0,0.0,0.0,0.015,0.0
0x45ca17313cffdb5b596438500a2fe0c899633cef,15m_aprjun,0x323c6823706b472d2ed6ce9618c7dd48e546cde33060d21dd0943a0ff5ec7534,Up,0,-255,0.03,-2.172,0.563,-1.153,-19.32
0x45ca17313cffdb5b596438500a2fe0c899633cef,15m_aprjun,0x3278ac957d3114f4e9cb9c774ab0e70be1953f982b3b381043a2134e480ca1e5,Up,1,-51,7.2,-5.418,-6.912,,-6.185
0x45ca17313cffdb5b596438500a2fe0c899633cef,15m_aprjun,0x32821de10b5e1b9f40c65e8e098ddc509bcdc936442dc13e124437c2d5136de0,Down,1,-62,0.01,0.0,0.0,2.105,2.105
0x45ca17313cffdb5b596438500a2fe0c899633cef,15m_aprjun,0x33c0d449a0f1883a79762711a11ea489a286fb5a3c04df9f97fe5bc9d5aa9232,Up,1,-88,0.0,0.0,0.0,0.0,1.198
0x45ca17313cffdb5b596438500a2fe0c899633cef,15m_aprjun,0x33f4295a8bb3596c36775e86afa6982c4797cb03ebf5c247ae7cfe9018f14a79,Down,0,-57,2.81,-2.833,-2.821,,-5.275
0x45ca17313cffdb5b596438500a2fe0c899633cef,15m_aprjun,0x34dbfc946eb792f667c7b105b46bc3f0c6dc468e7b7a2a6bb9102a95f826613a,Down,1,-112,0.0,-2.535,-1.66,-2.882,-2.882
0x45ca17313cffdb5b596438500a2fe0c899633cef,15m_aprjun,0x3539b621e745ca035516f5add736d2ee09a88401044280d03a316cdd74372a73,Down,0,-26,0.0,0.0,,,0.014
0x45ca17313cffdb5b596438500a2fe0c899633cef,15m_aprjun,0x35d378c038a567a632a68cb611b651781a25d89b8639278a064ee15d72ad840a,Up,1,-84,0.01,0.0,0.0,0.0,0.0
0x45ca17313cffdb5b596438500a2fe0c899633cef,15m_aprjun,0x35f268c0163dfbfef1e2b11687b0d8f67a41a1860054fb2c00546a61ae0cd245,Up,0,-266,0.0,0.0,-0.193,-1.87,0.322
0x45ca17313cffdb5b596438500a2fe0c899633cef,15m_aprjun,0x3696bbc53d856f1c6313dc2ccf91397ead775b2d144372c3ab6c4ce720c31223,Down,1,-257,1.79,0.0,0.0,0.0,0.0
0x45ca17313cffdb5b596438500a2fe0c899633cef,15m_aprjun,0x371c52ca5f8dbe256978e6d27f6a6d8cf64f3722b15e44ba3128685ccfbeee0c,Up,1,-268,11.96,-4.45,-4.45,-2.487,2.95
0x45ca17313cffdb5b596438500a2fe0c899633cef,15m_aprjun,0x37285f0d0d7fedccdcf038158456f16de595a1331b2e186ca4bbe3de117edfd1,Down,1,-250,0.0,-4.232,-4.232,-3.381,3.714
0x45ca17313cffdb5b596438500a2fe0c899633cef,15m_aprjun,0x37d49b8f744407350d93562a42ed79a34402b6a65bb4c8c3f21fd42ebf2a7443,Up,1,-86,0.0,0.014,0.014,0.286,4.285
0x45ca17313cffdb5b596438500a2fe0c899633cef,15m_aprjun,0x38052638f1b51b1cebd1199e5421a470e15e2887601d0ebef43fb3fc4b2dedf8,Down,0,-134,0.39,-5.384,-7.861,-5.544,-15.561
0x45ca17313cffdb5b596438500a2fe0c899633cef,15m_aprjun,0x385e0c972dd488130f17f80b919466c57e4e11d99908e972527bace659229340,Down,0,-191,0.0,2.396,2.881,11.563,0.404
0x45ca17313cffdb5b596438500a2fe0c899633cef,15m_aprjun,0x38d1d84923827d0a9f1c905981095e1d9ae6b61241e1f6e1b4f67117e3edb7c3,Down,1,-43,0.18,1.318,1.644,,1.644
0x45ca17313cffdb5b596438500a2fe0c899633cef,15m_aprjun,0x38e83cd756ddb954cee7b669899b866f17dd24aea4fd0b09a4eea2c16a1cf4f2,Up,0,-268,7.01,0.0,-0.012,-3.979,-9.616
0x45ca17313cffdb5b596438500a2fe0c899633cef,15m_aprjun,0x392f9311937c446c7dd518f9aadbf67e4ef112d8ba884c7149234c523cbb6ec7,Up,1,-238,0.01,-0.013,0.0,0.0,-1.291
0x45ca17313cffdb5b596438500a2fe0c899633cef,15m_aprjun,0x393cbe73f47e04e4b0f383345a62acd47e8f358ba7be23475b357f4a40da7e0e,Up,0,-149,0.0,-1.185,-1.185,1.745,-3.358
0x45ca17313cffdb5b596438500a2fe0c899633cef,15m_aprjun,0x39715a9b24651c4f8ef1724333051a32f0d8caf4bf3ddd3490dbff8a85c360a0,Down,0,-188,0.0,0.0,0.0,0.0,0.0
0x45ca17313cffdb5b596438500a2fe0c899633cef,15m_aprjun,0x39a9f477c41bddfaf89e7e75e0394914e9585f20a455a829a8060f96a17b0feb,Up,1,-21,0.01,0.0,,,-0.014
0x45ca17313cffdb5b596438500a2fe0c899633cef,15m_aprjun,0x39ac05b3249a51958e5aef4f03ba95e7b83085e63d2fb7607cec998fa38a02e0,Down,1,-252,0.0,0.013,2.818,3.351,9.698
0x45ca17313cffdb5b596438500a2fe0c899633cef,15m_aprjun,0x39c333527adab4554470b0130aa8885ee7b13c31fd2313823993c643874f92f0,Up,0,-14,0.51,,,,-1.073
0x45ca17313cffdb5b596438500a2fe0c899633cef,15m_aprjun,0x3a7874104941b03f1dc86f60ecb817f9c04fa4b0631453c6dc68c59fe899a922,Up,1,-211,0.01,-1.24,-1.253,-1.24,-0.194
0x45ca17313cffdb5b596438500a2fe0c899633cef,15m_aprjun,0x3adb5bc9bfbc321d8c24ed0304e5e929a14910dcd4a407f0c98c6fbd02f36837,Up,1,-224,0.0,-0.645,-2.902,-1.922,-2.244
0x45ca17313cffdb5b596438500a2fe0c899633cef,15m_aprjun,0x3b81968687ca347d1538fe41abbd1d4edad8d814d8a1e99a92505def4235b325,Up,0,-181,0.01,0.0,-1.74,-2.06,-7.893
0x45ca17313cffdb5b596438500a2fe0c899633cef,15m_aprjun,0x3b90ea08347fe1c49fa77f102e2ba7edc00ae3c561379a84cd40d41c66f4988c,Down,1,-248,0.0,0.0,0.013,0.774,0.774
0x45ca17313cffdb5b596438500a2fe0c899633cef,15m_aprjun,0x3c8b2a97789839474586f20bd9ace867a2ea9365900a47de381ed4d0ecdbd92b,Up,0,-146,0.0,-0.335,-0.335,-0.335,-0.348
0x45ca17313cffdb5b596438500a2fe0c899633cef,15m_aprjun,0x3ce7e6c21bf6c1bc47c3d8f825af84049d79fa68e639d007606564316eff1fdd,Down,1,-257,0.01,-0.014,-0.014,-0.425,2.03
0x45ca17313cffdb5b596438500a2fe0c899633cef,15m_aprjun,0x3d3632b3990ac3b75687140af287444e719896070926d4b00f4e087e1c79d2ab,Up,1,-67,0.48,0.013,1.142,1.921,3.627
0x45ca17313cffdb5b596438500a2fe0c899633cef,15m_aprjun,0x3e2e1b1b51fee3f7cae198d21057e4c0c550eeecb758dc06fd4063782a3056b7,Up,0,-192,1.5,-1.212,-1.224,-1.446,-9.259
0x45ca17313cffdb5b596438500a2fe0c899633cef,15m_aprjun,0x3f06728cc16ea75c6c42853470e3b1810cef679c356c57c362c7bbca7a9faf73,Up,0,-121,0.0,-1.359,-1.903,3.352,3.261
0x45ca17313cffdb5b596438500a2fe0c899633cef,15m_aprjun,0x4076c4b9b23fa0fb40127e327db9188cc126ac05aaad4592544c9f8bd8e1d04c,Up,1,-71,3.37,-11.491,4.785,-1.803,4.533
0x45ca17313cffdb5b596438500a2fe0c899633cef,15m_aprjun,0x41044788f6ba9529274d8e1a26f284699ba11c6011859a5ee21a4b15838e2b62,Up,0,-155,0.18,0.0,0.0,-0.013,0.0
0x45ca17313cffdb5b596438500a2fe0c899633cef,15m_aprjun,0x411c2eb701b0f39b24596749fb858f3854dfaa9a3da91b342bcc9606585e0358,Up,0,-43,0.0,0.0,1.006,,1.006
0x45ca17313cffdb5b596438500a2fe0c899633cef,15m_aprjun,0x41276505568c11461ada7f5109ff8206512a211b210a32d37c6bbd1d6b9dedc6,Up,1,-277,0.0,0.014,0.0,2.975,2.975
0x45ca17313cffdb5b596438500a2fe0c899633cef,15m_aprjun,0x418cf8ae37b6ebc8484cbb9c8b08ac30574954b0101809e987813014abfbf4c5,Down,0,-275,0.0,-3.402,-3.388,-1.139,-1.997
0x45ca17313cffdb5b596438500a2fe0c899633cef,15m_aprjun,0x41e6d98f8027a356664b09b301938804ca118e56c79c08e670be24f18be9f04f,Up,0,-277,2.2,-0.789,-0.789,-0.775,-1.423
0x45ca17313cffdb5b596438500a2fe0c899633cef,15m_aprjun,0x4257d063043d4e4ae6e695d870de896e9b2d1309364d1bf80dcde08e9eb45ba5,Down,0,-272,0.0,0.0,0.857,0.857,-5.679
0x45ca17313cffdb5b596438500a2fe0c899633cef,15m_aprjun,0x42da048140ffc14ac36a30e5c02f183802229441ff0172c4e603202fad083a24,Down,1,-173,0.0,0.014,0.0,-1.28,3.922
0x45ca17313cffdb5b596438500a2fe0c899633cef,15m_aprjun,0x42e2f97c4194e39969fdd467a2d82358ceeb20456303340158b2923d2a49cc6e,Down,1,-219,1.74,0.012,0.395,0.383,1.889
0x45ca17313cffdb5b596438500a2fe0c899633cef,15m_aprjun,0x42e37d24c3ec13f0a69af36367efe90273d75bcbf30a011e04e78a4bf81e9d21,Down,0,-230,0.0,-3.01,-2.631,-3.01,0.285
0x45ca17313cffdb5b596438500a2fe0c899633cef,15m_aprjun,0x4321b2ed7785c1cfee46cba9ba62b735646ba826a9ade8c2684d6ab0d2f033c2,Up,0,-205,0.0,0.393,-3.622,-6.023,-2.168
0x45ca17313cffdb5b596438500a2fe0c899633cef,15m_aprjun,0x43fdc62a2b096b089fac6eaccc5a47d1dadf770210acfdfe58f52d633165b5cb,Down,1,-163,8.27,6.995,8.052,8.107,15.046
0x45ca17313cffdb5b596438500a2fe0c899633cef,15m_aprjun,0x4471386485727b06e44d2a9ce4a53bd4797084f0da92d270771d5094d54e63cd,Up,0,-263,0.01,-0.014,-0.014,-2.111,-7.436
0x45ca17313cffdb5b596438500a2fe0c899633cef,15m_aprjun,0x4560dcf59e49545dc4b3651a567e5b5e17c778766b6044ceb95e109fb3a6b66e,Up,0,-202,0.0,0.013,0.013,0.013,-1.576
0x45ca17313cffdb5b596438500a2fe0c899633cef,15m_aprjun,0x456475928f0fcff19ea723aedf231488036a25a307fbe9dd471ff7e444df226c,Up,1,-277,2.11,0.0,0.868,-0.574,1.386
0x45ca17313cffdb5b596438500a2fe0c899633cef,15m_aprjun,0x45d9b1cd1337921afa2907942e2f52c34cf5974a33a3e557e60c03d9c1c81504,Down,1,-276,0.0,0.04,0.04,0.053,0.053
0x45ca17313cffdb5b596438500a2fe0c899633cef,15m_aprjun,0x467f902c38c298a75b068da819a506709ae1692105a3fa87743ede4d807774ce,Up,0,-247,0.0,0.0,-3.403,-1.149,-3.716
0x45ca17313cffdb5b596438500a2fe0c899633cef,15m_aprjun,0x46cfd5082e1e51bb8c85c265760b09c19d62be9401a75853d3f5e14c3c699ecb,Down,1,-67,0.01,0.0,-0.015,3.404,5.261
0x45ca17313cffdb5b596438500a2fe0c899633cef,15m_aprjun,0x47556a154f55220f585fccb4d37f6b1cd25541d0502c6e2c2af26975aba078c7,Up,1,-272,0.1,-0.901,-0.901,-0.889,-0.901
0x45ca17313cffdb5b596438500a2fe0c899633cef,15m_aprjun,0x4846745ca1a3694a905e67a0c3ee0f609b6fc5a6a1e139dc5f0877986278ad5a,Up,0,-268,0.01,0.0,1.544,1.544,-6.113
0x45ca17313cffdb5b596438500a2fe0c899633cef,15m_aprjun,0x488b5ed9aff04c749cd8c27a895521d69e5a62293890f33f17320ab88395b9f7,Down,0,-195,0.0,-2.713,-8.722,-18.444,-15.783
0x45ca17313cffdb5b596438500a2fe0c899633cef,15m_aprjun,0x48a275f3c9d8483040e623b2d1f97e890e84878a5e26a497e37271ff3beb5be9,Down,1,-64,1.77,0.0,0.0,-3.594,-3.594
0x45ca17313cffdb5b596438500a2fe0c899633cef,15m_aprjun,0x48d87dbd31f7faa56234f1dd799a92b25f55a44cec18613a2e97499cf8ba0e9f,Down,1,-66,0.01,-0.013,-0.281,-0.281,-0.268
0x45ca17313cffdb5b596438500a2fe0c899633cef,15m_aprjun,0x48e01da122fc55e567dfe0f6b116d7c419fb35735aa9a1cab90b319bdadc769e,Up,0,-263,0.02,-0.657,-2.546,-2.825,-19.544
0x45ca17313cffdb5b596438500a2fe0c899633cef,15m_aprjun,0x48f071e22770aa1a805c07c2ea97a94e6e9c2aa8d3c0526218ed7f49181ecf79,Up,1,-240,0.01,0.0,-0.013,1.696,2.028
0x45ca17313cffdb5b596438500a2fe0c899633cef,15m_aprjun,0x4931efb306f241a63c6354730c828fff55a22d9983bbb49e7c4ae538de35991b,Down,1,-216,10.92,-1.533,-0.04,0.819,-4.785
0x45ca17313cffdb5b596438500a2fe0c899633cef,15m_aprjun,0x4937ba8e7ee9c68975939d9ab0a146c3e1013e1a0b183d825ad04fe5ab44b3a6,Down,0,-277,0.53,-3.541,-2.858,-2.872,-8.212
0x45ca17313cffdb5b596438500a2fe0c899633cef,15m_aprjun,0x497dba3681ae69cffdc65473370aa34b37eedefd022b297071a3df18dbcf02a0,Up,1,-270,0.0,-0.013,1.777,0.0,2.292
0x45ca17313cffdb5b596438500a2fe0c899633cef,15m_aprjun,0x4a43f4680215e0673565e3a93dd91be29ddfde2438ebc14854f14ec97bf5bc72,Down,1,-232,1.73,0.0,1.256,3.349,-2.728
0x45ca17313cffdb5b596438500a2fe0c899633cef,15m_aprjun,0x4a78a4b94c8ac8262ba7fda972707f8396d6150d62e3fa75d87f0aab0207b1dc,Down,1,-36,1.05,0.013,0.932,,1.437
0x45ca17313cffdb5b596438500a2fe0c899633cef,15m_aprjun,0x4a935549f7ac0c6142353ca7745b793e2132a4ff5c23082a12e51b7ddd404a4d,Down,1,-185,2.43,0.013,-4.049,-2.909,-5.394
0x45ca17313cffdb5b596438500a2fe0c899633cef,15m_aprjun,0x4b1b99964d7e635d5e9c91f73c1dba710b3cff7cac540c68cb9f332b48236e72,Up,1,-277,0.0,0.0,0.0,-1.12,0.015
0x45ca17313cffdb5b596438500a2fe0c899633cef,15m_aprjun,0x4b6b97f90608d11d2eec36b2e918686316b5d26ac419072d850ba1051a8af6cf,Up,1,-268,0.0,0.0,0.0,-0.013,1.326
0x45ca17313cffdb5b596438500a2fe0c899633cef,15m_aprjun,0x4b855480d4c4cb2568001ee0bf73acaf9c15ffcfd706ad46208f4a5976950a45,Up,0,-31,0.0,0.015,-0.233,,-0.233
0x45ca17313cffdb5b596438500a2fe0c899633cef,15m_aprjun,0x4be0941c764ef933c7ba5ec0ad459984c0d8a810edb50b17ff3460ff1d401d1d,Down,0,-142,0.0,0.0,0.027,0.014,-2.066
0x45ca17313cffdb5b596438500a2fe0c899633cef,15m_aprjun,0x4c161fb08d3845971706f4d60e1bdb0d78b6eb6686c28abc899dbf27a7b5ef4b,Up,0,-138,0.0,-3.43,-3.417,-4.843,-4.843
0x45ca17313cffdb5b596438500a2fe0c899633cef,15m_aprjun,0x4c50a15fbf3ce3a49871cb17cf0527334157960a5d915694b6efc8cff271f4b3,Up,1,-69,9.16,-9.442,-6.09,0.67,2.43
0x45ca17313cffdb5b596438500a2fe0c899633cef,15m_aprjun,0x4c6bc95c3c0732e9d9011424de6209cbfa37b3d5cfcfe6b4503b314f1b84e4ca,Up,0,-89,0.0,-5.27,-5.27,-9.089,-9.089
0x45ca17313cffdb5b596438500a2fe0c899633cef,15m_aprjun,0x4c752688859f93069800e7a50bf00211e37372d80804edd1df843a17232cf93f,Down,1,-12,0.0,,,,4.534
0x45ca17313cffdb5b596438500a2fe0c899633cef,15m_aprjun,0x4cbb93f7ad31d718d7685b56457d1c0781e55a1739a71a310350f05968481d71,Up,1,-225,1.55,-0.237,-0.237,14.441,13.826
0x45ca17313cffdb5b596438500a2fe0c899633cef,15m_aprjun,0x4cc45ff81740b0c4f477a2e3a1f78f68f1c935b4ff2a52c1baaac60180f58066,Up,0,-154,0.0,-0.098,-2.911,-7.271,0.356
0x45ca17313cffdb5b596438500a2fe0c899633cef,15m_aprjun,0x4d155ebdbbdd6626178e68d9af41ef261960a9e4d9269360794271e3dc8676d3,Up,0,-252,0.0,0.0,0.0,-0.449,-4.664
0x45ca17313cffdb5b596438500a2fe0c899633cef,15m_aprjun,0x4d4ece4baf5b3ddea547cbd1dc765952e0abd020dc982f419d7e272b4a9df46d,Down,0,-146,1.1,-0.274,-1.097,-2.716,-4.035
0x45ca17313cffdb5b596438500a2fe0c899633cef,15m_aprjun,0x4dcb228d06df5616cbcb60bb0f2297054f85f3b6bce9510619f83464c800f1de,Down,1,-184,5.93,5.231,10.935,18.391,6.612
0x45ca17313cffdb5b596438500a2fe0c899633cef,15m_aprjun,0x4e2ae56480108964eb4f6eb7d49e27defe2004ab3fd5760a0265a623425c5c1a,Up,1,-157,0.18,-0.015,-0.015,0.0,1.152
0x45ca17313cffdb5b596438500a2fe0c899633cef,15m_aprjun,0x4e6bb2d2d14e2cc7bbf1072fefb459198be4f22be674e65b05b84205b2103870,Down,0,-176,2.22,2.132,1.658,3.605,0.5
0x45ca17313cffdb5b596438500a2fe0c899633cef,15m_aprjun,0x4f274d31fa07bbabb51ba789a4c0d5ec29170618a03d52f1f990e67a3f7a7bdf,Down,0,-53,0.02,0.0,0.0,,-2.267
0x45ca17313cffdb5b596438500a2fe0c899633cef,15m_aprjun,0x4f71ab14caa377cd5ee57d7d619c9b16e29811fbe0cb0e2aec55c36cef88a4c1,Down,1,-236,0.0,-0.64,-0.384,-0.384,4.785
0x45ca17313cffdb5b596438500a2fe0c899633cef,15m_aprjun,0x50dda96f12bf90a76244e9593aabff7041d5cdae7177f38341a731c8e527579d,Up,1,-190,2.92,1.019,1.032,1.032,1.032
0x45ca17313cffdb5b596438500a2fe0c899633cef,15m_aprjun,0x52088fdc5b69ea849784375721003d401e11dbb5e2ec5d37d9dfe58be8fb49d6,Up,1,-267,0.0,-1.439,-1.439,-3.598,2.015
0x45ca17313cffdb5b596438500a2fe0c899633cef,15m_aprjun,0x531e7ddda3d8d165cfb769b3a8d9bccbb5d8aa4419f5c5b2f688411c96f695d5,Up,1,-183,0.0,0.582,1.788,1.815,1.815
0x45ca17313cffdb5b596438500a2fe0c899633cef,15m_aprjun,0x535c28d39222782560247472fa35993beb2c10f5bbef7aec2f48fcdca51fc2ad,Down,1,-79,0.01,-3.023,-5.68,-4.766,3.262
0x45ca17313cffdb5b596438500a2fe0c899633cef,15m_aprjun,0x53ed0f1e70cfd1945a015436254c0fa7bdf225b90ae77c5cc7b4fd2288c24157,Up,1,-87,0.0,0.0,-0.015,0.0,1.465
0x45ca17313cffdb5b596438500a2fe0c899633cef,15m_aprjun,0x5547256efc61e4c8213e864c1140c38bb2590af3fcf976cca3635eeb2ea8f745,Up,0,-102,0.0,0.0,-2.799,-2.786,-4.346
0x45ca17313cffdb5b596438500a2fe0c899633cef,15m_aprjun,0x571f3d075eab5be00ea78953ee3a7205dfdcc96254a8e92b30284057e1f4bdef,Down,0,-177,1.07,0.0,-0.013,-0.013,1.848
0x45ca17313cffdb5b596438500a2fe0c899633cef,15m_aprjun,0x599ab61b7f6eaf2ac1647ec682d5646b74325a7ccdbb77ac0abb2fbb1b3d2961,Up,1,-25,0.17,0.0,,,0.014
0x45ca17313cffdb5b596438500a2fe0c899633cef,15m_aprjun,0x59af8ae35f14050d6aee42789a559337d1324c9e258212317144ee68c0f490ff,Down,1,-168,0.8,0.013,0.013,-1.714,-2.458
0x45ca17313cffdb5b596438500a2fe0c899633cef,15m_aprjun,0x59c1b0963bd2a5bcedbfc027650457800baa734b0756f6bba27f4afb4662322e,Down,0,-232,0.0,-0.013,-0.013,-0.013,-7.738
0x45ca17313cffdb5b596438500a2fe0c899633cef,15m_aprjun,0x5a9ee4c75aecbce0fcb215b3bea82f1dd66d14d98e0e9603e7eb47fab9fbd2a2,Up,0,-230,0.01,-2.539,-2.526,-2.526,-2.526
0x45ca17313cffdb5b596438500a2fe0c899633cef,15m_aprjun,0x5ab08a2004f6d4350a99ae6414eaa380428e513a0b689644ffdeb6bbef6e633f,Up,1,-187,0.01,-0.014,-0.893,-0.893,-0.879
0x45ca17313cffdb5b596438500a2fe0c899633cef,15m_aprjun,0x5c1aa20099afd758a5f0815956ee3178a94bf480359e2928af7a83a6c5c872d2,Up,1,-162,0.0,-2.602,-2.628,-9.69,3.492
0x45ca17313cffdb5b596438500a2fe0c899633cef,15m_aprjun,0x5ca6dd1aba3c59bee98f19c9505d2e255c6f4e5c11b1ad9043cb5af9a06342f4,Up,1,-257,1.06,0.0,0.605,0.605,11.906
0x45ca17313cffdb5b596438500a2fe0c899633cef,15m_aprjun,0x5cdeef32e866aa76a8a7328514d533b8073e4f3574783d1fb2d3bef7496f313e,Down,1,-87,0.0,-0.736,-0.387,-0.586,3.516
0x45ca17313cffdb5b596438500a2fe0c899633cef,15m_aprjun,0x5d09489d3ae3c7f69fda3964f5d3d51b62708666301ea62a5ee0a1dcc573ad45,Down,0,-184,0.01,-0.826,-2.078,-2.091,2.685
0x45ca17313cffdb5b596438500a2fe0c899633cef,15m_aprjun,0x5d16df0c8402a7bf0b0df15e6fab0d745e8e950818a95262889e029fd7fbdcab,Up,1,-186,0.44,0.0,0.919,1.057,-0.261
0x45ca17313cffdb5b596438500a2fe0c899633cef,15m_aprjun,0x5d64c959aba1744cd6b5055d825a74029b767ae1a804eb2a88427f93baef4c12,Down,0,-204,0.0,-0.36,-2.453,-4.628,-41.901
0x45ca17313cffdb5b596438500a2fe0c899633cef,15m_aprjun,0x5d815f7d8ebcca8beda1696a565bcd1870c2f0c9c5f6eba7131d7ad7f0f11220,Down,0,-271,0.01,-0.014,-0.014,0.0,-0.807
0x45ca17313cffdb5b596438500a2fe0c899633cef,15m_aprjun,0x5dbddfd0d9ce196abcf0e9e94c37c88b1cf44592498806d8655c6141fd16bcfe,Up,1,-191,0.01,-0.013,-0.013,0.0,0.754
0x45ca17313cffdb5b596438500a2fe0c899633cef,15m_aprjun,0x5dd93760207b6ea5e114654bfed6e03bcfa24eac40318a25a5f9eb3a50314c74,Down,1,-256,0.01,-0.013,2.7,2.7,6.756
0x45ca17313cffdb5b596438500a2fe0c899633cef,15m_aprjun,0x5e066916efaeeb449f1981416458f4dedd4903c01f0a84d4cc47b11870ca9d7e,Down,0,-276,0.0,0.0,0.0,-0.735,-2.293
0x45ca17313cffdb5b596438500a2fe0c899633cef,15m_aprjun,0x601113e37302a5432cec01125947d2b6d7512636c5abb6656be7b1397cafc657,Down,1,-100,0.09,-0.013,-0.013,0.0,0.996
0x45ca17313cffdb5b596438500a2fe0c899633cef,15m_aprjun,0x61264dee76f914a1df7d16f3718059a238e54b7600f7408c3e30db2799bcc529,Down,1,-261,2.86,0.0,-0.282,-0.282,-4.54
0x45ca17313cffdb5b596438500a2fe0c899633cef,15m_aprjun,0x612b558f4166e23059a07c07b72ae4f06d47fe5817d97da979a2796120804fae,Down,0,-53,0.69,-0.014,-1.16,,-2.43
0x45ca17313cffdb5b596438500a2fe0c899633cef,15m_aprjun,0x6197dcc00c833cd51aab51ce5353601a1e08afbc5c7f92d11e700ba9c6e3aa12,Up,0,-272,0.0,0.0,-2.747,-5.409,-5.877
0x45ca17313cffdb5b596438500a2fe0c899633cef,15m_aprjun,0x61eec255eef94bafc0d4a4f550db9d2170fda9386b4ee9a47b5076fe5768f3d7,Up,1,-277,0.0,-2.718,-2.091,-2.105,4.168
0x45ca17313cffdb5b596438500a2fe0c899633cef,15m_aprjun,0x6273159855d51839238450deaae1a2b184e810df953b565775b786e1d89f7c13,Down,1,-235,0.01,-0.013,-0.013,-2.923,-2.208
0x45ca17313cffdb5b596438500a2fe0c899633cef,15m_aprjun,0x62d0abf9af75a4f266eaa7ee418ce6b7ffe0033d0d74fbf7374da024f92fafbf,Up,1,-26,0.0,1.004,,,5.793
0x45ca17313cffdb5b596438500a2fe0c899633cef,15m_aprjun,0x634520efb52bcfe0343036378ab14b87859a10c1e7726d2ad948a1a97d0eab14,Up,0,-61,0.0,0.0,-5.591,-9.439,-9.439
0x45ca17313cffdb5b596438500a2fe0c899633cef,15m_aprjun,0x635ded136bb7a820370352f512f967336dacb7f5224a672b2313b8bdd8430c37,Up,1,-219,4.33,4.318,10.883,18.048,1.424
0x45ca17313cffdb5b596438500a2fe0c899633cef,15m_aprjun,0x64c8837dbc4d0de9e00007fd4a149294f0127dc2902979a11b4e2838abd0af46,Down,1,-17,0.0,-0.136,,,-0.136
0x45ca17313cffdb5b596438500a2fe0c899633cef,15m_aprjun,0x64dae7aa696289b2be3ab808b209f50345e351d29ffc13b7b86a72ad5193d55f,Up,1,-274,1.35,1.392,3.102,3.869,6.945
0x45ca17313cffdb5b596438500a2fe0c899633cef,15m_aprjun,0x64e2021043f00995b8575ebbbdd7c8fabe4c967be5b1ef0dab2aa379535745ec,Down,1,-230,0.0,-2.434,-3.631,-3.808,-0.394
0x45ca17313cffdb5b596438500a2fe0c899633cef,15m_aprjun,0x64f87233f645cad88fc946e67b17c8b3d054cfddcfc00029ae23fe8af9a1259d,Up,1,-14,0.0,,,,0.013
0x45ca17313cffdb5b596438500a2fe0c899633cef,15m_aprjun,0x656832295916a61bebde1d5865924b48d47c6e0adef6514bdea3842d7984ca35,Down,0,-107,0.0,0.0,0.015,0.0,3.808
0x45ca17313cffdb5b596438500a2fe0c899633cef,15m_aprjun,0x659e96df616a9ac716bfc587b200a15a02291adfaec5cd2025de5ece3d00535d,Up,0,-250,4.89,-1.133,-0.5,3.99,-14.697
0x45ca17313cffdb5b596438500a2fe0c899633cef,15m_aprjun,0x65f9624d2a3829af76851146fd3aaa9e4eb4b5b137d44225020e8af39f932f50,Up,1,-54,0.01,0.0,0.0,,0.0
0x45ca17313cffdb5b596438500a2fe0c899633cef,15m_aprjun,0x663a5225242c97551897632571e398829a36f668cd00ae203c4037dcbacc44dc,Down,0,-263,0.02,-0.015,-8.636,-9.87,-14.91
0x45ca17313cffdb5b596438500a2fe0c899633cef,15m_aprjun,0x66694db3099daab8b1898860bf4e2a53cc0929f1a6860c82d8aeee73fd84caa4,Down,1,-231,0.0,-0.015,-0.015,0.0,-1.338
0x45ca17313cffdb5b596438500a2fe0c899633cef,15m_aprjun,0x66f480e196d6a7a226ebe7fdbee235242d331de84bb275394c029540b456d254,Up,1,-50,0.0,-1.175,-1.175,,2.119
0x45ca17313cffdb5b596438500a2fe0c899633cef,15m_aprjun,0x673aad7004dcde8f51ebd8c1cd15b6667ec8b986e32dd9a5d5d38b7a8d444e7d,Down,1,-184,0.0,0.0,0.0,0.0,0.652
0x45ca17313cffdb5b596438500a2fe0c899633cef,15m_aprjun,0x676d7ff6c3ef578c5b7e8d1624197cafed91e39bea60c32beaa6581a8e85d679,Down,1,-15,0.0,,,,0.015
0x45ca17313cffdb5b596438500a2fe0c899633cef,15m_aprjun,0x68716a5fc124b36f21181ef18570b24f348ad5042175ef5042c38be98a507a79,Down,0,-271,0.0,-1.03,-1.03,-1.044,-1.03
0x45ca17313cffdb5b596438500a2fe0c899633cef,15m_aprjun,0x68f1eae7f1989966d7c1c687ce2065179a288921bb3e035d6ed4ab8ce59a7238,Down,1,-199,0.13,3.822,3.822,10.023,6.107
0x45ca17313cffdb5b596438500a2fe0c899633cef,15m_aprjun,0x69c42dd648ff2e827b2779deffcf583e5c0f061c3205ed1e4742c08fce221df3,Down,1,-244,0.0,0.012,0.0,-0.309,2.203
0x45ca17313cffdb5b596438500a2fe0c899633cef,15m_aprjun,0x69cd71d39a5a6ec1428c7e5aac7e6c7156262f674dc6ffd046ba1eb8470ee0b7,Up,0,-29,0.0,0.014,,,-4.223
0x45ca17313cffdb5b596438500a2fe0c899633cef,15m_aprjun,0x6a94bf8c90fe1f6a5d094f45e491e440d1d953fdf2b847e43ef454f2a1104627,Up,1,-259,0.0,3.596,7.067,7.067,4.661
0x45ca17313cffdb5b596438500a2fe0c899633cef,15m_aprjun,0x6a9f14b481e1ecfd35e59cce7e86011b4f138db90cd98da6f42512ec88ca0ff1,Up,1,-174,0.01,0.0,0.0,-2.763,-0.818
0x45ca17313cffdb5b596438500a2fe0c899633cef,15m_aprjun,0x6add255f324289a7e09a8d839f30f9bc3bbbb4bc9d67da8e4ec4cb15c3f9dcc5,Down,0,-181,0.0,0.012,0.012,0.0,0.05
0x45ca17313cffdb5b596438500a2fe0c899633cef,15m_aprjun,0x6b8134d275e6da44f795225149f105c64c48b3fd9fb6cb5903fd58a6ae74199d,Down,1,-148,0.0,0.0,0.013,0.0,0.0
0x45ca17313cffdb5b596438500a2fe0c899633cef,15m_aprjun,0x6b9dc49843bfa5e3afb936409c52e626c57b614559ccbd7e12509b52bde717b1,Down,1,-60,0.91,0.0,0.068,,3.253
0x45ca17313cffdb5b596438500a2fe0c899633cef,15m_aprjun,0x6d8b8f82805adda94b91e8cb835e17a3aa4eed0f0a05425aab4addc21df55dfb,Up,0,-261,0.35,-2.856,-1.849,-0.884,-7.48
0x45ca17313cffdb5b596438500a2fe0c899633cef,15m_aprjun,0x6d8ee65d8caab10090a49a4ec0167a89301e02970ab301c8cd494396c721f407,Down,1,-209,0.01,-0.012,0.0,-0.012,0.0
0x45ca17313cffdb5b596438500a2fe0c899633cef,15m_aprjun,0x6deae178062b1c1b5d599c0dbcb4246c3a17095b7481a955086004ee85e7828b,Down,1,-264,2.34,-1.075,-1.075,-1.909,2.301
0x45ca17313cffdb5b596438500a2fe0c899633cef,15m_aprjun,0x6e16839b7ae45e57a7d2c27592dac88d77d12a621b6e27181854866786bfe8f6,Up,1,-273,1.82,-5.39,-2.881,-3.326,12.242
0x45ca17313cffdb5b596438500a2fe0c899633cef,15m_aprjun,0x6e34a62211e998e196414c9b63c89e501a76ccfaa34e1fa76c1a026c6ec7f313,Up,0,-101,0.0,-12.317,-12.557,-36.279,-30.36
0x45ca17313cffdb5b596438500a2fe0c899633cef,15m_aprjun,0x6e476180f1bb392b300a407b2899c16935a3e28fd2fdf97eb8416303c8795458,Down,1,-277,0.01,-0.012,-0.012,0.0,4.579
0x45ca17313cffdb5b596438500a2fe0c899633cef,15m_aprjun,0x6f459d01f372a0abfb387962384a6462b8fd67dc6b88fbcf78338c07164aa8f4,Up,0,-267,0.0,-0.016,2.353,-12.069,-1.547
0x45ca17313cffdb5b596438500a2fe0c899633cef,15m_aprjun,0x6f88a9fe5cfcc7220998513f26acc57ac6bbcedf5bf4c91eb9d2942c1022bc83,Up,1,-266,5.51,2.397,2.397,9.302,18.256
0x45ca17313cffdb5b596438500a2fe0c899633cef,15m_aprjun,0x6fd337a0968cb64abe4753e8b7269cdd6efd282cc1f8eef9f0afb9881339b152,Up,1,-242,0.0,3.255,3.255,1.251,9.177
0x45ca17313cffdb5b596438500a2fe0c899633cef,15m_aprjun,0x70367f8a5707b3ee2e725a8459015fad0d2a5f706c6b1e10fd99c1f378e8bb8d,Down,0,-109,0.0,-2.033,-2.033,-2.033,-2.033
0x45ca17313cffdb5b596438500a2fe0c899633cef,15m_aprjun,0x706116788ccaae6276bd1358ea38d4dada20e5dbd0593ad403d6b95f620859c9,Down,1,-272,4.12,-0.689,-0.703,3.361,9.309
0x45ca17313cffdb5b596438500a2fe0c899633cef,15m_aprjun,0x706d3ddb96fb0ce4c809ba88629f4fd17b5d3e9cf479a2d39c113b07357ac4d1,Down,1,-54,0.0,-0.582,-0.569,,1.086
0x45ca17313cffdb5b596438500a2fe0c899633cef,15m_aprjun,0x7207a42a2c76382e42046d268b46c715c873a02e1b6b95ae56a748f5a0684513,Up,1,-168,0.0,-2.616,-2.616,-2.629,6.018
0x45ca17313cffdb5b596438500a2fe0c899633cef,15m_aprjun,0x72547568f009bc7748d50e70e42dab3cd4983a5605b34ba65bd099e4d60ea63b,Down,0,-76,0.0,-2.186,-1.508,-0.013,0.0
0x45ca17313cffdb5b596438500a2fe0c899633cef,15m_aprjun,0x7456e4b61050d65a92cc57869ee380966523c564340a76625a9a1954f2cc89c7,Down,0,-114,0.0,0.0,0.0,-1.456,-1.916
0x45ca17313cffdb5b596438500a2fe0c899633cef,15m_aprjun,0x751c42e13004ede3a521d3a14f1f99e8a441e7d32d342ae1aa94fea02fd690c6,Down,1,-236,0.01,-2.195,-3.221,-3.701,1.961
0x45ca17313cffdb5b596438500a2fe0c899633cef,15m_aprjun,0x7573683b90e9d341d531dd1ef6016a92da4510eb47b166f2f39f0a4c8eeb8caf,Down,1,-80,0.0,-0.013,0.0,0.103,2.631
0x45ca17313cffdb5b596438500a2fe0c899633cef,15m_aprjun,0x75b80b3ea92c0be40ffa6d36a94f28a21e833cd8e38ba5e9dac9cb5427b3335e,Up,1,-130,1.34,0.095,0.635,4.513,4.702
0x45ca17313cffdb5b596438500a2fe0c899633cef,15m_aprjun,0x75d938d4589a08ee49c521f1a4b4fb4fde3ebce975ff28bf50dfd81fdab44178,Down,1,-68,0.0,1.857,1.845,2.03,2.263
0x45ca17313cffdb5b596438500a2fe0c899633cef,15m_aprjun,0x75db159f8fed0123777f758d24384dc0adfc0f54de787db1339bf0c7e092493a,Down,0,-44,0.0,0.0,0.0,,-2.825
0x45ca17313cffdb5b596438500a2fe0c899633cef,15m_aprjun,0x764082b67c6a912afdb06bf022e8e9d7b1f3a859e731457118c22d3624ff41ab,Down,1,-226,0.79,22.352,10.407,8.374,4.214
0x45ca17313cffdb5b596438500a2fe0c899633cef,15m_aprjun,0x774b9dd52646fcfe48b6f0943daece03cf2d108cfdea72b80f92a816dbc32c49,Down,1,-66,0.0,0.0,1.446,0.998,0.998
0x45ca17313cffdb5b596438500a2fe0c899633cef,15m_aprjun,0x77f322db20038ecc85777b8809115e3a8eecc2626967fdef7412d2682260fffd,Down,0,-211,2.56,0.491,0.223,-3.36,-4.163
0x45ca17313cffdb5b596438500a2fe0c899633cef,15m_aprjun,0x78fc3b4fc4adad938aa593a6cb0fb409246951de6a70237f22d9701de6c9192d,Down,1,-174,0.0,-0.767,-0.754,-1.073,3.194
0x45ca17313cffdb5b596438500a2fe0c899633cef,15m_aprjun,0x791f6118a0afc1746b4affffafd7a043d55ccf36dc74b7ee953fa015396412a1,Down,0,-122,0.6,0.012,-1.959,-3.98,-7.135
0x45ca17313cffdb5b596438500a2fe0c899633cef,15m_aprjun,0x79a01dfeb39debbc392acb4d2676e9587773e154c0c6901960f6ccd78b69b9c2,Down,1,-98,0.0,0.0,0.0,0.658,0.658
0x45ca17313cffdb5b596438500a2fe0c899633cef,15m_aprjun,0x7b419be803aac2c0c58983ccdb7285e3e59fcb1ec949ff8952c0dfd26453f3f8,Down,0,-212,0.0,0.013,0.0,0.0,0.026
0x45ca17313cffdb5b596438500a2fe0c899633cef,15m_aprjun,0x7c69fee816b930e14725face8026c3dc92cd08832c1567e5413d30d2f4d7f03b,Up,0,-227,0.0,0.0,0.0,-1.444,-2.173
0x45ca17313cffdb5b596438500a2fe0c899633cef,15m_aprjun,0x7daa3ba9b5202930282253400ff5188af1a75e8a0eb2421ff74f13bac55d7e53,Down,1,-29,7.02,0.0,,,0.0
0x45ca17313cffdb5b596438500a2fe0c899633cef,15m_aprjun,0x7e2c7710128ec994179745519b59fb4e5e00fdf9a76261dc7e44c66fc8e848c6,Down,1,-104,5.44,2.785,3.652,3.652,1.484
0x45ca17313cffdb5b596438500a2fe0c899633cef,15m_aprjun,0x7eb1af39bed997db5d4fb854dc564741c88ec814fd6172cd24bbff43dd7eb032,Down,1,-136,0.0,0.0,0.0,0.014,0.0
0x45ca17313cffdb5b596438500a2fe0c899633cef,15m_aprjun,0x7f407871beb7e028f6ea2c43eb48744e919eec6263105822df48802145b46c9e,Down,0,-86,0.0,-1.105,-1.222,-0.39,-0.026
0x45ca17313cffdb5b596438500a2fe0c899633cef,15m_aprjun,0x801b1a35c0b7720bb95cdd152efa15a54a575900c99b588dd17cb802543422c6,Up,1,-203,0.0,-1.604,-1.519,4.275,5.242
0x45ca17313cffdb5b596438500a2fe0c899633cef,15m_aprjun,0x80d8d1d53e08ce0df905b0ed01c236a3028a9fc877146a6bb2d291c8ee7d47b6,Down,0,-211,0.0,-0.819,-0.819,-0.807,-3.559
0x45ca17313cffdb5b596438500a2fe0c899633cef,15m_aprjun,0x8145f5a3a944b70779e411d58e736679b50be709b1f982dc1fd2b88c4df4d497,Down,1,-212,0.0,-1.657,-1.657,-4.187,2.838
0x45ca17313cffdb5b596438500a2fe0c899633cef,15m_aprjun,0x81dbb39623111a69f5539dd01fd9688d16e37a7790b2101f1319fdeca8b66b6b,Down,1,-222,0.0,0.0,0.0,0.0,5.206
0x45ca17313cffdb5b596438500a2fe0c899633cef,15m_aprjun,0x82cbab48926af46eca6f307f49f63bf20f883c31d38e730d8969881c2e23ae29,Down,1,-237,0.0,-0.258,0.555,1.006,-0.168
0x45ca17313cffdb5b596438500a2fe0c899633cef,15m_aprjun,0x83210aeafb9aa3ceb2c3a0a65c0b23aec792f8cb710cb0e42764700061faa915,Down,0,-152,0.0,-0.078,-1.292,-1.576,-2.209
0x45ca17313cffdb5b596438500a2fe0c899633cef,15m_aprjun,0x832766d1f12deeaeedf78912dc78be8afd5238f60f9493ac208fc7c0d98a4112,Down,1,-268,2.79,0.0,0.947,2.367,-0.657
0x45ca17313cffdb5b596438500a2fe0c899633cef,15m_aprjun,0x8348ef32caf146307e8582e8605b534592f1b101f15a8665fffe539baf5b3946,Down,1,-263,7.25,-2.132,0.169,1.781,-1.027
0x45ca17313cffdb5b596438500a2fe0c899633cef,15m_aprjun,0x83af47fa271bb56393e0fa5fe8f67edbaf8c6f2401b75060057220872e810b58,Down,1,-201,0.0,-4.976,-4.657,-4.976,3.496
0x45ca17313cffdb5b596438500a2fe0c899633cef,15m_aprjun,0x83b698e6536919007090597223d1adf8142f1a306ecfb600ee05b6db116245b9,Up,1,-230,0.01,0.0,-0.012,-0.012,0.062
0x45ca17313cffdb5b596438500a2fe0c899633cef,15m_aprjun,0x888e42603f8505628b4142f8ade6be3bcb6bb634ac7c4df559c3ca5206a48377,Down,1,-202,0.0,-4.051,-4.051,0.093,4.742
0x45ca17313cffdb5b596438500a2fe0c899633cef,15m_aprjun,0x88a925237d21e16edced919556639a0aac3ece05ca67c971e072d227d789f81f,Down,1,-21,0.01,-0.014,,,-0.014
0x45ca17313cffdb5b596438500a2fe0c899633cef,15m_aprjun,0x88fea81b4f6cb2948483aa1e555267f24c44ead05e6d78e88e271a0779fdb2e3,Down,0,-231,0.0,3.383,4.003,4.584,2.892
0x45ca17313cffdb5b596438500a2fe0c899633cef,15m_aprjun,0x89164aaecf5962210d67678a45306c7c48d1d30b270b8eda5476da2345548532,Up,1,-55,0.0,0.0,-1.696,,4.519
0x45ca17313cffdb5b596438500a2fe0c899633cef,15m_aprjun,0x89a9ede6026a7a1bd86e73552536aee899f44c1d6dd9867311de424c9b60e38a,Down,0,-152,0.0,0.0,0.833,0.846,2.602
0x45ca17313cffdb5b596438500a2fe0c899633cef,15m_aprjun,0x89b06c6fe84768632bc9263647433d60a1d837bc89170c66370a70f55d9fc3c3,Up,1,-274,0.0,2.088,-0.253,-0.253,3.049
0x45ca17313cffdb5b596438500a2fe0c899633cef,15m_aprjun,0x8a3a01c555f3a6beb16a125bac194cd4e3fde9fdddbfd0a7cfc54859f2d55434,Up,1,-28,0.0,-0.013,,,0.0
0x45ca17313cffdb5b596438500a2fe0c899633cef,15m_aprjun,0x8a4f40322fce79442d96a5291226ad5ff12f19809e818e10160bad2661b3672b,Up,0,-258,0.0,-12.073,-22.687,-18.878,-16.877
0x45ca17313cffdb5b596438500a2fe0c899633cef,15m_aprjun,0x8ab965b7a544e837f29ec07f37a19645eb85cf85c9270f5070c8dc1ea59c6a8b,Down,0,-86,0.01,-0.735,-0.258,-2.359,-2.99
0x45ca17313cffdb5b596438500a2fe0c899633cef,15m_aprjun,0x8b0e090b72a7493e30733d0300a6140c7f258c3aafaf9f095078c133706f6f0f,Down,1,-71,0.01,-0.013,0.0,-1.759,-0.142
0x45ca17313cffdb5b596438500a2fe0c899633cef,15m_aprjun,0x8b26d3962cd6e247df6245a16d14c37128283fad001d510230761f11ea917fc5,Down,0,-228,3.66,0.0,-3.655,-1.866,-14.258
0x45ca17313cffdb5b596438500a2fe0c899633cef,15m_aprjun,0x8b6ebefe6c2307e45a345a3a657abd3515b513d4b463ec7bb22ea427f9b9aa31,Up,0,-242,0.0,-0.013,-1.523,-1.536,-2.595
0x45ca17313cffdb5b596438500a2fe0c899633cef,15m_aprjun,0x8d658e2d161578beab0aa646ae291bb9a6b342ff63e8c681b278f7fe72cf60cf,Up,0,-61,0.0,0.013,0.0,0.0,0.0
0x45ca17313cffdb5b596438500a2fe0c899633cef,15m_aprjun,0x8d7b387e14d8527380ef4d9aa28674ec2fccca0fe3d7485e643d6d0cb7da4645,Down,0,-265,0.0,3.24,2.314,0.309,-5.329
0x45ca17313cffdb5b596438500a2fe0c899633cef,15m_aprjun,0x8e419ad648cc5a34b51ff743b8943a86c3d0f03ddde76ce6e690eceddbc682f5,Down,0,-258,0.0,0.0,0.0,0.0,-1.719
0x45ca17313cffdb5b596438500a2fe0c899633cef,15m_aprjun,0x8ea96bc6938f9d028bf0b258b87125ee6c0a117a37960ac1b78522d2ea3bac9c,Down,0,-204,0.0,0.0,0.014,6.293,-2.102
0x45ca17313cffdb5b596438500a2fe0c899633cef,15m_aprjun,0x8eba87c8e45e02c1f4d3cc5bc959a83db5212eb714b204ac8b2b752436e8bc0b,Down,1,-38,0.27,0.0,0.0,,0.0
0x45ca17313cffdb5b596438500a2fe0c899633cef,15m_aprjun,0x8f20d93621b498031c0f4776c0d37fcea71ce9ed9eee9029ac1ac111b9cb8ec7,Down,1,-239,3.62,0.0,0.0,-2.098,5.72
0x45ca17313cffdb5b596438500a2fe0c899633cef,15m_aprjun,0x8fda825b48426674671dec48dd41baeada1ff23b01e9c73fc2ea5c73ac6f301e,Up,0,-276,0.01,0.0,0.0,-0.013,-3.697
0x45ca17313cffdb5b596438500a2fe0c899633cef,15m_aprjun,0x908599bd7d3f26ae8f23a99703f062249500ee06a00dbf7afe4225b7f3744184,Up,1,-261,8.44,0.0,-0.141,4.256,5.876
0x45ca17313cffdb5b596438500a2fe0c899633cef,15m_aprjun,0x90cae766a8775e39d4907012a5c91cbf4c892dbd821a04c6d55bb294d002f704,Up,0,-236,0.0,0.0,-0.249,-0.249,2.506
0x45ca17313cffdb5b596438500a2fe0c899633cef,15m_aprjun,0x90cbaf2005f807ee29dba0af6cbb57753dff53050da884f3633b744d5274af9a,Up,0,-243,0.0,6.27,7.02,4.838,-18.128
0x45ca17313cffdb5b596438500a2fe0c899633cef,15m_aprjun,0x90d0fd1d352646d197f3c144afe5846640ac978fc8f5bf6ac6c234e2cbddbfea,Down,1,-50,1.95,-2.609,-2.596,,-2.281
0x45ca17313cffdb5b596438500a2fe0c899633cef,15m_aprjun,0x9150a1875783df97137612f9b207860bffef357a23da6d120e92def2156fc44e,Down,0,-226,0.0,0.0,0.0,1.929,-5.812
0x45ca17313cffdb5b596438500a2fe0c899633cef,15m_aprjun,0x91dac13b3e6f4a504ec4d660449ae22b78f98764bbb55fbf6d3865878d9eeec5,Up,0,-243,4.26,-2.163,-2.163,-2.15,-7.975
0x45ca17313cffdb5b596438500a2fe0c899633cef,15m_aprjun,0x92207baf726f703502bb4ed14afd7d906a75e78194b47fa8ac2c7f3393a27df1,Up,1,-171,0.2,-2.185,3.806,4.511,10.952
0x45ca17313cffdb5b596438500a2fe0c899633cef,15m_aprjun,0x941370e306839feff9bb69afc6a5b777d3cf35bb805cae0ff0f97389b6155e8d,Down,1,-28,0.01,0.428,,,0.428
0x45ca17313cffdb5b596438500a2fe0c899633cef,15m_aprjun,0x956b344ebc1d85459ee497d0d56d42bd01a59c89aa0955bff468ed31e4cf15ff,Up,1,-151,0.0,-2.001,-1.684,-1.296,-1.31
0x45ca17313cffdb5b596438500a2fe0c899633cef,15m_aprjun,0x95992367be2283c8cb07567b63e8b64924378f268b54c0a80b3550e9f9604279,Up,1,-85,0.0,0.0,0.012,0.473,4.093
0x45ca17313cffdb5b596438500a2fe0c899633cef,15m_aprjun,0x9649fa05e4444cb7564fa2e596395b37dbf48fd0d85f6f353ca397d62f5304d7,Up,1,-268,0.01,0.0,-0.013,0.0,-0.953
0x45ca17313cffdb5b596438500a2fe0c899633cef,15m_aprjun,0x967eb261be5a4b201bb61aa914c1b63ba26fc8fe82316645a7ca7a769e65114f,Down,1,-19,0.0,-0.879,,,-0.879
0x45ca17313cffdb5b596438500a2fe0c899633cef,15m_aprjun,0x968ebf1e4a3d6ce3d3220a584f2d6e45e32cb5ae153fa4d00f0bac90981772ef,Up,1,-46,3.8,-0.05,-0.037,,-0.611
0x45ca17313cffdb5b596438500a2fe0c899633cef,15m_aprjun,0x96986edf27e4f737592bc735e07db619c5149113d78a49a5734adb00b0785d01,Down,0,-142,0.0,-0.403,-1.909,-1.909,-3.468
0x45ca17313cffdb5b596438500a2fe0c899633cef,15m_aprjun,0x9865d192df37e7417974d644b9a05efe68ca38c7b920ed01f33bc541613e957f,Down,0,-239,0.31,-0.012,-0.012,3.855,-1.522
0x45ca17313cffdb5b596438500a2fe0c899633cef,15m_aprjun,0x9885119f43832f65e6d3b26923a80054b4e1a825d5d72233fde796fca009b1c7,Down,1,-277,0.0,0.0,0.014,9.444,5.977
0x45ca17313cffdb5b596438500a2fe0c899633cef,15m_aprjun,0x9a03b452a09c7c4187339fcbedeabf70ca3fa79591a5ea77f7de37615062f0ae,Down,0,-199,0.0,0.0,0.0,0.0,0.0
0x45ca17313cffdb5b596438500a2fe0c899633cef,15m_aprjun,0x9ab9a9dfe2f721cc8c840cb4b9b273b9742ebd0f618aba88c5dfc36a2d56bcd0,Down,0,-274,0.0,-0.278,-0.423,-6.876,-8.437
0x45ca17313cffdb5b596438500a2fe0c899633cef,15m_aprjun,0x9ad22d113764e0954e3d024a7d23687076a652f57bf2b3311f0c39760be7141f,Down,0,-98,0.0,-3.041,-3.563,-6.242,-6.242
0x45ca17313cffdb5b596438500a2fe0c899633cef,15m_aprjun,0x9ae9f4c07f76d00b2b015d31e3867ff4489591c1bf7ef90ca6c12226edc5382a,Down,0,-251,0.0,-2.578,-2.578,-2.578,-8.663
0x45ca17313cffdb5b596438500a2fe0c899633cef,15m_aprjun,0x9af68240447c78e544e460de24c261197d8f2be65096005737427d63c3e5d686,Up,0,-58,0.52,0.0,-0.014,,-0.014
0x45ca17313cffdb5b596438500a2fe0c899633cef,15m_aprjun,0x9afd3d1bffd22ed74529db9ff1c1abc66477cbdae702e8a28b8cd4e3809b2d31,Up,0,-276,0.08,-0.377,0.18,1.771,-2.82
0x45ca17313cffdb5b596438500a2fe0c899633cef,15m_aprjun,0x9bb524d8bdfe25ddb844c5be0b0ea8d0915bd1703128b1d5feebb04aad0e0a68,Down,1,-275,0.16,0.012,0.012,0.012,2.369
0x45ca17313cffdb5b596438500a2fe0c899633cef,15m_aprjun,0x9dedd60705e5c03fb5e112a22236203e1fb89b3b60d0f92fcbc21753e98987f8,Down,1,-127,7.08,1.58,6.308,0.028,8.027
0x45ca17313cffdb5b596438500a2fe0c899633cef,15m_aprjun,0x9e1e66c679f7352bc19ce5824e21df7698581697d50d24f0a58245c460bde454,Up,1,-71,0.0,0.0,0.0,-0.015,0.0
0x45ca17313cffdb5b596438500a2fe0c899633cef,15m_aprjun,0x9e2f73e46774be4812cb71a2f0766f0bbdd09291ec8414fcefe6a7a8bd0b29be,Up,0,-263,0.01,0.814,0.814,0.814,-0.217
0x45ca17313cffdb5b596438500a2fe0c899633cef,15m_aprjun,0x9e59cfa642638c0a810ee302ed9b375a958af445370da3b0c9f28b2d05075dff,Down,1,-122,0.77,-1.507,-2.761,-2.761,-2.748
0x45ca17313cffdb5b596438500a2fe0c899633cef,15m_aprjun,0x9e7720c46cb73515981d7b2abd9c6ce5e32dff4b3bd1f7efb10758d7dac4d5a7,Down,1,-262,2.02,0.929,2.41,8.616,9.841
0x45ca17313cffdb5b596438500a2fe0c899633cef,15m_aprjun,0x9f26e2a08f3230e2410a248e9ce15ab11e17f979f95740cf9c3f8cb4c5186b7f,Down,0,-277,0.0,-3.053,-3.081,-4.764,-1.244
0x45ca17313cffdb5b596438500a2fe0c899633cef,15m_aprjun,0x9f2db594154fe1cfb4cc00b4bf992f2ff3cd4aecfb7dcc0f3947613e01f5e461,Up,1,-271,0.0,2.9,1.471,3.586,8.181
0x45ca17313cffdb5b596438500a2fe0c899633cef,15m_aprjun,0xa05df472c9f4bec6fa1b03e4a4fee1ee1372c8e25f2e0ed5c2c3d63b2f567dd3,Down,0,-215,0.0,0.0,0.0,0.0,-1.624
0x45ca17313cffdb5b596438500a2fe0c899633cef,15m_aprjun,0xa05ee971f6cedb2fb84785a6b32b0605e4cf0876729f6ba93b037ce417406ccf,Up,1,-74,0.01,0.0,0.0,0.0,-0.013
0x45ca17313cffdb5b596438500a2fe0c899633cef,15m_aprjun,0xa071b7d0037f34c902d52b25b2f784a707cbc3f6e6f86fe63d47fba39ac30b69,Down,0,-240,0.0,0.0,0.0,0.0,-3.509
0x45ca17313cffdb5b596438500a2fe0c899633cef,15m_aprjun,0xa0a3f487787e5c90f48ab9c5bc8a59866c8693774a51527bc17d86711b83e2e3,Down,1,-72,12.96,4.517,4.517,15.817,15.447
0x45ca17313cffdb5b596438500a2fe0c899633cef,15m_aprjun,0xa0fb27d5081b5b208d3c202aae47534a7dd0212eb28ab06d0518ca4db2447773,Down,1,-216,0.0,-0.273,-0.273,1.482,1.339
0x45ca17313cffdb5b596438500a2fe0c899633cef,15m_aprjun,0xa110d0172332d87bfaf240b96594a3a3add70b96f8dc0df8f32da5589b43f232,Down,1,-237,0.0,0.0,-3.964,-3.978,1.488
0x45ca17313cffdb5b596438500a2fe0c899633cef,15m_aprjun,0xa1c413673ea6d076a8f1c49bf0fd5faee9f2dd52f1d69eb6a4d4841234a8abd1,Down,0,-138,0.0,-1.829,-4.775,-6.994,-8.192
0x45ca17313cffdb5b596438500a2fe0c899633cef,15m_aprjun,0xa2144301ed48c584beeab895ddaf6e7122ea2f6cb25be5e72c1d4ff4a5a3ba49,Up,1,-275,0.03,0.0,0.0,-0.015,2.097
0x45ca17313cffdb5b596438500a2fe0c899633cef,15m_aprjun,0xa2bcd7727c3384fbb67f84a034ddc441dfd751210e3809bb7ff496249a98cf50,Up,1,-265,0.0,0.012,0.0,3.519,10.023
0x45ca17313cffdb5b596438500a2fe0c899633cef,15m_aprjun,0xa2e52482ca423dc3888a0ad8f39175fd121fe72d2d2d18e561102655e1274608,Up,0,-270,0.01,0.0,-0.013,1.555,-1.928
0x45ca17313cffdb5b596438500a2fe0c899633cef,15m_aprjun,0xa2fa7e41c221b43d6510cbcafe3dbfea0c560a5b41f71e2aa79ee521cc70a3bc,Up,0,-111,0.06,-0.014,-1.495,-4.303,-4.303
0x45ca17313cffdb5b596438500a2fe0c899633cef,15m_aprjun,0xa355981cbbd006eec5e82349418f34264d9118095095ced44503f5bff8434dca,Up,0,-94,0.01,-0.741,-0.741,-1.802,-1.802
0x45ca17313cffdb5b596438500a2fe0c899633cef,15m_aprjun,0xa44556646da5e98f30bc6e7fd8fc5863db03863483f60bca8d646cbf9e6ac916,Up,0,-210,0.01,-0.012,0.0,-0.012,-1.167
0x45ca17313cffdb5b596438500a2fe0c899633cef,15m_aprjun,0xa550b0df00aae31b0eb33de34f840c5f898e1d23ffce235ece39c5f0e3a70f0a,Down,0,-187,0.0,0.013,0.027,7.15,0.027
0x45ca17313cffdb5b596438500a2fe0c899633cef,15m_aprjun,0xa5b03fb1d2c7b3084d900f247c4286a9e256abcb68684e2487e4b8279fedd2af,Up,1,-244,0.0,1.143,1.143,3.897,9.508
0x45ca17313cffdb5b596438500a2fe0c899633cef,15m_aprjun,0xa633a5fefc3bacd2e7ceec918ea0c4615fa6e2b7443429e4298dcf8c61f95da5,Down,1,-41,0.0,0.0,0.015,,5.773
0x45ca17313cffdb5b596438500a2fe0c899633cef,15m_aprjun,0xa6566197b2dfc36b5ea327d77be57bb262508510e62ba35f6840f5637b242c1d,Up,0,-188,2.9,1.075,0.67,-1.591,-12.367
0x45ca17313cffdb5b596438500a2fe0c899633cef,15m_aprjun,0xa65ce025eb5067b8e3ca4b1a049f42c21c69fc33fdabc36a8074a94d519a7f0f,Up,0,-234,0.01,0.0,0.0,0.0,0.0
0x45ca17313cffdb5b596438500a2fe0c899633cef,15m_aprjun,0xa75fd0204fba3201f3548e48bdaa1ce1c238768dd676bf9c26b63d548cc14244,Down,1,-66,0.49,1.026,1.026,2.024,2.024
0x45ca17313cffdb5b596438500a2fe0c899633cef,15m_aprjun,0xa8733504b5ca415e3715f805920795195a1027d35ac28dea4b46ef73726cd1f7,Up,0,-129,0.0,-1.564,-1.578,-3.801,-4.24
0x45ca17313cffdb5b596438500a2fe0c899633cef,15m_aprjun,0xa895d4f8debdb5078f6eac94ed30fe887f4f265815dbe369ab74e868402d1821,Up,1,-75,0.01,0.0,0.0,4.651,4.651
0x45ca17313cffdb5b596438500a2fe0c899633cef,15m_aprjun,0xa921e8e9cf10715bfdedfd40a9aeaeba0e70760340eb58452904b8a3b0b095c1,Up,0,-147,0.0,-1.023,-6.631,-2.746,-3.64
0x45ca17313cffdb5b596438500a2fe0c899633cef,15m_aprjun,0xaa18fe2ee142e5d76b4920da48167d59ab51aa3f565a48cfa53ff863520bc4d1,Down,0,-176,0.01,-0.013,-0.04,-0.238,-5.168
0x45ca17313cffdb5b596438500a2fe0c899633cef,15m_aprjun,0xaaea0e1f787a9ee4772a0dcf52a4f8f76d52b9209a2750f628fea3554c9130a4,Up,1,-190,6.97,0.552,3.06,7.274,21.32
0x45ca17313cffdb5b596438500a2fe0c899633cef,15m_aprjun,0xacb482f7ccdd86726d73458da7df82c5c3313c4cb93d235d0c98554113035f2e,Down,1,-255,4.05,-0.012,-4.041,-7.313,-2.082
0x45ca17313cffdb5b596438500a2fe0c899633cef,15m_aprjun,0xadaeab9dc4cd178e0a3a81ec739fb9ad327f56e4c64fe90caf5d14d86d694652,Down,1,-90,0.0,0.013,1.067,4.113,5.713
0x45ca17313cffdb5b596438500a2fe0c899633cef,15m_aprjun,0xadb21018030b6464694591c529813a102c715cdb01d72e0ef98327f21877a6ec,Up,1,-112,0.05,-1.695,-1.708,-1.695,-1.695
0x45ca17313cffdb5b596438500a2fe0c899633cef,15m_aprjun,0xae19b16982fdcf1b54752bda2037f966ea4143e4584af9f3cc0b6ceb99df9c2b,Down,1,-84,0.0,-1.217,-3.146,-7.663,-7.845
0x45ca17313cffdb5b596438500a2fe0c899633cef,15m_aprjun,0xae1ff20fb327c2e84f8ff2649e0541af8231bbdbccf8d10dfc5bb79a8b0049f8,Down,0,-239,0.0,0.094,-6.409,-17.181,-2.457
0x45ca17313cffdb5b596438500a2fe0c899633cef,15m_aprjun,0xaf384f06684aec38c33fe950996df15a4c398d36e50c087e87d240730e9d465b,Down,0,-78,0.0,0.0,0.012,0.0,-0.372
0x45ca17313cffdb5b596438500a2fe0c899633cef,15m_aprjun,0xaf67a2dc5451cac2b158efe48b65d259cd31717f48528267b44e00b93476f985,Down,1,-164,0.0,0.0,0.0,0.013,0.0
0x45ca17313cffdb5b596438500a2fe0c899633cef,15m_aprjun,0xaf6e5cf7b924bc93f524d565835c3025b8fcea3fd7c934495683c8dc875f1a04,Up,1,-260,0.63,0.206,1.235,1.222,1.235
0x45ca17313cffdb5b596438500a2fe0c899633cef,15m_aprjun,0xaff6406c18bdce8289bfdb25e246d7083946b4d9eb0d14db055dea11d6a69ba7,Down,0,-12,0.0,,,,0.0
0x45ca17313cffdb5b596438500a2fe0c899633cef,15m_aprjun,0xb01a68337e08e4bbbfedf3dc4a824ef1feb2be5900d8c1895b7728c7d8c6f06b,Up,0,-65,0.0,0.0,0.0,-0.881,-5.533
0x45ca17313cffdb5b596438500a2fe0c899633cef,15m_aprjun,0xb0cfe976377fd044ea9685974b5a4ae881f3ff036c5004b94b54973a981ef44f,Up,0,-217,0.0,-4.629,-7.242,-7.428,0.438
0x45ca17313cffdb5b596438500a2fe0c899633cef,15m_aprjun,0xb0d0c03e547690b844ce334078ff2fc71c7d39bfccb898507884e9ddab4cb49a,Up,1,-131,0.01,0.0,-0.015,-0.015,-3.446
0x45ca17313cffdb5b596438500a2fe0c899633cef,15m_aprjun,0xb1ca834f70f68334cd337c555aa1bfc43dbc333655d41f43bcc764b2388ca84b,Down,1,-201,5.98,-0.958,4.374,-0.702,-8.194
0x45ca17313cffdb5b596438500a2fe0c899633cef,15m_aprjun,0xb1d7696de344ba2f3b2fb052a5897fc6afff8a5974edc9422e4c7c9e8121b614,Down,1,-216,0.0,-3.092,-3.105,-3.118,-1.159
0x45ca17313cffdb5b596438500a2fe0c899633cef,15m_aprjun,0xb1fca14a30634104b45aae8f498361a62a38658ea1796794ca67fc426bea14b2,Down,0,-245,1.07,-0.283,-0.268,-3.274,-0.402
0x45ca17313cffdb5b596438500a2fe0c899633cef,15m_aprjun,0xb217eea30fa52e4c693abcbab9d5ff74eafb1935eaaa6e9c00f23e14f9aa7708,Up,1,-243,1.28,0.015,3.491,8.528,-4.92
0x45ca17313cffdb5b596438500a2fe0c899633cef,15m_aprjun,0xb226b9ce65c8c5e3707352ab21dc2a66ed6ae02e18d4799db3ed2782d0ca619f,Up,1,-21,0.01,-0.012,,,-0.012
0x45ca17313cffdb5b596438500a2fe0c899633cef,15m_aprjun,0xb2597533cfb0839cd4ed6bf7e02857eae38f0fd8c7784eee1a1651ebb0b94034,Down,1,-117,4.72,0.352,2.142,4.476,3.932
0x45ca17313cffdb5b596438500a2fe0c899633cef,15m_aprjun,0xb307ac724c280b5be58c24dabfab071d706458e0a661629ffdc3b0b4ab1b129f,Up,0,-257,1.43,0.0,0.0,0.0,-0.014
0x45ca17313cffdb5b596438500a2fe0c899633cef,15m_aprjun,0xb415b06cf439c4935609ea1818ccd5f6a15142cdbb3d6d2b18a5a4e8e159be94,Up,0,-216,0.01,-0.013,0.0,-0.013,-1.263
0x45ca17313cffdb5b596438500a2fe0c899633cef,15m_aprjun,0xb53df15cd13c063a0fa8fe453d8a23d909c311c3ee5148f537cb1429d8255ed6,Down,1,-129,0.04,-3.513,-4.021,-4.021,-6.01
0x45ca17313cffdb5b596438500a2fe0c899633cef,15m_aprjun,0xb56a1ea010041e5ba388bb89f3c3bed6d3eb24363cf9a6393c49094ab8454b6d,Up,1,-146,0.0,0.013,0.013,0.013,1.29
0x45ca17313cffdb5b596438500a2fe0c899633cef,15m_aprjun,0xb68a1ccbd1655a2cb953d281cf37a42169cb91f4d5be6b0df90d25f90ebc1a5f,Up,1,-105,0.0,-1.808,1.308,1.308,1.335
0x45ca17313cffdb5b596438500a2fe0c899633cef,15m_aprjun,0xb6dfbeeb751a0cd4e29edd50c9855fddbad63b7c95accf1a58fe90c706955628,Up,0,-274,0.0,1.834,4.932,10.952,-2.213
0x45ca17313cffdb5b596438500a2fe0c899633cef,15m_aprjun,0xb80aa6fa5a45d89636a87c21c5dba05a16c48c9a59b3bcb2bbd3bb8b2e306a99,Down,0,-66,0.0,-1.376,-1.376,-1.376,-1.376
0x45ca17313cffdb5b596438500a2fe0c899633cef,15m_aprjun,0xb8896d17f393c8fc802892fc67b6247cae51dd491b6feaba52ef8d647226b73a,Up,0,-42,0.25,-0.246,-0.246,,-0.246
0x45ca17313cffdb5b596438500a2fe0c899633cef,15m_aprjun,0xb8fa7cd04d7938e231367a7159b4ccbe568bb1bea7522ce76059f03666c247bd,Up,1,-75,1.53,0.0,0.0,0.0,-0.013
0x45ca17313cffdb5b596438500a2fe0c899633cef,15m_aprjun,0xb95c5c79a82deabc8d0ab17a17e202fe7f3626238faf805ec75026815221612d,Up,1,-19,0.0,0.0,,,-0.013
0x45ca17313cffdb5b596438500a2fe0c899633cef,15m_aprjun,0xbaa94f8336db7c671c8ec847e3f555fecfbbaff17ff9144232326f36d9d3f635,Up,0,-215,0.0,0.0,-4.002,-6.433,-4.168
0x45ca17313cffdb5b596438500a2fe0c899633cef,15m_aprjun,0xbb50f50c17678db55815092168d30b74bd7ff4715aa92cf5ebf5180008a0745e,Up,1,-240,0.0,-9.047,-3.154,-0.287,7.088
0x45ca17313cffdb5b596438500a2fe0c899633cef,15m_aprjun,0xbb79d76dc6b4d7f3a15092124219773d2b70754a4874851d105559d2128ca45c,Up,1,-245,0.0,0.015,2.574,2.948,1.691
0x45ca17313cffdb5b596438500a2fe0c899633cef,15m_aprjun,0xbc34c6fe681f752fa4433d0aced1bd4c24bfd66b34b4e6af774e03fb6ced8082,Up,1,-174,0.0,0.013,0.013,-0.421,2.259
0x45ca17313cffdb5b596438500a2fe0c899633cef,15m_aprjun,0xbc614080e31ca4debe906027b766b011b5c2104e637424c8f8e460c0e10e75be,Up,0,-252,0.0,0.0,0.0,0.0,1.133
0x45ca17313cffdb5b596438500a2fe0c899633cef,15m_aprjun,0xbc80c5a7b668909dd583e71303b88d493fbcdf129e1efc526aa7fb372d5268b5,Up,1,-207,0.33,2.588,0.014,0.776,-0.302
0x45ca17313cffdb5b596438500a2fe0c899633cef,15m_aprjun,0xbc9ca6269de2d27209011452920143e383a3881e41dc05a05fb32b781cb7f175,Down,0,-107,0.01,-0.883,0.221,-0.055,1.09
0x45ca17313cffdb5b596438500a2fe0c899633cef,15m_aprjun,0xbd3b7e819f8cf14121ef99d195375be9a40c920d343a0a0e3627a664498f7500,Up,1,-12,0.01,,,,0.0
0x45ca17313cffdb5b596438500a2fe0c899633cef,15m_aprjun,0xbdcf156a5f36290e9227d9fd3f4cf20f0ba11627990a31d645c8107bcc01bd73,Down,0,-159,0.0,0.015,0.0,-2.229,1.346
0x45ca17313cffdb5b596438500a2fe0c899633cef,15m_aprjun,0xbe32ecdc09765317e7b5282dd96b91f1241a4b0adf0ca28202be2ed94b8701a0,Down,0,-97,2.72,0.015,0.0,0.0,-5.798
0x45ca17313cffdb5b596438500a2fe0c899633cef,15m_aprjun,0xbe869409e7072eeb51f0f0e754ef76cded75eabcb941970d3f6652c9b0b8806b,Down,1,-240,0.04,1.767,1.78,1.767,1.186
0x45ca17313cffdb5b596438500a2fe0c899633cef,15m_aprjun,0xbf1eebf03606fb5d0583cf106e16e658d0e1e52c9710d1d0689c7fd9debb702e,Up,1,-212,0.0,-0.509,-2.676,-4.751,-0.47
0x45ca17313cffdb5b596438500a2fe0c899633cef,15m_aprjun,0xbf81562b96c349e8cfe0c7be8b2f73b4f4bcb45b97610c9115805cca82dd5462,Up,1,-38,0.3,0.0,0.0,,0.0
0x45ca17313cffdb5b596438500a2fe0c899633cef,15m_aprjun,0xc050047eb4f70d68c0f5e450f2a72916dae2768bfe7a8fde5a7789cfc56377ca,Up,1,-114,0.38,0.0,0.0,1.532,3.46
0x45ca17313cffdb5b596438500a2fe0c899633cef,15m_aprjun,0xc06c4f9640ea51a2939132edc8c2067b292a924fe520436fa16041cb7b841a65,Down,1,-173,0.01,-1.998,-1.998,-1.998,-1.505
0x45ca17313cffdb5b596438500a2fe0c899633cef,15m_aprjun,0xc12ed01b3942250a8b74818a1f617e6de109b45af74ca1c65685aadeaf62765b,Down,1,-110,2.13,-0.013,0.0,-0.013,0.0
0x45ca17313cffdb5b596438500a2fe0c899633cef,15m_aprjun,0xc14f82daa209e3cee31498086877c56462f430e1796ae7dcf0ccbb0d12bb4695,Down,1,-261,0.64,1.482,1.468,3.307,1.112
0x45ca17313cffdb5b596438500a2fe0c899633cef,15m_aprjun,0xc32a8e0667f6643876679c1f1740572941259d688890107a1ebbc25783c396f9,Down,1,-216,0.0,0.0,0.0,1.526,1.637
0x45ca17313cffdb5b596438500a2fe0c899633cef,15m_aprjun,0xc46585da68d9cb541da07d2acb420e0fedbb464995f59a930d368a6803d52879,Down,1,-230,0.01,-0.012,1.904,3.44,7.936
0x45ca17313cffdb5b596438500a2fe0c899633cef,15m_aprjun,0xc58dbbd18f1d878715bd4134012dbcb3fe204843ad851ae6bc80e733f70abb7e,Up,0,-204,0.01,0.0,0.96,1.226,-2.013
0x45ca17313cffdb5b596438500a2fe0c899633cef,15m_aprjun,0xc5ac226e9c2c9acb2a75987d43bab869328a1da63a171545bc6e36a8deec1dbd,Up,1,-166,0.01,-0.013,0.0,0.0,2.151
0x45ca17313cffdb5b596438500a2fe0c899633cef,15m_aprjun,0xc5cdd34f5dd9b0b41206731a5d5e8035851ced1d40437fd10b1676bff84dd3c8,Up,0,-155,0.01,0.0,0.0,-0.015,-0.015
0x45ca17313cffdb5b596438500a2fe0c899633cef,15m_aprjun,0xc5dd797c1709ddb621c1eef63e0506bdd6e412487756fa2b52b0a3ddc0d13db4,Down,0,-256,0.01,2.577,2.577,2.77,-0.206
0x45ca17313cffdb5b596438500a2fe0c899633cef,15m_aprjun,0xc6bdc04318348100ac1604b4580b8375ddb95ef39dea629a9e74cdbe755920a6,Up,0,-220,0.01,0.0,-0.013,-1.759,-4.86
0x45ca17313cffdb5b596438500a2fe0c899633cef,15m_aprjun,0xc6e6e1d64e4165df94f8c4163380c66fa5cba4cfb25e7ac3ac1204a563fcb37c,Down,1,-170,0.01,-0.013,-0.013,-2.651,9.776
0x45ca17313cffdb5b596438500a2fe0c899633cef,15m_aprjun,0xc736e05b2a5198c53a51acc21b01a4ec29167ee652966dac2cd2ffe33239fd40,Down,0,-269,0.0,0.0,0.0,0.0,-6.87
0x45ca17313cffdb5b596438500a2fe0c899633cef,15m_aprjun,0xc7720908e6a864a97a3806d8d6debf3ae4f5923bd4a73d44f033168ed2fa4f19,Up,0,-270,0.0,0.0,0.0,0.0,-2.44
0x45ca17313cffdb5b596438500a2fe0c899633cef,15m_aprjun,0xc7731bee862ebf77e5a692415708efa7218f6808ac9357276e71546458a177c5,Up,1,-220,0.01,0.0,-1.574,-1.395,1.1
0x45ca17313cffdb5b596438500a2fe0c899633cef,15m_aprjun,0xc7a2fe0d2d62d18aca2bcd2ec3a7ef8f6bfe5a7fbd739ed2ec1d406d573998f7,Up,0,-208,0.0,0.013,-6.763,-10.513,-6.428
0x45ca17313cffdb5b596438500a2fe0c899633cef,15m_aprjun,0xc7d708dbada51bfba708399bf27b7a11d410ab28f8459d6789eef452346688c3,Down,0,-25,0.03,0.045,,,-2.678
0x45ca17313cffdb5b596438500a2fe0c899633cef,15m_aprjun,0xc86d106e366071a6c11e482d4151e75b717bccd276edfb40e3df018fe5d06286,Up,1,-252,0.13,0.0,0.0,0.388,4.476
0x45ca17313cffdb5b596438500a2fe0c899633cef,15m_aprjun,0xc881a7acc726d46e8cc8a817875a0e8c5a6ffbc50e5ab5209c8730ea810abf13,Up,0,-83,1.15,0.0,0.0,-0.012,0.0
0x45ca17313cffdb5b596438500a2fe0c899633cef,15m_aprjun,0xc9254f788376133e880b38269a758da20e378910eabf83f5d5261b4ff3f5dad6,Down,1,-84,0.0,0.0,0.0,-0.748,1.674
0x45ca17313cffdb5b596438500a2fe0c899633cef,15m_aprjun,0xc97bb66eadd5ac03c8dafc21739df72ace3d6e9d547884eb8942f97f9b7ec6ba,Down,1,-273,0.08,-1.459,-3.168,4.572,5.878
0x45ca17313cffdb5b596438500a2fe0c899633cef,15m_aprjun,0xc98069abac502acee78385e0993ef20ebdd0024c77ca41f3e4dd308021ae8436,Up,0,-275,0.7,0.045,0.06,0.06,-8.41
0x45ca17313cffdb5b596438500a2fe0c899633cef,15m_aprjun,0xcad4a197a21aff0dafebe558146e077bcc85d28441256ef27193911b11c28783,Down,0,-148,0.0,0.827,0.827,1.616,0.349
0x45ca17313cffdb5b596438500a2fe0c899633cef,15m_aprjun,0xcb9f04b94452305df4bd0f2c21a34706779437dc7d8dfbb352d14c6b4af48747,Down,0,-193,3.84,0.294,-0.026,-1.382,-3.84
0x45ca17313cffdb5b596438500a2fe0c899633cef,15m_aprjun,0xcbcba5c1ed8895c95b8614129fffb97e5ca7abd29e58c8227360eaa8060e19d9,Up,1,-235,2.07,0.851,0.864,12.08,-2.932
0x45ca17313cffdb5b596438500a2fe0c899633cef,15m_aprjun,0xccc6f4c0360b70025c758468b0bf90c7ca116cbe4a239a182b97a0e6f9f2381e,Down,1,-267,0.0,0.0,0.014,0.014,-0.723
0x45ca17313cffdb5b596438500a2fe0c899633cef,15m_aprjun,0xce51dae393edcb1453cd34ce2d08cc6d216257aca49c7b0d94c00ee29080a068,Up,1,-131,0.0,0.012,0.012,0.0,2.923
0x45ca17313cffdb5b596438500a2fe0c899633cef,15m_aprjun,0xd01e18595a341b957f630fcfa58daff242b05e1c4508ea2f8f29abc21419b30c,Up,0,-194,2.31,-7.56,-16.196,-11.048,-15.975
0x45ca17313cffdb5b596438500a2fe0c899633cef,15m_aprjun,0xd1628ddaf768cf83fb84f1091634d23852d1d0d20c7d18dec664b37c0ab76354,Down,1,-134,0.84,1.997,2.384,2.384,2.165
0x45ca17313cffdb5b596438500a2fe0c899633cef,15m_aprjun,0xd1a9c49cee11fb517635657088c760067d38aadc90890ddda7d6014bf63fec3a,Up,0,-278,2.46,0.0,-2.446,-3.502,-7.463
0x45ca17313cffdb5b596438500a2fe0c899633cef,15m_aprjun,0xd1c606dd19b428a36bdc8051274b4bbb455183f271a161970a6df66b924afd56,Up,0,-181,0.0,-0.015,-0.015,3.507,-5.632
0x45ca17313cffdb5b596438500a2fe0c899633cef,15m_aprjun,0xd2a0fcaff98a7291609d9c1f3a421ebb3fc51d9d38831e41d3a7b22faeda1753,Up,1,-21,0.01,-0.014,,,1.741
0x45ca17313cffdb5b596438500a2fe0c899633cef,15m_aprjun,0xd2c9f5de9ebc64a0961dd386ae48ece8cb4bf012812d9fb6feed961269787fd2,Down,0,-110,0.68,-3.35,-3.363,-3.35,-3.186
0x45ca17313cffdb5b596438500a2fe0c899633cef,15m_aprjun,0xd2d00a4a2d120c3fe964e9aa131455530668329ae2789dfacbd6eb827b64a7e0,Down,0,-110,0.0,-0.465,-0.93,-1.085,-0.917
0x45ca17313cffdb5b596438500a2fe0c899633cef,15m_aprjun,0xd315c3d90ac407c62399316749df11ffdff7ae4770dfa3e467a05f7429d60246,Down,0,-259,0.0,-2.131,-4.247,-12.685,-29.632
0x45ca17313cffdb5b596438500a2fe0c899633cef,15m_aprjun,0xd3295a610abe5067863de9f451fa3f5b5cf75485e306f821ea6cb0c0ccb30e0e,Down,0,-131,0.0,-0.974,-2.084,-0.814,-1.011
0x45ca17313cffdb5b596438500a2fe0c899633cef,15m_aprjun,0xd4acae749ac13f75ffd53f8159d19bec367bd1d11728991c9942d5186a0fb160,Down,1,-267,1.72,0.0,0.0,0.0,0.876
0x45ca17313cffdb5b596438500a2fe0c899633cef,15m_aprjun,0xd50c17f62539defbe9bd3c638615959f6c6e5c230eb3201c6e1bdfbb78d5ccad,Down,0,-218,0.01,-0.012,-1.936,-4.543,-13.903
0x45ca17313cffdb5b596438500a2fe0c899633cef,15m_aprjun,0xd56a37bbd1b5a2da97431f3df28d92d9ba28ca2d74a31a02e14e9d19583ec37d,Down,1,-224,0.0,-2.151,-2.559,-2.559,2.299
0x45ca17313cffdb5b596438500a2fe0c899633cef,15m_aprjun,0xd5831603300a7a27c200639c23a7a1deacffcea9357602fa8c38d71341c17ee9,Up,0,-174,3.22,-1.737,-3.151,-9.061,-15.187
0x45ca17313cffdb5b596438500a2fe0c899633cef,15m_aprjun,0xd5e6f3719096f4946537b36064679df3e093ee51421a6986d6be8718828bcd01,Down,0,-268,0.0,0.0,-1.919,-5.743,-17.255
0x45ca17313cffdb5b596438500a2fe0c899633cef,15m_aprjun,0xd6a2ea80fba5f636f53227ae1f03cec61814436974da7df03870e3f5b1f95795,Up,1,-163,0.01,-0.027,-0.027,-0.014,-0.921
0x45ca17313cffdb5b596438500a2fe0c899633cef,15m_aprjun,0xd6a7f3cbda634f6873ec616380b8a2bf809c14b2d576ee20b72c79d6ad78ef93,Down,1,-104,0.0,-1.2,-3.291,-3.686,3.352
0x45ca17313cffdb5b596438500a2fe0c899633cef,15m_aprjun,0xd76b1158826689c413c42264e12d00e7e95437c3cf31e8de3fd1dc33b1a7ffed,Up,1,-85,0.0,0.012,0.0,0.0,-0.387
0x45ca17313cffdb5b596438500a2fe0c899633cef,15m_aprjun,0xd7ffd98bdf4111d0ad4593cbd3c96e1076d45314bb1b93eb249f0522ee3da67d,Down,0,-153,0.01,0.0,0.037,0.025,-1.296
0x45ca17313cffdb5b596438500a2fe0c899633cef,15m_aprjun,0xd801f155429d0ee1538ab63158dce991e03a2e503fd3a79b7c9dd6b5d65403f0,Down,0,-238,0.01,-0.013,-0.013,-1.794,-9.01
0x45ca17313cffdb5b596438500a2fe0c899633cef,15m_aprjun,0xd85689d8ab15a5341c6f309df6dc5cbba3056de4e83ed33259a42510d03cf143,Down,0,-211,0.0,0.014,0.014,-0.014,-0.027
0x45ca17313cffdb5b596438500a2fe0c899633cef,15m_aprjun,0xd896bb4f238645f4f0cc7fc06cd800b4e370fc3285c574251231e727e947d5cc,Up,1,-275,4.5,3.681,-0.194,-8.508,1.098
0x45ca17313cffdb5b596438500a2fe0c899633cef,15m_aprjun,0xd9f4a9f1ef08115831beba342bfc39c5ec0e79061bd5c1b45c7f4ebd3309b834,Up,0,-41,0.0,0.0,-0.013,,-0.013
0x45ca17313cffdb5b596438500a2fe0c899633cef,15m_aprjun,0xda2dbfe6f494d7a5fe972c155761d4e4c0ace9e5e4b2f4143e45b20685a0654e,Down,0,-78,0.0,0.0,0.0,0.0,0.0
0x45ca17313cffdb5b596438500a2fe0c899633cef,15m_aprjun,0xdb1e913ae0641da926607b5a13fffe56ff924a8dfde4f2c9bf2c745df362f365,Up,0,-156,6.03,-2.911,-4.523,-4.51,-17.017
0x45ca17313cffdb5b596438500a2fe0c899633cef,15m_aprjun,0xdb93326a3f777e8b96878c7c3cd1d370f942165d23f95572e221ccb12fa4c2a8,Down,1,-172,0.05,0.307,0.319,0.307,6.158
0x45ca17313cffdb5b596438500a2fe0c899633cef,15m_aprjun,0xdc7b5aea6b00c875a6cde12d0676119955ab00b0dd7943175628637275e90f7f,Down,1,-99,0.0,0.0,0.079,0.066,5.884
0x45ca17313cffdb5b596438500a2fe0c899633cef,15m_aprjun,0xdc99c04495da0ffb7b838217cf915cffe67c7ff82f7cdfb1cbd77cf0639f52a0,Up,1,-42,0.01,0.0,0.0,,3.01
0x45ca17313cffdb5b596438500a2fe0c899633cef,15m_aprjun,0xdea23fe2dd5a683faa0b05c189ff07a2bb9804efc749545b138bca2df4576418,Down,1,-155,0.01,-0.043,-0.043,-1.753,-2.185
0x45ca17313cffdb5b596438500a2fe0c899633cef,15m_aprjun,0xdebfb81e30919c6d28765a1ea2e765b954a97bda5259ebc5a3f51d63c2aabe64,Up,0,-276,0.0,0.012,-2.006,-2.006,-6.464
0x45ca17313cffdb5b596438500a2fe0c899633cef,15m_aprjun,0xdec75ed9732f2ce004013303530db239a0ce9f6cae43a453363ff1e3ecf56dac,Up,1,-42,0.69,-0.277,-3.038,,-2.18
0x45ca17313cffdb5b596438500a2fe0c899633cef,15m_aprjun,0xdf4dc3db0b9e0abd18a62a6f2ed6cd798d02f03bf96e95f8d9375d5b2e194995,Up,1,-247,0.0,0.0,-0.012,-0.012,0.312
0x45ca17313cffdb5b596438500a2fe0c899633cef,15m_aprjun,0xdf88bb4ba4ae4710acfc1001863cab28e15050ea3f613ccf45cbef982830990b,Down,0,-195,2.81,0.0,8.293,13.847,-7.667
0x45ca17313cffdb5b596438500a2fe0c899633cef,15m_aprjun,0xdf8bea87bf31b48dba1cefe515530712fbaa067a4bfb7d56b32cb47114458f33,Down,1,-275,0.82,1.481,2.492,3.904,8.307
0x45ca17313cffdb5b596438500a2fe0c899633cef,15m_aprjun,0xe0d81581c64b419a5e56c3d2a86fbdf60848e7618ccac93799c99f4b9c20ec6d,Up,0,-241,0.0,-5.355,-6.071,-6.071,-7.144
0x45ca17313cffdb5b596438500a2fe0c899633cef,15m_aprjun,0xe129aaf887229a0723e56e8f4a85e17890d24c618f41cec2f0dffe2a28cbfa89,Up,1,-210,0.0,-0.013,0.0,-0.915,0.013
0x45ca17313cffdb5b596438500a2fe0c899633cef,15m_aprjun,0xe173a177a831eeef10985640c88ee22cee4b2f02044fbd1a8a0edb96478bbfb6,Down,1,-247,0.01,0.0,0.0,8.201,13.625
0x45ca17313cffdb5b596438500a2fe0c899633cef,15m_aprjun,0xe17871d48ab2efeda32072b6ccc1fa0ed5e2a61e324484486e22f69a372c764f,Up,1,-275,0.01,1.304,1.304,2.332,0.652
0x45ca17313cffdb5b596438500a2fe0c899633cef,15m_aprjun,0xe18edd41a81de81db7118903bc570b22753d7577b3818b1ede181838d3339148,Down,1,-202,0.0,0.0,-2.658,-4.277,-0.235
0x45ca17313cffdb5b596438500a2fe0c899633cef,15m_aprjun,0xe28e81211485b3c00ab7f72d0b2a9119d3be2c0e7b4e2c02bbc2419f3aa08264,Down,0,-207,0.01,-0.013,-2.901,-2.901,-6.886
0x45ca17313cffdb5b596438500a2fe0c899633cef,15m_aprjun,0xe2c1d439d73b46e701da2be12de2fe3133f19af0bd2a27c3de0bf8074e081603,Down,1,-170,0.01,-0.013,0.679,1.255,0.679
0x45ca17313cffdb5b596438500a2fe0c899633cef,15m_aprjun,0xe2d3d5b947ef51200bb508ba9780db55d986af27bd55d893deb207337b4fec6b,Down,1,-264,3.54,-3.527,-7.081,-2.477,1.569
0x45ca17313cffdb5b596438500a2fe0c899633cef,15m_aprjun,0xe341c310d4d570d6758bf56a1a131f75d3c675f75cdccba8f3c15fe72cfcdc50,Up,0,-213,0.01,0.066,0.066,0.079,-11.504
0x45ca17313cffdb5b596438500a2fe0c899633cef,15m_aprjun,0xe3b59654b74a19d418479dc343cc2321e1de232d07a184b3aaa9bbadca62abe0,Down,1,-34,7.87,2.096,2.528,,2.541
0x45ca17313cffdb5b596438500a2fe0c899633cef,15m_aprjun,0xe477198aedab1eddf9036cc6620d76cc113e090812a602e427319cbbbf2655ad,Up,0,-13,0.0,,,,-0.015
0x45ca17313cffdb5b596438500a2fe0c899633cef,15m_aprjun,0xe485a2ae133f9d4a80162d5634e9b9c5a9841e320289ba5ddf4f9f4e8e055b49,Up,0,-248,0.0,0.0,-0.013,-0.013,-1.754
0x45ca17313cffdb5b596438500a2fe0c899633cef,15m_aprjun,0xe525c4b7aa4606d4281e465027247e0c59462dcc92f9888276da5ed7ef226166,Up,0,-48,0.0,-0.928,-0.912,,0.72
0x45ca17313cffdb5b596438500a2fe0c899633cef,15m_aprjun,0xe66ab601fee624f073876fd843fe2abfcc78b2e0f104ccd53de17c468979b208,Up,1,-246,0.0,3.927,6.828,6.444,23.514
0x45ca17313cffdb5b596438500a2fe0c899633cef,15m_aprjun,0xe718d948e0fb517f456a92e5c661663dd45c82cf3d673354dddff677d2441c54,Up,0,-276,0.01,-3.401,-7.495,-12.897,-16.067
0x45ca17313cffdb5b596438500a2fe0c899633cef,15m_aprjun,0xe8d4345a2f52531cf3e5b7928b512ec08ecb29427a36ccc2f6b526c4c11c4f23,Up,0,-259,0.01,-1.585,-4.005,-4.533,-7.593
0x45ca17313cffdb5b596438500a2fe0c899633cef,15m_aprjun,0xe9aef32bf6e73c4905d6574652aa79da783f36db20b589526ec4a01599d3e5b0,Up,0,-257,0.99,2.683,0.508,1.823,-14.573
0x45ca17313cffdb5b596438500a2fe0c899633cef,15m_aprjun,0xe9b386cf4881736a561da29f518c2907e646143631aded2beadc27c14c5a455d,Down,0,-43,0.01,-0.015,-0.015,,-0.015
0x45ca17313cffdb5b596438500a2fe0c899633cef,15m_aprjun,0xea982d907000436ede80698c436aa42c83cc3a6142fe38876c745750cd400db2,Down,1,-37,1.36,-0.014,-0.014,,-0.014
0x45ca17313cffdb5b596438500a2fe0c899633cef,15m_aprjun,0xeb10bdea83d9049e99d43b6e4f1954cd5d8ab765048a06327dfa584561f10c04,Down,0,-267,0.01,-0.015,-0.613,-0.613,0.463
0x45ca17313cffdb5b596438500a2fe0c899633cef,15m_aprjun,0xeb1fcd303fe92955f23db78276421cba6fc0ea79877e53f173ecb113f7761c37,Down,1,-123,0.01,0.0,0.0,1.547,5.727
0x45ca17313cffdb5b596438500a2fe0c899633cef,15m_aprjun,0xebcdeab824fed281cadc857c98f8da7e3bca42f34860017444a6d14cdc683937,Up,0,-78,0.0,0.0,0.0,0.012,0.012
0x45ca17313cffdb5b596438500a2fe0c899633cef,15m_aprjun,0xebd5f46a3d32bd71d975d1c94b7b573aa721f63db442a950c1d879c37d354bb1,Down,1,-146,2.22,-0.733,-0.733,1.505,1.376
0x45ca17313cffdb5b596438500a2fe0c899633cef,15m_aprjun,0xebe318dcb4bb2d4119541670e3dd6427e7fdbb3e4bfbcba1aff17fd7316eadcd,Down,0,-209,0.0,-2.693,-2.693,-2.693,-3.612
0x45ca17313cffdb5b596438500a2fe0c899633cef,15m_aprjun,0xebe5b8800667e244ea30355feef96d4023528324ef3b76d137c3950ba8e0c77f,Up,1,-239,0.01,-4.125,-3.449,-4.773,1.563
0x45ca17313cffdb5b596438500a2fe0c899633cef,15m_aprjun,0xebf9f08bd60f16b817446e1b58714b41d8eb4788a4f8cfe56b1e787ca74e8376,Up,0,-233,3.41,-0.334,-3.379,-1.175,-19.373
0x45ca17313cffdb5b596438500a2fe0c899633cef,15m_aprjun,0xebfe6eafcfe5bb4997b366ed2440836aa28092ba2191c2b1275134cb0f0ec5f3,Down,0,-242,0.0,-3.278,-5.389,-7.395,-7.028
0x45ca17313cffdb5b596438500a2fe0c899633cef,15m_aprjun,0xec363b4b657a0b518e770134f3f95df17293c2cc3fa48522cbd5a0799ebe9131,Down,0,-41,2.01,0.505,-0.07,,-0.07
0x45ca17313cffdb5b596438500a2fe0c899633cef,15m_aprjun,0xec5dbcd8ce6de2ebe8fe041561032c3ef72f5ba72da98e637a3c0fb1da5f820f,Down,1,-256,0.01,-1.479,-1.76,1.211,0.536
0x45ca17313cffdb5b596438500a2fe0c899633cef,15m_aprjun,0xec7d09f7aea29d456e8abcf6e5197eece8469ed24a80ead8a9af0c910290b6f0,Down,0,-229,0.22,0.0,0.0,0.0,-1.021
0x45ca17313cffdb5b596438500a2fe0c899633cef,15m_aprjun,0xecb9416979e2e0b56defd23e8249cc05c015b834a662fac02aa5350f587f250f,Up,1,-250,0.0,0.013,-0.194,-0.583,0.79
0x45ca17313cffdb5b596438500a2fe0c899633cef,15m_aprjun,0xecba9a999585373625ffc8d8ea5ca5d99406393c59743f70f1763395740bd75b,Up,0,-130,0.0,-0.234,-6.891,-5.071,-6.891
0x45ca17313cffdb5b596438500a2fe0c899633cef,15m_aprjun,0xed86d150f55adf20311658200333ad47611d2f9e6c445383edb84223d037a35b,Down,1,-235,0.0,-3.158,-4.5,-4.5,-1.315
0x45ca17313cffdb5b596438500a2fe0c899633cef,15m_aprjun,0xee2c1ad273ee8637b67dc4c491bff3418cf5ea74d60403cd44b9d19e4c0ee508,Down,1,-66,0.0,-0.339,-0.339,2.004,2.004
0x45ca17313cffdb5b596438500a2fe0c899633cef,15m_aprjun,0xee4934ccd4b30e90a42f12a185a256548867a4055282cf21c5832b22631df122,Up,1,-88,0.0,1.443,1.597,1.597,2.228
0x45ca17313cffdb5b596438500a2fe0c899633cef,15m_aprjun,0xee4eb9f4182786c7b7e55a0606802b3abb7944c3277a043e22239d7ec8443493,Down,1,-261,0.0,0.0,0.012,0.012,0.012
0x45ca17313cffdb5b596438500a2fe0c899633cef,15m_aprjun,0xeee9716ac453cb187a501932fa5b8de2fbf855f6c6d7682a72af615a543ae168,Up,1,-98,0.01,-1.532,-3.533,-3.521,4.243
0x45ca17313cffdb5b596438500a2fe0c899633cef,15m_aprjun,0xef645a83a7ba1b4a115d0dbefdbeec254835549f7ed949fc88f805edb24f6c66,Down,1,-249,3.88,-1.591,-2.758,-0.682,0.152
0x45ca17313cffdb5b596438500a2fe0c899633cef,15m_aprjun,0xefab45b7da74bee2c6d138defe09db29c15207daefa3c7c3c4014549c2dc0f42,Up,0,-277,4.63,-1.342,-1.342,-1.342,-1.406
0x45ca17313cffdb5b596438500a2fe0c899633cef,15m_aprjun,0xf01d111f2d3cb5e605920572ec50e36b2235c022d66c8d335e0578876a3fdf32,Up,0,-190,0.0,-2.342,-3.067,-2.731,-6.018
0x45ca17313cffdb5b596438500a2fe0c899633cef,15m_aprjun,0xf023406a1a178ae626e73535f1b4ce316270669e13055a2a8a898e4f8f86a0ee,Down,1,-217,0.0,0.0,0.0,0.012,1.282
0x45ca17313cffdb5b596438500a2fe0c899633cef,15m_aprjun,0xf0e37f9c6bd83bf350b96cac0bb0a143278b65fcfa3ad663a83053923772496b,Up,1,-189,1.25,0.0,-0.412,-0.412,2.461
0x45ca17313cffdb5b596438500a2fe0c899633cef,15m_aprjun,0xf0e402de63718d8c56a3154d72d8198ce7918c2572192beb15d5b7cc38333301,Down,1,-272,6.82,0.734,1.159,4.439,15.062
0x45ca17313cffdb5b596438500a2fe0c899633cef,15m_aprjun,0xf0ecb10e53a762e8a5e356bc1c0666fd8309d340e67dd612c012e7148adb720a,Down,0,-158,0.0,0.0,0.013,-0.304,-0.29
0x45ca17313cffdb5b596438500a2fe0c899633cef,15m_aprjun,0xf20cf62702f0ade4c9631fd6c0cbfef37cd1512ed1206127c3deb3e959920f6b,Up,0,-172,0.0,2.686,2.673,2.686,0.013
0x45ca17313cffdb5b596438500a2fe0c899633cef,15m_aprjun,0xf22512f1303670ad8b4d44fe08a8d90a97b1aa7fa14a75062a39a1a594f87649,Down,1,-221,0.0,1.289,5.292,9.556,12.312
0x45ca17313cffdb5b596438500a2fe0c899633cef,15m_aprjun,0xf2a8aaa855c7cca95102c7b278c76ca5a457fe731efa129263fdf2de48160985,Down,1,-271,1.14,-0.012,-2.351,-4.311,3.98
0x45ca17313cffdb5b596438500a2fe0c899633cef,15m_aprjun,0xf3b8e6e75e0dcec309f9f1195f379e998c6236b423bd278384b6ce231f8b1774,Down,1,-244,0.0,0.013,-3.156,-3.221,0.183
0x45ca17313cffdb5b596438500a2fe0c899633cef,15m_aprjun,0xf4614cb68b8da74ab754b9ec9ca3423c9b60a8387ea5e16244a8af4d29e3824c,Up,1,-258,0.2,0.221,0.468,0.208,4.372
0x45ca17313cffdb5b596438500a2fe0c899633cef,15m_aprjun,0xf4af0a6f9a6f6df61ab72149805bd0799786a10886c9dbd410eb9f0ca4761963,Up,1,-273,1.4,-0.014,0.027,0.014,4.595
0x45ca17313cffdb5b596438500a2fe0c899633cef,15m_aprjun,0xf4c1c5da00415858aa7a79da05facfe8dae3e32dbe83ebc6966bba4246de5b0a,Up,0,-224,0.48,-0.558,-0.558,-3.051,-5.387
0x45ca17313cffdb5b596438500a2fe0c899633cef,15m_aprjun,0xf6758a84ae9f5b7d87b945b30c046ade08c91a7aa27765d13313fae282f96e99,Up,1,-169,0.0,-0.538,-0.551,-0.551,-1.062
0x45ca17313cffdb5b596438500a2fe0c899633cef,15m_aprjun,0xf6db6f38d5ef673c480ecacd68fb9a66904e582a7eea9f99886164ddfe4f459b,Up,1,-233,2.01,-1.438,-1.438,-1.601,16.399
0x45ca17313cffdb5b596438500a2fe0c899633cef,15m_aprjun,0xf7ea2dc9bd2268d14e0d2d96ff33aabcb8ab1db3fe06f37064aaba044b0922c7,Down,1,-202,3.58,0.0,1.495,4.536,3.514
0x45ca17313cffdb5b596438500a2fe0c899633cef,15m_aprjun,0xf80790874c26a19b463857a1b1e21fcba61fdc1d544225d49e85c08d9ad28b9a,Down,0,-185,0.0,0.296,0.284,0.284,-3.973
0x45ca17313cffdb5b596438500a2fe0c899633cef,15m_aprjun,0xf84dbde2b162142e4b706a82d8b44d8dbfb3b9a906823fd7700471844e642904,Down,1,-125,0.0,0.0,0.0,0.677,0.256
0x45ca17313cffdb5b596438500a2fe0c899633cef,15m_aprjun,0xf91d65daef47e082d2c7770b942fb4782f1731fa749df13a59a768e62220d741,Down,1,-226,0.0,-0.026,-1.189,0.969,12.003
0x45ca17313cffdb5b596438500a2fe0c899633cef,15m_aprjun,0xf93ed7c335cbf4ca086e331083d48e8634a6bb34af073cfd91fb9ce4301ed9c9,Down,0,-52,0.0,-1.016,-1.016,,-1.029
0x45ca17313cffdb5b596438500a2fe0c899633cef,15m_aprjun,0xf9812e77e6d45a930c9d8391a69063c9e88a59d87ea62b3a1e6b10630203687b,Down,0,-14,0.0,,,,0.0
0x45ca17313cffdb5b596438500a2fe0c899633cef,15m_aprjun,0xf9c1a50bdc4a775a5d9b53afdcdfec62591cb4e7141b956dddd8fb1b8d2f4781,Up,1,-43,0.26,-0.258,-0.258,,1.419
0x45ca17313cffdb5b596438500a2fe0c899633cef,15m_aprjun,0xfa545d35f57e3684fbd2fca1c7b9a027e75742d7a2816e1a7cbda5a21e4bb6e8,Up,0,-276,0.0,-1.157,-2.576,-3.912,-1.694
0x45ca17313cffdb5b596438500a2fe0c899633cef,15m_aprjun,0xfa7c91db66b7a39ed4b49ef4876ac13c5e322e18a6fa7f6d9f07c49f8825cc2a,Down,1,-265,0.01,0.0,-0.015,-0.015,4.107
0x45ca17313cffdb5b596438500a2fe0c899633cef,15m_aprjun,0xfb3f18bb508997fc3c29dafe9b43002cfe8469f33f7d98473ad775f761091a88,Up,1,-17,0.0,0.0,,,0.0
0x45ca17313cffdb5b596438500a2fe0c899633cef,15m_aprjun,0xfb4e362fc246701db40abd7bd1b5166982a0b65a291a5cbb9f36d06780b0dcd9,Up,0,-183,0.01,0.0,0.0,0.0,2.179
0x45ca17313cffdb5b596438500a2fe0c899633cef,15m_aprjun,0xfb610b11efca119964b1043a596a7ce306f86a6411eeab3326775390b90a8549,Down,1,-122,1.72,0.013,3.431,2.811,2.692
0x45ca17313cffdb5b596438500a2fe0c899633cef,15m_aprjun,0xfb69853be5f7542c73ce0681dbc054b46033c2dc345c4d6f18f7fcec425f4a6c,Up,1,-133,2.16,-0.688,-0.688,-3.722,1.138
0x45ca17313cffdb5b596438500a2fe0c899633cef,15m_aprjun,0xfb734e2850b19ccaded918d046cef5d02fc048a2e90466d398df270d7bca4c6d,Up,0,-130,0.01,0.0,0.0,-0.013,-2.597
0x45ca17313cffdb5b596438500a2fe0c899633cef,15m_aprjun,0xfbb9b6c33a7ecd912b33a72746d1709590726d504fc209e2f9d233907c5d2638,Up,1,-232,1.02,0.012,-3.266,-4.409,-2.422
0x45ca17313cffdb5b596438500a2fe0c899633cef,15m_aprjun,0xfc91a910d095e6b38af2bc10a6c6f93c04f7228b94cdfcf4271ff8c02628acd3,Down,1,-248,0.0,0.0,-1.46,-3.281,4.121
0x45ca17313cffdb5b596438500a2fe0c899633cef,15m_aprjun,0xfdc365cf0c398c8c451ebe1f8492be0ee5678f7db969f693752fe4774cf545f5,Up,0,-249,1.14,-0.197,-0.183,-0.183,-10.128
0x45ca17313cffdb5b596438500a2fe0c899633cef,15m_aprjun,0xfdc5491c03c024f20ee807057dcfc3a4866fa825897dd63a22935ac84e85623d,Up,1,-273,0.0,0.0,0.012,0.012,0.012
0x45ca17313cffdb5b596438500a2fe0c899633cef,15m_aprjun,0xfe377155b68bd4b3de89ff4f85b22b6ff8a8737e81c603b970280368f4b2a921,Down,0,-248,8.27,-3.062,-4.528,-11.256,-10.457
0x45ca17313cffdb5b596438500a2fe0c899633cef,15m_aprjun,0xfefb15d5cbd50e97ceb41d9dd1cfaf4c45888a6d07a5982331e54e46b5275002,Down,1,-67,0.0,-3.284,-3.298,-3.284,-3.284
0x45ca17313cffdb5b596438500a2fe0c899633cef,15m_aprjun,0xfefe9d28c6ec1b9379b0e91426512f57197bda3ad69e54c82c3f0ac2a479ff7c,Up,0,-21,6.95,-2.787,,,-2.819
0x45ca17313cffdb5b596438500a2fe0c899633cef,15m_aprjun,0xff2cda937a6269d1ca7921013a91f0f88b712025d9610fff15d6b9ff55ae41d8,Down,0,-181,0.0,-1.319,-1.319,-1.319,-3.513
0x45ca17313cffdb5b596438500a2fe0c899633cef,15m_aprjun,0xffec7ba19c9e8abf1fcf396a5b320c7d19a07b46a417fcb319d37175626ac061,Up,0,-276,0.01,-0.012,0.0,-5.181,-7.698
