slug,condition_id,underlying_source,underlying_symbol,start_utc,end_utc,winner,price_to_beat,settlement_final_price,official_margin_bps_abs,flat_margin_bps_lte,volume_regime,exchange_pre_final_price,exchange_final_price,exchange_final_pre_side,exchange_final_endpoint_side,exchange_final_already_winner_side,exchange_crossed_to_winner,exchange_aligned_final_move_bps,final_quote_volume,control_median_quote_volume,final_volume_multiple_control_mean,final_volume_midrank_pct,final_aligned_signed_taker_quote,final_aligned_multiple_control_mean,final_aligned_midrank_pct,flow_spike,flow_plus_impact,already_winner_assist,crossing_assist,post_close_price_plus_5s,post_close_price_plus_5s_lag_s,post_close_aligned_move_5s_bps,post_close_reversion_5s_bps,flow_plus_impact_reverted_5s,flow_plus_impact_reversion_fraction_5s,post_close_price_plus_15s,post_close_price_plus_15s_lag_s,post_close_aligned_move_15s_bps,post_close_reversion_15s_bps,flow_plus_impact_reverted_15s,flow_plus_impact_reversion_fraction_15s,post_close_price_plus_30s,post_close_price_plus_30s_lag_s,post_close_aligned_move_30s_bps,post_close_reversion_30s_bps,flow_plus_impact_reverted_30s,flow_plus_impact_reversion_fraction_30s
btc-updown-5m-1778333100,0xab7212afe6f7b3f1384cf329f7220328ed8ab3cae5354505267a6ffb6a79327c,kraken,XBTUSD,2026-05-09T13:25:00Z,2026-05-09T13:30:00Z,Down,80348.46797,80343.80256167382,0.5806468304938773,5.0,all,80344.6,80337.0,Down,Down,1,0,0.9459701677938351,287684.81695722,11.167405307500001,7.063798332944449,1.0,287154.873292294,7.226279440797581,1.0,1,1,1,0,80337.0,-0.7120108604431152,-0.0,0.0,0,0.0,,-9.811948776245117,,,,,80348.0,-1.7948243618011475,-1.3691383784654267,1.3691383784654267,1,1.4473377967705816
btc-updown-5m-1778428800,0xd5bffdb8c1d32d5d941869f79fa6c17ebbeafe1e1c461ece857f83977611e086,kraken,XBTUSD,2026-05-10T16:00:00Z,2026-05-10T16:05:00Z,Up,81400.096654781,81401.4493879142,0.16618323427030232,5.0,all,81383.3,81408.4,Down,Up,0,1,3.0836953233972992,694094.6813730199,1002.827813312,13.439737650166107,1.0,694094.6813730199,-14.090511976380256,1.0,1,1,0,1,,-6.547091245651245,,,,,,-16.547091245651245,,,,,,-2.257573366165161,,,,
btc-updown-5m-1778429400,0x6148e2de694e685f35b05a5aff9d83343eb3337cf1dbaf26949f81d533056740,kraken,XBTUSD,2026-05-10T16:10:00Z,2026-05-10T16:15:00Z,Up,81445.92387166618,81458.75710731294,1.5756756184605822,5.0,all,81447.3,81474.1,Up,Up,1,0,3.289930020455171,167313.255236022,32.619544317,6.685267679770148,0.9375,158689.56550889398,6.344209271866442,0.9375,1,1,1,0,81464.6,-1.305511236190796,-1.1660827060435366,1.1660827060435366,1,0.35443997252020754,,-7.720180034637451,,,,,81464.6,-1.4779434204101562,-1.1660827060435366,1.1660827060435366,1,0.35443997252020754
btc-updown-5m-1778453700,0x0cfa4e0858bfce896f61f174c55b31635b3fba8f457623ce062ac45043999db4,kraken,XBTUSD,2026-05-10T22:55:00Z,2026-05-10T23:00:00Z,Up,82018.97703464617,82027.80688622549,1.0765620224188002,5.0,all,82000.0,82002.2,Down,Down,0,0,0.2682890839417946,3125.497397725,108.1989234,1.1012435808626966,0.9166666666666666,3035.565694655,1.1045608552110828,0.9166666666666666,1,1,0,0,82100.0,-0.24097180366516113,11.919402857351526,-11.919402857351526,0,-44.427461163263146,82228.1,-0.12080264091491699,27.51016620798092,-27.51016620798092,0,-102.53926773237355,82101.3,-0.3467738628387451,12.07774508728872,-12.07774508728872,0,-45.01765375556238
btc-updown-5m-1778768400,0x6c188ff4a876a1b941645f2006024d077d9f90f092502c178456e5fcb98c4b55,kraken,XBTUSD,2026-05-14T14:20:00Z,2026-05-14T14:25:00Z,Down,80198.59995276581,80179.58,2.3716065837824547,5.0,all,80200.0,80200.1,Up,Up,0,0,-0.012468820156579541,85721.81012427,714.5048081415,8.24647847004645,1.0,85682.88099573,-113.81258905153385,1.0,1,0,0,0,80200.0,-0.1646711826324463,0.012468820157274138,-0.012468820157274138,0,,,-3.045901298522949,,,,,,-3.1300394535064697,,,,
btc-updown-5m-1778862600,0x31659165fd620a42977ecac99034a5ff7f4e980704d08dc8618c4c749552433b,kraken,XBTUSD,2026-05-15T16:30:00Z,2026-05-15T16:35:00Z,Up,79278.10639584683,79289.0248027567,1.3772285194796337,5.0,all,79304.3,79304.3,Up,Up,1,0,0.0,6497.119768735,282.63463095699996,6.432533441816509,1.0,6497.119768735,-51.54153886066589,1.0,1,0,0,0,,-2.0779478549957275,,,,,79282.2,-1.1106979846954346,-2.7871225032478675,2.7871225032478675,0,,79282.2,-0.3683781623840332,-2.7871225032478675,2.7871225032478675,0,
btc-updown-5m-1779044400,0xaa905cce36a3d58161dc26fc9f4f6701915bbd025a18f8d92575ccfd14449795,kraken,XBTUSD,2026-05-17T19:00:00Z,2026-05-17T19:05:00Z,Up,78228.53960646893,78233.18267496041,0.5935261625537616,5.0,all,78226.4,78240.6,Down,Up,0,1,1.8150792229667365,323363.701054074,113.181508354,22.47694739779798,1.0,323363.701054074,22.82477536700752,1.0,1,1,0,1,78239.7,-0.07797360420227051,-0.11503045431544771,0.11503045431544771,1,0.06337489452798159,78223.6,-0.06816530227661133,-2.173021057455892,2.173021057455892,1,1.1972045241662244,,-7.988178491592407,,,,
btc-updown-5m-1779202200,0x3ec9294742f00250999db0e2d3d66fe9f15866651774207ac81e38cfa9643a07,kraken,XBTUSD,2026-05-19T14:50:00Z,2026-05-19T14:55:00Z,Up,76190.71041469702,76198.253286018,0.989998817431813,5.0,all,76188.0,76196.9,Down,Up,0,1,1.1680947403723347,462242.622764376,339.83277134100007,97.70476216053824,1.0,394512.165229058,122.9142274583114,1.0,1,1,0,1,,-3.575042486190796,,,,,76200.0,-0.12512564659118652,0.40683242250058804,-0.40683242250058804,0,-0.3482871794893183,,-5.894663095474243,,,,
btc-updown-5m-1779458100,0x10bcec2b5e331faf904a9da6572914ad62c363fbc625d920485030a679b4f7c7,kraken,XBTUSD,2026-05-22T13:55:00Z,2026-05-22T14:00:00Z,Up,77158.66378941352,77195.76257724424,4.80811693836132,5.0,all,77180.0,77181.0,Up,Up,1,0,0.12956640602306094,48831.10235536,108.911038582,138.47671005562924,1.0,48831.10235536,159.95055446964264,1.0,1,1,1,0,77149.5,-0.7403738498687744,-4.082148433060801,4.082148433060801,1,31.506225713586883,77120.0,-0.5387113094329834,-7.906624477849414,7.906624477849414,1,61.02372305088211,77138.8,-1.3204915523529053,-5.469162226997598,5.469162226997598,1,42.2112675258135
btc-updown-5m-1779818700,0xea21f68e60cc4720cbb5fd88cde20c1da837873dc45c6e82d514032973bc4318,kraken,XBTUSD,2026-05-26T18:05:00Z,2026-05-26T18:10:00Z,Up,75876.43076,75883.17471,0.8888069631708225,5.0,all,75882.7,75882.7,Up,Up,1,0,0.0,59291.307274216,39.024308116,5.549357887715006,0.9285714285714286,59208.167262352,5.605674923442444,0.9285714285714286,1,0,0,0,,-2.1692471504211426,,,,,,-2.326876163482666,,,,,75850.1,-0.40793681144714355,-4.297027472188547,4.297027472188547,0,
btc-updown-5m-1779976500,0x3da6cbe0c13d0174ae6c29e1c0bc0873cedc2b561fdf1a89918e7a1d2c8fd2c2,kraken,XBTUSD,2026-05-28T13:55:00Z,2026-05-28T14:00:00Z,Up,72862.89012713075,72895.2001483991,4.4343590011286995,5.0,all,72890.0,72924.8,Up,Up,1,0,4.773178121934881,1996504.644475975,238.15294522099998,7555.384008855734,1.0,1996504.644475975,22800.338774683554,1.0,1,1,1,0,72896.1,-1.1438894271850586,-3.9363356515533896,3.9363356515533896,1,0.8246781391761127,72906.3,-1.1038641929626465,-2.5371817258785128,2.5371817258785128,1,0.5315497685324233,72905.7,-0.4307737350463867,-2.6194794791514324,2.6194794791514324,1,0.548791478598663
btc-updown-5m-1780334400,0x5d9082205bc4773edf439b4d61ff414127632b552d903ced5c3a5e5ea722b966,kraken,XBTUSD,2026-06-01T17:20:00Z,2026-06-01T17:25:00Z,Up,71435.46032837729,71446.41952565665,1.5341396596283168,5.0,all,71445.0,71437.8,Up,Up,1,0,-1.0078189965607447,5039.4895875600005,270.909102435,3.3188548273841314,0.9285714285714286,5036.900685312,-9.860656288970652,1.0,1,0,0,0,,-5.204527378082275,,,,,,-4.865753412246704,,,,,71437.8,-0.3844010829925537,0.0,-0.0,0,
btc-updown-5m-1780508100,0x4f8544d31f72834cbad36a8039dd3dd17a097b8ed763fefb8b257592e8ac4da7,kraken,XBTUSD,2026-06-03T17:35:00Z,2026-06-03T17:40:00Z,Up,66069.83017300989,66078.62247827272,1.3307594767246462,5.0,all,66079.0,66079.0,Up,Up,1,0,0.0,3161.8030816950004,98.8019470335,6.200824530103162,1.0,3148.585501695,7.93691433370194,1.0,1,0,0,0,66060.1,-0.14986491203308105,-2.8606218944851842,2.8606218944851842,0,,66070.1,-0.9151694774627686,-1.3469633941434436,1.3469633941434436,0,,66081.8,-0.09720253944396973,0.42372624869486253,-0.42372624869486253,0,
btc-updown-5m-1780545000,0x4abdc9aa9f22070e71f54fbb19462135d2d78113f21a4816aa6b1281f09fa7c8,kraken,XBTUSD,2026-06-04T03:50:00Z,2026-06-04T03:55:00Z,Up,64299.64327491604,64319.60462,3.104425478476605,5.0,all,64307.3,64307.2,Up,Up,1,0,-0.01555034618993615,10918.33113101,118.7289259875,7.766987624119581,1.0,10661.10233101,48.0173904779818,1.0,1,0,0,0,64307.3,-1.609767198562622,0.015550346190377184,-0.015550346190377184,0,,,-2.8750247955322266,,,,,,-2.1926329135894775,,,,
btc-updown-5m-1780606200,0x3e58336da2c1551f24d346f748f77cbd0e8098f4d65afc05a51ce860f0350f0b,kraken,XBTUSD,2026-06-04T20:50:00Z,2026-06-04T20:55:00Z,Up,63474.2212327656,63503.00734720149,4.535087453901814,5.0,all,63499.9,63500.0,Up,Up,1,0,0.015748043896731827,8713.064834810999,247.8321703085,7.442996420744438,1.0,8083.072166927,8.738769124650457,1.0,1,1,1,0,63501.7,-0.1254103183746338,0.2677129518904617,-0.2677129518904617,0,-16.999759058712037,63508.4,-0.7515840530395508,1.3227471588098152,-1.3227471588098152,0,-83.99437844368235,,-3.7188568115234375,,,,
btc-updown-5m-1780682100,0x7fcba4126ca6632d2cbb36e25635e783ffe02350fd61c6531bb2c7936a69cc70,kraken,XBTUSD,2026-06-05T17:55:00Z,2026-06-05T18:00:00Z,Up,60745.68327799259,60765.65378199052,3.287559365583078,5.0,all,60746.7,60746.9,Up,Up,1,0,0.03292354494448134,25007.061410776,1077.752783824,4.068571168569682,0.9444444444444444,24992.938971464002,-4.889550908535791,1.0,1,1,1,0,60749.8,-0.31294870376586914,0.4773792210910623,-0.4773792210910623,0,-14.499630033644989,60781.5,-0.048494577407836914,5.694142428414923,-5.694142428414923,0,-172.9504656323279,60787.8,-1.4009239673614502,6.7305883083598825,-6.7305883083598825,0,-204.4308509217221
btc-updown-5m-1778428800,0xd5bffdb8c1d32d5d941869f79fa6c17ebbeafe1e1c461ece857f83977611e086,kraken,XBTUSD,2026-05-10T16:00:00Z,2026-05-10T16:05:00Z,Up,81400.096654781,81401.4493879142,0.16618323427030232,5.0,non_thin,81383.3,81408.4,Down,Up,0,1,3.0836953233972992,694094.6813730199,1002.827813312,13.439737650166107,1.0,694094.6813730199,-14.090511976380256,1.0,1,1,0,1,,-6.547091245651245,,,,,,-16.547091245651245,,,,,,-2.257573366165161,,,,
btc-updown-5m-1778453700,0x0cfa4e0858bfce896f61f174c55b31635b3fba8f457623ce062ac45043999db4,kraken,XBTUSD,2026-05-10T22:55:00Z,2026-05-10T23:00:00Z,Up,82018.97703464617,82027.80688622549,1.0765620224188002,5.0,non_thin,82000.0,82002.2,Down,Down,0,0,0.2682890839417946,3125.497397725,108.1989234,1.1012435808626966,0.9166666666666666,3035.565694655,1.1045608552110828,0.9166666666666666,1,1,0,0,82100.0,-0.24097180366516113,11.919402857351526,-11.919402857351526,0,-44.427461163263146,82228.1,-0.12080264091491699,27.51016620798092,-27.51016620798092,0,-102.53926773237355,82101.3,-0.3467738628387451,12.07774508728872,-12.07774508728872,0,-45.01765375556238
btc-updown-5m-1778768400,0x6c188ff4a876a1b941645f2006024d077d9f90f092502c178456e5fcb98c4b55,kraken,XBTUSD,2026-05-14T14:20:00Z,2026-05-14T14:25:00Z,Down,80198.59995276581,80179.58,2.3716065837824547,5.0,non_thin,80200.0,80200.1,Up,Up,0,0,-0.012468820156579541,85721.81012427,714.5048081415,8.24647847004645,1.0,85682.88099573,-113.81258905153385,1.0,1,0,0,0,80200.0,-0.1646711826324463,0.012468820157274138,-0.012468820157274138,0,,,-3.045901298522949,,,,,,-3.1300394535064697,,,,
btc-updown-5m-1778862600,0x31659165fd620a42977ecac99034a5ff7f4e980704d08dc8618c4c749552433b,kraken,XBTUSD,2026-05-15T16:30:00Z,2026-05-15T16:35:00Z,Up,79278.10639584683,79289.0248027567,1.3772285194796337,5.0,non_thin,79304.3,79304.3,Up,Up,1,0,0.0,6497.119768735,282.63463095699996,6.432533441816509,1.0,6497.119768735,-51.54153886066589,1.0,1,0,0,0,,-2.0779478549957275,,,,,79282.2,-1.1106979846954346,-2.7871225032478675,2.7871225032478675,0,,79282.2,-0.3683781623840332,-2.7871225032478675,2.7871225032478675,0,
btc-updown-5m-1779044400,0xaa905cce36a3d58161dc26fc9f4f6701915bbd025a18f8d92575ccfd14449795,kraken,XBTUSD,2026-05-17T19:00:00Z,2026-05-17T19:05:00Z,Up,78228.53960646893,78233.18267496041,0.5935261625537616,5.0,non_thin,78226.4,78240.6,Down,Up,0,1,1.8150792229667365,323363.701054074,113.181508354,22.47694739779798,1.0,323363.701054074,22.82477536700752,1.0,1,1,0,1,78239.7,-0.07797360420227051,-0.11503045431544771,0.11503045431544771,1,0.06337489452798159,78223.6,-0.06816530227661133,-2.173021057455892,2.173021057455892,1,1.1972045241662244,,-7.988178491592407,,,,
btc-updown-5m-1779202200,0x3ec9294742f00250999db0e2d3d66fe9f15866651774207ac81e38cfa9643a07,kraken,XBTUSD,2026-05-19T14:50:00Z,2026-05-19T14:55:00Z,Up,76190.71041469702,76198.253286018,0.989998817431813,5.0,non_thin,76188.0,76196.9,Down,Up,0,1,1.1680947403723347,462242.622764376,339.83277134100007,97.70476216053824,1.0,394512.165229058,122.9142274583114,1.0,1,1,0,1,,-3.575042486190796,,,,,76200.0,-0.12512564659118652,0.40683242250058804,-0.40683242250058804,0,-0.3482871794893183,,-5.894663095474243,,,,
btc-updown-5m-1779458100,0x10bcec2b5e331faf904a9da6572914ad62c363fbc625d920485030a679b4f7c7,kraken,XBTUSD,2026-05-22T13:55:00Z,2026-05-22T14:00:00Z,Up,77158.66378941352,77195.76257724424,4.80811693836132,5.0,non_thin,77180.0,77181.0,Up,Up,1,0,0.12956640602306094,48831.10235536,108.911038582,138.47671005562924,1.0,48831.10235536,159.95055446964264,1.0,1,1,1,0,77149.5,-0.7403738498687744,-4.082148433060801,4.082148433060801,1,31.506225713586883,77120.0,-0.5387113094329834,-7.906624477849414,7.906624477849414,1,61.02372305088211,77138.8,-1.3204915523529053,-5.469162226997598,5.469162226997598,1,42.2112675258135
btc-updown-5m-1779976500,0x3da6cbe0c13d0174ae6c29e1c0bc0873cedc2b561fdf1a89918e7a1d2c8fd2c2,kraken,XBTUSD,2026-05-28T13:55:00Z,2026-05-28T14:00:00Z,Up,72862.89012713075,72895.2001483991,4.4343590011286995,5.0,non_thin,72890.0,72924.8,Up,Up,1,0,4.773178121934881,1996504.644475975,238.15294522099998,7555.384008855734,1.0,1996504.644475975,22800.338774683554,1.0,1,1,1,0,72896.1,-1.1438894271850586,-3.9363356515533896,3.9363356515533896,1,0.8246781391761127,72906.3,-1.1038641929626465,-2.5371817258785128,2.5371817258785128,1,0.5315497685324233,72905.7,-0.4307737350463867,-2.6194794791514324,2.6194794791514324,1,0.548791478598663
btc-updown-5m-1780334400,0x5d9082205bc4773edf439b4d61ff414127632b552d903ced5c3a5e5ea722b966,kraken,XBTUSD,2026-06-01T17:20:00Z,2026-06-01T17:25:00Z,Up,71435.46032837729,71446.41952565665,1.5341396596283168,5.0,non_thin,71445.0,71437.8,Up,Up,1,0,-1.0078189965607447,5039.4895875600005,270.909102435,3.3188548273841314,0.9285714285714286,5036.900685312,-9.860656288970652,1.0,1,0,0,0,,-5.204527378082275,,,,,,-4.865753412246704,,,,,71437.8,-0.3844010829925537,0.0,-0.0,0,
btc-updown-5m-1780508100,0x4f8544d31f72834cbad36a8039dd3dd17a097b8ed763fefb8b257592e8ac4da7,kraken,XBTUSD,2026-06-03T17:35:00Z,2026-06-03T17:40:00Z,Up,66069.83017300989,66078.62247827272,1.3307594767246462,5.0,non_thin,66079.0,66079.0,Up,Up,1,0,0.0,3161.8030816950004,98.8019470335,6.200824530103162,1.0,3148.585501695,7.93691433370194,1.0,1,0,0,0,66060.1,-0.14986491203308105,-2.8606218944851842,2.8606218944851842,0,,66070.1,-0.9151694774627686,-1.3469633941434436,1.3469633941434436,0,,66081.8,-0.09720253944396973,0.42372624869486253,-0.42372624869486253,0,
btc-updown-5m-1780545000,0x4abdc9aa9f22070e71f54fbb19462135d2d78113f21a4816aa6b1281f09fa7c8,kraken,XBTUSD,2026-06-04T03:50:00Z,2026-06-04T03:55:00Z,Up,64299.64327491604,64319.60462,3.104425478476605,5.0,non_thin,64307.3,64307.2,Up,Up,1,0,-0.01555034618993615,10918.33113101,118.7289259875,7.766987624119581,1.0,10661.10233101,48.0173904779818,1.0,1,0,0,0,64307.3,-1.609767198562622,0.015550346190377184,-0.015550346190377184,0,,,-2.8750247955322266,,,,,,-2.1926329135894775,,,,
btc-updown-5m-1780606200,0x3e58336da2c1551f24d346f748f77cbd0e8098f4d65afc05a51ce860f0350f0b,kraken,XBTUSD,2026-06-04T20:50:00Z,2026-06-04T20:55:00Z,Up,63474.2212327656,63503.00734720149,4.535087453901814,5.0,non_thin,63499.9,63500.0,Up,Up,1,0,0.015748043896731827,8713.064834810999,247.8321703085,7.442996420744438,1.0,8083.072166927,8.738769124650457,1.0,1,1,1,0,63501.7,-0.1254103183746338,0.2677129518904617,-0.2677129518904617,0,-16.999759058712037,63508.4,-0.7515840530395508,1.3227471588098152,-1.3227471588098152,0,-83.99437844368235,,-3.7188568115234375,,,,
btc-updown-5m-1780682100,0x7fcba4126ca6632d2cbb36e25635e783ffe02350fd61c6531bb2c7936a69cc70,kraken,XBTUSD,2026-06-05T17:55:00Z,2026-06-05T18:00:00Z,Up,60745.68327799259,60765.65378199052,3.287559365583078,5.0,non_thin,60746.7,60746.9,Up,Up,1,0,0.03292354494448134,25007.061410776,1077.752783824,4.068571168569682,0.9444444444444444,24992.938971464002,-4.889550908535791,1.0,1,1,1,0,60749.8,-0.31294870376586914,0.4773792210910623,-0.4773792210910623,0,-14.499630033644989,60781.5,-0.048494577407836914,5.694142428414923,-5.694142428414923,0,-172.9504656323279,60787.8,-1.4009239673614502,6.7305883083598825,-6.7305883083598825,0,-204.4308509217221
btc-updown-5m-1778333100,0xab7212afe6f7b3f1384cf329f7220328ed8ab3cae5354505267a6ffb6a79327c,kraken,XBTUSD,2026-05-09T13:25:00Z,2026-05-09T13:30:00Z,Down,80348.46797,80343.80256167382,0.5806468304938773,5.0,thin,80344.6,80337.0,Down,Down,1,0,0.9459701677938351,287684.81695722,11.167405307500001,7.063798332944449,1.0,287154.873292294,7.226279440797581,1.0,1,1,1,0,80337.0,-0.7120108604431152,-0.0,0.0,0,0.0,,-9.811948776245117,,,,,80348.0,-1.7948243618011475,-1.3691383784654267,1.3691383784654267,1,1.4473377967705816
btc-updown-5m-1778429400,0x6148e2de694e685f35b05a5aff9d83343eb3337cf1dbaf26949f81d533056740,kraken,XBTUSD,2026-05-10T16:10:00Z,2026-05-10T16:15:00Z,Up,81445.92387166618,81458.75710731294,1.5756756184605822,5.0,thin,81447.3,81474.1,Up,Up,1,0,3.289930020455171,167313.255236022,32.619544317,6.685267679770148,0.9375,158689.56550889398,6.344209271866442,0.9375,1,1,1,0,81464.6,-1.305511236190796,-1.1660827060435366,1.1660827060435366,1,0.35443997252020754,,-7.720180034637451,,,,,81464.6,-1.4779434204101562,-1.1660827060435366,1.1660827060435366,1,0.35443997252020754
btc-updown-5m-1779818700,0xea21f68e60cc4720cbb5fd88cde20c1da837873dc45c6e82d514032973bc4318,kraken,XBTUSD,2026-05-26T18:05:00Z,2026-05-26T18:10:00Z,Up,75876.43076,75883.17471,0.8888069631708225,5.0,thin,75882.7,75882.7,Up,Up,1,0,0.0,59291.307274216,39.024308116,5.549357887715006,0.9285714285714286,59208.167262352,5.605674923442444,0.9285714285714286,1,0,0,0,,-2.1692471504211426,,,,,,-2.326876163482666,,,,,75850.1,-0.40793681144714355,-4.297027472188547,4.297027472188547,0,
btc-updown-5m-1777740000,0x2a04eb0430c049b77cf7aa46477c1f4eb50d861baf09f37d779ca2628eb550ee,kraken,XBTUSD,2026-05-02T16:40:00Z,2026-05-02T16:45:00Z,Down,78463.3606,78416.31046,5.996447213096638,10.0,all,78443.0,78426.5,Down,Down,1,0,2.1036594189243196,5494.562225301999,7.721731471,4.441649877308072,0.9090909090909091,4901.676279898,-5.284003354305239,1.0,1,1,1,0,78426.4,-1.7336268424987793,0.01275080027238763,-0.01275080027238763,0,-0.006061247442282075,,-2.165755033493042,,,,,,-10.309718608856201,,,,
btc-updown-5m-1777993200,0x9bdee0ec9f1a17c609c9dd90baf11375cc22bba7c58f044293274bbf88956bdb,kraken,XBTUSD,2026-05-05T15:00:00Z,2026-05-05T15:05:00Z,Up,81330.75989411211,81410.87693848638,9.850767960188946,10.0,all,81389.0,81389.0,Up,Up,1,0,0.0,56928.940824139994,335.843948585,3.7186492748272775,0.9285714285714286,56928.940824139994,4.296215616525134,0.9285714285714286,1,0,0,0,81396.5,-1.5857579708099365,0.921457992917405,-0.921457992917405,0,,,-5.445195436477661,,,,,,-2.1105635166168213,,,,
btc-updown-5m-1778100900,0xe8a90582c89cfbac38a39bca831d010a5885ca8a25061bcab0e3f0e4b2cfc2e3,kraken,XBTUSD,2026-05-06T20:55:00Z,2026-05-06T21:00:00Z,Up,81366.56935682119,81419.4810622789,6.502880221687944,10.0,all,81425.0,81427.8,Up,Up,1,0,0.3438688189917792,1224.386032128,90.668281099,14.331652607899423,1.0,1101.1645995,33.83723875190766,1.0,1,1,1,0,81427.9,-0.4404160976409912,0.012280810557090922,-0.012280810557090922,0,-0.035713649737414886,81431.2,-0.11418008804321289,0.4175390982993726,-0.4175390982993726,0,-1.2142394868007926,,-4.664934873580933,,,,
btc-updown-5m-1778333100,0xab7212afe6f7b3f1384cf329f7220328ed8ab3cae5354505267a6ffb6a79327c,kraken,XBTUSD,2026-05-09T13:25:00Z,2026-05-09T13:30:00Z,Down,80348.46797,80343.80256167382,0.5806468304938773,10.0,all,80344.6,80337.0,Down,Down,1,0,0.9459701677938351,287684.81695722,11.167405307500001,6.076530741818708,1.0,287154.873292294,6.174769379821138,1.0,1,1,1,0,80337.0,-0.7120108604431152,-0.0,0.0,0,0.0,,-9.811948776245117,,,,,80348.0,-1.7948243618011475,-1.3691383784654267,1.3691383784654267,1,1.4473377967705816
btc-updown-5m-1778424900,0xf2bdff2b69007781eb7965142980441826f94e7004d63431976ac327c3df5c31,kraken,XBTUSD,2026-05-10T14:55:00Z,2026-05-10T15:00:00Z,Up,80974.37281182881,80975.91472120865,0.19041942855477126,10.0,all,80957.0,80980.6,Down,Up,0,1,2.9147029679444985,558000.074704078,26.9519262185,13.516367275924965,1.0,558000.074704078,13.52115544495995,1.0,1,1,0,1,80980.6,-0.22460484504699707,0.0,-0.0,0,-0.0,,-3.5468640327453613,,,,,80980.5,-1.1651582717895508,-0.012348644212169895,0.012348644212169895,1,0.004236673289861294
btc-updown-5m-1778428800,0xd5bffdb8c1d32d5d941869f79fa6c17ebbeafe1e1c461ece857f83977611e086,kraken,XBTUSD,2026-05-10T16:00:00Z,2026-05-10T16:05:00Z,Up,81400.096654781,81401.4493879142,0.16618323427030232,10.0,all,81383.3,81408.4,Down,Up,0,1,3.0836953233972992,694094.6813730199,1002.827813312,13.439737650166107,1.0,694094.6813730199,-14.090511976380256,1.0,1,1,0,1,,-6.547091245651245,,,,,,-16.547091245651245,,,,,,-2.257573366165161,,,,
btc-updown-5m-1778429400,0x6148e2de694e685f35b05a5aff9d83343eb3337cf1dbaf26949f81d533056740,kraken,XBTUSD,2026-05-10T16:10:00Z,2026-05-10T16:15:00Z,Up,81445.92387166618,81458.75710731294,1.5756756184605822,10.0,all,81447.3,81474.1,Up,Up,1,0,3.289930020455171,167313.255236022,32.619544317,6.685267679770148,0.9375,158689.56550889398,6.344209271866442,0.9375,1,1,1,0,81464.6,-1.305511236190796,-1.1660827060435366,1.1660827060435366,1,0.35443997252020754,,-7.720180034637451,,,,,81464.6,-1.4779434204101562,-1.1660827060435366,1.1660827060435366,1,0.35443997252020754
btc-updown-5m-1778510400,0x487afddfaf4f2af839452abee0119db7355ddee133d7f5423aabcf5c44791354,kraken,XBTUSD,2026-05-11T14:40:00Z,2026-05-11T14:45:00Z,Down,80831.97218270352,80764.62273464708,8.332030784082729,10.0,all,80779.8,80779.7,Down,Down,1,0,0.012379340120412299,525.177751053,50.053731463999995,3.1219814976549647,0.9230769230769231,525.177751053,11.536758988474652,0.9230769230769231,1,1,1,0,,-4.952366828918457,,,,,,-14.952366828918457,,,,,,-2.4500975608825684,,,,
btc-updown-5m-1778768400,0x6c188ff4a876a1b941645f2006024d077d9f90f092502c178456e5fcb98c4b55,kraken,XBTUSD,2026-05-14T14:20:00Z,2026-05-14T14:25:00Z,Down,80198.59995276581,80179.58,2.3716065837824547,10.0,all,80200.0,80200.1,Up,Up,0,0,-0.012468820156579541,85721.81012427,486.01450273300003,8.933685009216989,1.0,85682.88099573,-123.29697147249499,1.0,1,0,0,0,80200.0,-0.1646711826324463,0.012468820157274138,-0.012468820157274138,0,,,-3.045901298522949,,,,,,-3.1300394535064697,,,,
btc-updown-5m-1778862600,0x31659165fd620a42977ecac99034a5ff7f4e980704d08dc8618c4c749552433b,kraken,XBTUSD,2026-05-15T16:30:00Z,2026-05-15T16:35:00Z,Up,79278.10639584683,79289.0248027567,1.3772285194796337,10.0,all,79304.3,79304.3,Up,Up,1,0,0.0,6497.119768735,82.221112154,8.156898353177663,1.0,6497.119768735,-83.93992840585057,1.0,1,0,0,0,,-2.0779478549957275,,,,,79282.2,-1.1106979846954346,-2.7871225032478675,2.7871225032478675,0,,79282.2,-0.3683781623840332,-2.7871225032478675,2.7871225032478675,0,
btc-updown-5m-1779044400,0xaa905cce36a3d58161dc26fc9f4f6701915bbd025a18f8d92575ccfd14449795,kraken,XBTUSD,2026-05-17T19:00:00Z,2026-05-17T19:05:00Z,Up,78228.53960646893,78233.18267496041,0.5935261625537616,10.0,all,78226.4,78240.6,Down,Up,0,1,1.8150792229667365,323363.701054074,113.181508354,22.47694739779798,1.0,323363.701054074,22.82477536700752,1.0,1,1,0,1,78239.7,-0.07797360420227051,-0.11503045431544771,0.11503045431544771,1,0.06337489452798159,78223.6,-0.06816530227661133,-2.173021057455892,2.173021057455892,1,1.1972045241662244,,-7.988178491592407,,,,
btc-updown-5m-1779202200,0x3ec9294742f00250999db0e2d3d66fe9f15866651774207ac81e38cfa9643a07,kraken,XBTUSD,2026-05-19T14:50:00Z,2026-05-19T14:55:00Z,Up,76190.71041469702,76198.253286018,0.989998817431813,10.0,all,76188.0,76196.9,Down,Up,0,1,1.1680947403723347,462242.622764376,340.35649391000004,119.57769520277957,1.0,394512.165229058,359.3549533722491,1.0,1,1,0,1,,-3.575042486190796,,,,,76200.0,-0.12512564659118652,0.40683242250058804,-0.40683242250058804,0,-0.3482871794893183,,-5.894663095474243,,,,
btc-updown-5m-1779458100,0x10bcec2b5e331faf904a9da6572914ad62c363fbc625d920485030a679b4f7c7,kraken,XBTUSD,2026-05-22T13:55:00Z,2026-05-22T14:00:00Z,Up,77158.66378941352,77195.76257724424,4.80811693836132,10.0,all,77180.0,77181.0,Up,Up,1,0,0.12956640602306094,48831.10235536,108.911038582,138.47671005562924,1.0,48831.10235536,159.95055446964264,1.0,1,1,1,0,77149.5,-0.7403738498687744,-4.082148433060801,4.082148433060801,1,31.506225713586883,77120.0,-0.5387113094329834,-7.906624477849414,7.906624477849414,1,61.02372305088211,77138.8,-1.3204915523529053,-5.469162226997598,5.469162226997598,1,42.2112675258135
btc-updown-5m-1779786300,0x29a657b1675847d1c7fcae652af464355c67f6749c0edb9a13c89e0852b5a2d6,kraken,XBTUSD,2026-05-26T09:05:00Z,2026-05-26T09:10:00Z,Down,76628.05419,76584.27807500001,5.712805246423551,10.0,all,76600.1,76600.1,Down,Down,1,0,-0.0,38319.998741054,25.0803851605,109.34913973165625,1.0,38299.999986946,136.94985759342805,1.0,1,0,0,0,76600.0,-0.25404953956604004,0.013054821766287536,-0.013054821766287536,0,,76600.0,-0.21650195121765137,0.013054821766287536,-0.013054821766287536,0,,76600.0,-0.6248207092285156,0.013054821766287536,-0.013054821766287536,0,
btc-updown-5m-1779818700,0xea21f68e60cc4720cbb5fd88cde20c1da837873dc45c6e82d514032973bc4318,kraken,XBTUSD,2026-05-26T18:05:00Z,2026-05-26T18:10:00Z,Up,75876.43076,75883.17471,0.8888069631708225,10.0,all,75882.7,75882.7,Up,Up,1,0,0.0,59291.307274216,228.02810223400002,6.0893432153449965,0.9375,59208.167262352,6.280024466750712,0.9375,1,0,0,0,,-2.1692471504211426,,,,,,-2.326876163482666,,,,,75850.1,-0.40793681144714355,-4.297027472188547,4.297027472188547,0,
btc-updown-5m-1779976500,0x3da6cbe0c13d0174ae6c29e1c0bc0873cedc2b561fdf1a89918e7a1d2c8fd2c2,kraken,XBTUSD,2026-05-28T13:55:00Z,2026-05-28T14:00:00Z,Up,72862.89012713075,72895.2001483991,4.4343590011286995,10.0,all,72890.0,72924.8,Up,Up,1,0,4.773178121934881,1996504.644475975,238.15294522099998,7555.384008855734,1.0,1996504.644475975,22800.338774683554,1.0,1,1,1,0,72896.1,-1.1438894271850586,-3.9363356515533896,3.9363356515533896,1,0.8246781391761127,72906.3,-1.1038641929626465,-2.5371817258785128,2.5371817258785128,1,0.5315497685324233,72905.7,-0.4307737350463867,-2.6194794791514324,2.6194794791514324,1,0.548791478598663
btc-updown-5m-1779992100,0x3a9f3c14d820242110859ba5ca5ccc63a99f1930bc6d2534304b189fde3a18fb,kraken,XBTUSD,2026-05-28T18:15:00Z,2026-05-28T18:20:00Z,Down,73526.77501,73496.90078765758,4.063039938628701,10.0,all,73500.1,73500.1,Down,Down,1,0,-0.0,49749.026569724,263.072066585,59.659582620897936,1.0,49279.031650276,299.83126039891516,1.0,1,0,0,0,73500.1,-0.5395770072937012,-0.0,0.0,0,,,-3.7521443367004395,,,,,,-8.109289169311523,,,,
btc-updown-5m-1780309200,0x2d0e37bffd2560b79a72f1fec089d95229a6078f006669b7d447c60551dec905,kraken,XBTUSD,2026-06-01T10:20:00Z,2026-06-01T10:25:00Z,Down,72655.07198788176,72614.32985048502,5.607610904787579,10.0,all,72606.6,72612.5,Down,Down,1,0,-0.8125652897226703,56125.899155005,342.589113877,39.81197724467217,1.0,52666.804560444994,-42.19403056939667,1.0,1,0,0,0,72609.5,-0.6847658157348633,0.4131605404724653,-0.4131605404724653,0,,,-6.007158517837524,,,,,,-2.1554861068725586,,,,
btc-updown-5m-1780334400,0x5d9082205bc4773edf439b4d61ff414127632b552d903ced5c3a5e5ea722b966,kraken,XBTUSD,2026-06-01T17:20:00Z,2026-06-01T17:25:00Z,Up,71435.46032837729,71446.41952565665,1.5341396596283168,10.0,all,71445.0,71437.8,Up,Up,1,0,-1.0078189965607447,5039.4895875600005,270.909102435,3.3188548273841314,0.9285714285714286,5036.900685312,-9.860656288970652,1.0,1,0,0,0,,-5.204527378082275,,,,,,-4.865753412246704,,,,,71437.8,-0.3844010829925537,0.0,-0.0,0,
btc-updown-5m-1780422300,0xfb99c692c89e0359fda2c19923d7b5c23bced4e98b8c2da271ae175a0dd42c5c,kraken,XBTUSD,2026-06-02T17:45:00Z,2026-06-02T17:50:00Z,Down,67388.1058909325,67348.80772824497,5.831617043982538,10.0,all,67349.3,67347.1,Down,Down,1,0,0.32666054923455956,59230.187768817,558.524959888,8.450157839403362,1.0,56067.881831183,13.002118302190874,1.0,1,1,1,0,,-3.400099754333496,,,,,,-5.125370264053345,,,,,67349.3,-1.2019107341766357,-0.32666054923298726,0.32666054923298726,1,0.9999999999951867
btc-updown-5m-1780543500,0x609b196d7b7aff9c47016c56cd24a50792758ae9243ab3cf337ccff52a7ec326,kraken,XBTUSD,2026-06-04T03:25:00Z,2026-06-04T03:30:00Z,Up,63833.88412143455,63845.87180525809,1.8779499302801497,10.0,all,63849.1,63851.9,Up,Up,1,0,0.4385243655805889,9947.894900513,963.4311674855,5.323800408632843,0.9411764705882353,9947.894900513,-68.34122128459254,1.0,1,1,1,0,63840.1,-0.22685456275939941,-1.8481972298328033,1.8481972298328033,1,4.214582757302125,63912.4,-0.3242061138153076,9.470564863885393,-9.470564863885393,0,-21.59643934800918,,-4.582662105560303,,,,
btc-updown-5m-1780545000,0x4abdc9aa9f22070e71f54fbb19462135d2d78113f21a4816aa6b1281f09fa7c8,kraken,XBTUSD,2026-06-04T03:50:00Z,2026-06-04T03:55:00Z,Up,64299.64327491604,64319.60462,3.104425478476605,10.0,all,64307.3,64307.2,Up,Up,1,0,-0.01555034618993615,10918.33113101,491.79004164500003,8.596096098581599,1.0,10661.10233101,66.91625082308738,1.0,1,0,0,0,64307.3,-1.609767198562622,0.015550346190377184,-0.015550346190377184,0,,,-2.8750247955322266,,,,,,-2.1926329135894775,,,,
btc-updown-5m-1780585800,0x4083b4e37f45c60de22e5c44ee75324d3a89253824ee7ac2903201607dfc5773,kraken,XBTUSD,2026-06-04T15:10:00Z,2026-06-04T15:15:00Z,Up,64262.36500497954,64303.31364362535,6.372102651783105,10.0,all,64281.0,64297.5,Up,Up,1,0,2.5665255218515597,125406.903518115,1204.308262419,5.94421176313713,0.9285714285714286,124915.533890425,6.525570044222314,0.9285714285714286,1,1,1,0,64262.6,-0.4687662124633789,-5.429367409845384,5.429367409845384,1,2.115454283863304,64326.6,-1.450998067855835,4.524813078807588,-4.524813078807588,0,-1.763011137151392,64276.6,-0.7475683689117432,-3.251043590284584,3.251043590284584,1,1.2667100181178774
btc-updown-5m-1780606200,0x3e58336da2c1551f24d346f748f77cbd0e8098f4d65afc05a51ce860f0350f0b,kraken,XBTUSD,2026-06-04T20:50:00Z,2026-06-04T20:55:00Z,Up,63474.2212327656,63503.00734720149,4.535087453901814,10.0,all,63499.9,63500.0,Up,Up,1,0,0.015748043896731827,8713.064834810999,245.664637444,7.741990601357306,1.0,8083.072166927,9.102195287335581,1.0,1,1,1,0,63501.7,-0.1254103183746338,0.2677129518904617,-0.2677129518904617,0,-16.999759058712037,63508.4,-0.7515840530395508,1.3227471588098152,-1.3227471588098152,0,-83.99437844368235,,-3.7188568115234375,,,,
btc-updown-5m-1780625400,0xd4b0e8f1c00e921d8cd73ea29d6f5fcc6ccf973da5b0b567fafa3004249ca8de,kraken,XBTUSD,2026-06-05T02:10:00Z,2026-06-05T02:15:00Z,Down,63153.04845525378,63110.476905204734,6.741012681155254,10.0,all,63112.4,63112.3,Down,Down,1,0,0.01584475938517418,5186.055120271,160.026226555,0.742442703066314,0.9375,5178.498041495,0.777659571416049,0.9375,1,1,1,0,,-3.43015456199646,,,,,,-4.2396039962768555,,,,,63151.4,-0.5770876407623291,-6.19338752940565,6.19338752940565,1,390.87924144816964
btc-updown-5m-1780682100,0x7fcba4126ca6632d2cbb36e25635e783ffe02350fd61c6531bb2c7936a69cc70,kraken,XBTUSD,2026-06-05T17:55:00Z,2026-06-05T18:00:00Z,Up,60745.68327799259,60765.65378199052,3.287559365583078,10.0,all,60746.7,60746.9,Up,Up,1,0,0.03292354494448134,25007.061410776,1077.752783824,4.860012148084342,0.9583333333333334,24992.938971464002,-6.589366786365327,1.0,1,1,1,0,60749.8,-0.31294870376586914,0.4773792210910623,-0.4773792210910623,0,-14.499630033644989,60781.5,-0.048494577407836914,5.694142428414923,-5.694142428414923,0,-172.9504656323279,60787.8,-1.4009239673614502,6.7305883083598825,-6.7305883083598825,0,-204.4308509217221
btc-updown-5m-1780917900,0x8840b0184539dba346372d131bc2e89f60116ea0670881f9ae3d2adcbe526212,kraken,XBTUSD,2026-06-08T11:25:00Z,2026-06-08T11:30:00Z,Up,63521.49581009351,63561.05326259787,6.227411996502466,10.0,all,63553.9,63562.7,Up,Up,1,0,1.3845555991991714,43899.675379287,1035.2002860769999,6.1638096774716,0.9166666666666666,43899.675379287,18.020197630421084,0.9166666666666666,1,1,1,0,63584.7,-1.5870683193206787,3.460550545201303,-3.460550545201303,0,-2.4993944246102426,,-11.587068319320679,,,,,,-4.708159923553467,,,,
btc-updown-5m-1777993200,0x9bdee0ec9f1a17c609c9dd90baf11375cc22bba7c58f044293274bbf88956bdb,kraken,XBTUSD,2026-05-05T15:00:00Z,2026-05-05T15:05:00Z,Up,81330.75989411211,81410.87693848638,9.850767960188946,10.0,non_thin,81389.0,81389.0,Up,Up,1,0,0.0,56928.940824139994,335.843948585,3.7186492748272775,0.9285714285714286,56928.940824139994,4.296215616525134,0.9285714285714286,1,0,0,0,81396.5,-1.5857579708099365,0.921457992917405,-0.921457992917405,0,,,-5.445195436477661,,,,,,-2.1105635166168213,,,,
btc-updown-5m-1778100900,0xe8a90582c89cfbac38a39bca831d010a5885ca8a25061bcab0e3f0e4b2cfc2e3,kraken,XBTUSD,2026-05-06T20:55:00Z,2026-05-06T21:00:00Z,Up,81366.56935682119,81419.4810622789,6.502880221687944,10.0,non_thin,81425.0,81427.8,Up,Up,1,0,0.3438688189917792,1224.386032128,90.668281099,14.331652607899423,1.0,1101.1645995,33.83723875190766,1.0,1,1,1,0,81427.9,-0.4404160976409912,0.012280810557090922,-0.012280810557090922,0,-0.035713649737414886,81431.2,-0.11418008804321289,0.4175390982993726,-0.4175390982993726,0,-1.2142394868007926,,-4.664934873580933,,,,
btc-updown-5m-1778428800,0xd5bffdb8c1d32d5d941869f79fa6c17ebbeafe1e1c461ece857f83977611e086,kraken,XBTUSD,2026-05-10T16:00:00Z,2026-05-10T16:05:00Z,Up,81400.096654781,81401.4493879142,0.16618323427030232,10.0,non_thin,81383.3,81408.4,Down,Up,0,1,3.0836953233972992,694094.6813730199,1002.827813312,13.439737650166107,1.0,694094.6813730199,-14.090511976380256,1.0,1,1,0,1,,-6.547091245651245,,,,,,-16.547091245651245,,,,,,-2.257573366165161,,,,
btc-updown-5m-1778768400,0x6c188ff4a876a1b941645f2006024d077d9f90f092502c178456e5fcb98c4b55,kraken,XBTUSD,2026-05-14T14:20:00Z,2026-05-14T14:25:00Z,Down,80198.59995276581,80179.58,2.3716065837824547,10.0,non_thin,80200.0,80200.1,Up,Up,0,0,-0.012468820156579541,85721.81012427,486.01450273300003,8.933685009216989,1.0,85682.88099573,-123.29697147249499,1.0,1,0,0,0,80200.0,-0.1646711826324463,0.012468820157274138,-0.012468820157274138,0,,,-3.045901298522949,,,,,,-3.1300394535064697,,,,
btc-updown-5m-1778862600,0x31659165fd620a42977ecac99034a5ff7f4e980704d08dc8618c4c749552433b,kraken,XBTUSD,2026-05-15T16:30:00Z,2026-05-15T16:35:00Z,Up,79278.10639584683,79289.0248027567,1.3772285194796337,10.0,non_thin,79304.3,79304.3,Up,Up,1,0,0.0,6497.119768735,82.221112154,8.156898353177663,1.0,6497.119768735,-83.93992840585057,1.0,1,0,0,0,,-2.0779478549957275,,,,,79282.2,-1.1106979846954346,-2.7871225032478675,2.7871225032478675,0,,79282.2,-0.3683781623840332,-2.7871225032478675,2.7871225032478675,0,
btc-updown-5m-1779044400,0xaa905cce36a3d58161dc26fc9f4f6701915bbd025a18f8d92575ccfd14449795,kraken,XBTUSD,2026-05-17T19:00:00Z,2026-05-17T19:05:00Z,Up,78228.53960646893,78233.18267496041,0.5935261625537616,10.0,non_thin,78226.4,78240.6,Down,Up,0,1,1.8150792229667365,323363.701054074,113.181508354,22.47694739779798,1.0,323363.701054074,22.82477536700752,1.0,1,1,0,1,78239.7,-0.07797360420227051,-0.11503045431544771,0.11503045431544771,1,0.06337489452798159,78223.6,-0.06816530227661133,-2.173021057455892,2.173021057455892,1,1.1972045241662244,,-7.988178491592407,,,,
btc-updown-5m-1779202200,0x3ec9294742f00250999db0e2d3d66fe9f15866651774207ac81e38cfa9643a07,kraken,XBTUSD,2026-05-19T14:50:00Z,2026-05-19T14:55:00Z,Up,76190.71041469702,76198.253286018,0.989998817431813,10.0,non_thin,76188.0,76196.9,Down,Up,0,1,1.1680947403723347,462242.622764376,340.35649391000004,119.57769520277957,1.0,394512.165229058,359.3549533722491,1.0,1,1,0,1,,-3.575042486190796,,,,,76200.0,-0.12512564659118652,0.40683242250058804,-0.40683242250058804,0,-0.3482871794893183,,-5.894663095474243,,,,
btc-updown-5m-1779458100,0x10bcec2b5e331faf904a9da6572914ad62c363fbc625d920485030a679b4f7c7,kraken,XBTUSD,2026-05-22T13:55:00Z,2026-05-22T14:00:00Z,Up,77158.66378941352,77195.76257724424,4.80811693836132,10.0,non_thin,77180.0,77181.0,Up,Up,1,0,0.12956640602306094,48831.10235536,108.911038582,138.47671005562924,1.0,48831.10235536,159.95055446964264,1.0,1,1,1,0,77149.5,-0.7403738498687744,-4.082148433060801,4.082148433060801,1,31.506225713586883,77120.0,-0.5387113094329834,-7.906624477849414,7.906624477849414,1,61.02372305088211,77138.8,-1.3204915523529053,-5.469162226997598,5.469162226997598,1,42.2112675258135
btc-updown-5m-1779818700,0xea21f68e60cc4720cbb5fd88cde20c1da837873dc45c6e82d514032973bc4318,kraken,XBTUSD,2026-05-26T18:05:00Z,2026-05-26T18:10:00Z,Up,75876.43076,75883.17471,0.8888069631708225,10.0,non_thin,75882.7,75882.7,Up,Up,1,0,0.0,59291.307274216,228.02810223400002,6.0893432153449965,0.9375,59208.167262352,6.280024466750712,0.9375,1,0,0,0,,-2.1692471504211426,,,,,,-2.326876163482666,,,,,75850.1,-0.40793681144714355,-4.297027472188547,4.297027472188547,0,
btc-updown-5m-1779976500,0x3da6cbe0c13d0174ae6c29e1c0bc0873cedc2b561fdf1a89918e7a1d2c8fd2c2,kraken,XBTUSD,2026-05-28T13:55:00Z,2026-05-28T14:00:00Z,Up,72862.89012713075,72895.2001483991,4.4343590011286995,10.0,non_thin,72890.0,72924.8,Up,Up,1,0,4.773178121934881,1996504.644475975,238.15294522099998,7555.384008855734,1.0,1996504.644475975,22800.338774683554,1.0,1,1,1,0,72896.1,-1.1438894271850586,-3.9363356515533896,3.9363356515533896,1,0.8246781391761127,72906.3,-1.1038641929626465,-2.5371817258785128,2.5371817258785128,1,0.5315497685324233,72905.7,-0.4307737350463867,-2.6194794791514324,2.6194794791514324,1,0.548791478598663
btc-updown-5m-1779992100,0x3a9f3c14d820242110859ba5ca5ccc63a99f1930bc6d2534304b189fde3a18fb,kraken,XBTUSD,2026-05-28T18:15:00Z,2026-05-28T18:20:00Z,Down,73526.77501,73496.90078765758,4.063039938628701,10.0,non_thin,73500.1,73500.1,Down,Down,1,0,-0.0,49749.026569724,263.072066585,59.659582620897936,1.0,49279.031650276,299.83126039891516,1.0,1,0,0,0,73500.1,-0.5395770072937012,-0.0,0.0,0,,,-3.7521443367004395,,,,,,-8.109289169311523,,,,
btc-updown-5m-1780309200,0x2d0e37bffd2560b79a72f1fec089d95229a6078f006669b7d447c60551dec905,kraken,XBTUSD,2026-06-01T10:20:00Z,2026-06-01T10:25:00Z,Down,72655.07198788176,72614.32985048502,5.607610904787579,10.0,non_thin,72606.6,72612.5,Down,Down,1,0,-0.8125652897226703,56125.899155005,342.589113877,39.81197724467217,1.0,52666.804560444994,-42.19403056939667,1.0,1,0,0,0,72609.5,-0.6847658157348633,0.4131605404724653,-0.4131605404724653,0,,,-6.007158517837524,,,,,,-2.1554861068725586,,,,
btc-updown-5m-1780334400,0x5d9082205bc4773edf439b4d61ff414127632b552d903ced5c3a5e5ea722b966,kraken,XBTUSD,2026-06-01T17:20:00Z,2026-06-01T17:25:00Z,Up,71435.46032837729,71446.41952565665,1.5341396596283168,10.0,non_thin,71445.0,71437.8,Up,Up,1,0,-1.0078189965607447,5039.4895875600005,270.909102435,3.3188548273841314,0.9285714285714286,5036.900685312,-9.860656288970652,1.0,1,0,0,0,,-5.204527378082275,,,,,,-4.865753412246704,,,,,71437.8,-0.3844010829925537,0.0,-0.0,0,
btc-updown-5m-1780422300,0xfb99c692c89e0359fda2c19923d7b5c23bced4e98b8c2da271ae175a0dd42c5c,kraken,XBTUSD,2026-06-02T17:45:00Z,2026-06-02T17:50:00Z,Down,67388.1058909325,67348.80772824497,5.831617043982538,10.0,non_thin,67349.3,67347.1,Down,Down,1,0,0.32666054923455956,59230.187768817,558.524959888,8.450157839403362,1.0,56067.881831183,13.002118302190874,1.0,1,1,1,0,,-3.400099754333496,,,,,,-5.125370264053345,,,,,67349.3,-1.2019107341766357,-0.32666054923298726,0.32666054923298726,1,0.9999999999951867
btc-updown-5m-1780543500,0x609b196d7b7aff9c47016c56cd24a50792758ae9243ab3cf337ccff52a7ec326,kraken,XBTUSD,2026-06-04T03:25:00Z,2026-06-04T03:30:00Z,Up,63833.88412143455,63845.87180525809,1.8779499302801497,10.0,non_thin,63849.1,63851.9,Up,Up,1,0,0.4385243655805889,9947.894900513,963.4311674855,5.323800408632843,0.9411764705882353,9947.894900513,-68.34122128459254,1.0,1,1,1,0,63840.1,-0.22685456275939941,-1.8481972298328033,1.8481972298328033,1,4.214582757302125,63912.4,-0.3242061138153076,9.470564863885393,-9.470564863885393,0,-21.59643934800918,,-4.582662105560303,,,,
btc-updown-5m-1780545000,0x4abdc9aa9f22070e71f54fbb19462135d2d78113f21a4816aa6b1281f09fa7c8,kraken,XBTUSD,2026-06-04T03:50:00Z,2026-06-04T03:55:00Z,Up,64299.64327491604,64319.60462,3.104425478476605,10.0,non_thin,64307.3,64307.2,Up,Up,1,0,-0.01555034618993615,10918.33113101,491.79004164500003,8.596096098581599,1.0,10661.10233101,66.91625082308738,1.0,1,0,0,0,64307.3,-1.609767198562622,0.015550346190377184,-0.015550346190377184,0,,,-2.8750247955322266,,,,,,-2.1926329135894775,,,,
btc-updown-5m-1780585800,0x4083b4e37f45c60de22e5c44ee75324d3a89253824ee7ac2903201607dfc5773,kraken,XBTUSD,2026-06-04T15:10:00Z,2026-06-04T15:15:00Z,Up,64262.36500497954,64303.31364362535,6.372102651783105,10.0,non_thin,64281.0,64297.5,Up,Up,1,0,2.5665255218515597,125406.903518115,1204.308262419,5.94421176313713,0.9285714285714286,124915.533890425,6.525570044222314,0.9285714285714286,1,1,1,0,64262.6,-0.4687662124633789,-5.429367409845384,5.429367409845384,1,2.115454283863304,64326.6,-1.450998067855835,4.524813078807588,-4.524813078807588,0,-1.763011137151392,64276.6,-0.7475683689117432,-3.251043590284584,3.251043590284584,1,1.2667100181178774
btc-updown-5m-1780606200,0x3e58336da2c1551f24d346f748f77cbd0e8098f4d65afc05a51ce860f0350f0b,kraken,XBTUSD,2026-06-04T20:50:00Z,2026-06-04T20:55:00Z,Up,63474.2212327656,63503.00734720149,4.535087453901814,10.0,non_thin,63499.9,63500.0,Up,Up,1,0,0.015748043896731827,8713.064834810999,245.664637444,7.741990601357306,1.0,8083.072166927,9.102195287335581,1.0,1,1,1,0,63501.7,-0.1254103183746338,0.2677129518904617,-0.2677129518904617,0,-16.999759058712037,63508.4,-0.7515840530395508,1.3227471588098152,-1.3227471588098152,0,-83.99437844368235,,-3.7188568115234375,,,,
btc-updown-5m-1780625400,0xd4b0e8f1c00e921d8cd73ea29d6f5fcc6ccf973da5b0b567fafa3004249ca8de,kraken,XBTUSD,2026-06-05T02:10:00Z,2026-06-05T02:15:00Z,Down,63153.04845525378,63110.476905204734,6.741012681155254,10.0,non_thin,63112.4,63112.3,Down,Down,1,0,0.01584475938517418,5186.055120271,160.026226555,0.742442703066314,0.9375,5178.498041495,0.777659571416049,0.9375,1,1,1,0,,-3.43015456199646,,,,,,-4.2396039962768555,,,,,63151.4,-0.5770876407623291,-6.19338752940565,6.19338752940565,1,390.87924144816964
btc-updown-5m-1780682100,0x7fcba4126ca6632d2cbb36e25635e783ffe02350fd61c6531bb2c7936a69cc70,kraken,XBTUSD,2026-06-05T17:55:00Z,2026-06-05T18:00:00Z,Up,60745.68327799259,60765.65378199052,3.287559365583078,10.0,non_thin,60746.7,60746.9,Up,Up,1,0,0.03292354494448134,25007.061410776,1077.752783824,4.860012148084342,0.9583333333333334,24992.938971464002,-6.589366786365327,1.0,1,1,1,0,60749.8,-0.31294870376586914,0.4773792210910623,-0.4773792210910623,0,-14.499630033644989,60781.5,-0.048494577407836914,5.694142428414923,-5.694142428414923,0,-172.9504656323279,60787.8,-1.4009239673614502,6.7305883083598825,-6.7305883083598825,0,-204.4308509217221
btc-updown-5m-1780917900,0x8840b0184539dba346372d131bc2e89f60116ea0670881f9ae3d2adcbe526212,kraken,XBTUSD,2026-06-08T11:25:00Z,2026-06-08T11:30:00Z,Up,63521.49581009351,63561.05326259787,6.227411996502466,10.0,non_thin,63553.9,63562.7,Up,Up,1,0,1.3845555991991714,43899.675379287,1035.2002860769999,6.1638096774716,0.9166666666666666,43899.675379287,18.020197630421084,0.9166666666666666,1,1,1,0,63584.7,-1.5870683193206787,3.460550545201303,-3.460550545201303,0,-2.4993944246102426,,-11.587068319320679,,,,,,-4.708159923553467,,,,
btc-updown-5m-1777740000,0x2a04eb0430c049b77cf7aa46477c1f4eb50d861baf09f37d779ca2628eb550ee,kraken,XBTUSD,2026-05-02T16:40:00Z,2026-05-02T16:45:00Z,Down,78463.3606,78416.31046,5.996447213096638,10.0,thin,78443.0,78426.5,Down,Down,1,0,2.1036594189243196,5494.562225301999,7.721731471,4.441649877308072,0.9090909090909091,4901.676279898,-5.284003354305239,1.0,1,1,1,0,78426.4,-1.7336268424987793,0.01275080027238763,-0.01275080027238763,0,-0.006061247442282075,,-2.165755033493042,,,,,,-10.309718608856201,,,,
btc-updown-5m-1778333100,0xab7212afe6f7b3f1384cf329f7220328ed8ab3cae5354505267a6ffb6a79327c,kraken,XBTUSD,2026-05-09T13:25:00Z,2026-05-09T13:30:00Z,Down,80348.46797,80343.80256167382,0.5806468304938773,10.0,thin,80344.6,80337.0,Down,Down,1,0,0.9459701677938351,287684.81695722,11.167405307500001,6.076530741818708,1.0,287154.873292294,6.174769379821138,1.0,1,1,1,0,80337.0,-0.7120108604431152,-0.0,0.0,0,0.0,,-9.811948776245117,,,,,80348.0,-1.7948243618011475,-1.3691383784654267,1.3691383784654267,1,1.4473377967705816
btc-updown-5m-1778424900,0xf2bdff2b69007781eb7965142980441826f94e7004d63431976ac327c3df5c31,kraken,XBTUSD,2026-05-10T14:55:00Z,2026-05-10T15:00:00Z,Up,80974.37281182881,80975.91472120865,0.19041942855477126,10.0,thin,80957.0,80980.6,Down,Up,0,1,2.9147029679444985,558000.074704078,26.9519262185,13.516367275924965,1.0,558000.074704078,13.52115544495995,1.0,1,1,0,1,80980.6,-0.22460484504699707,0.0,-0.0,0,-0.0,,-3.5468640327453613,,,,,80980.5,-1.1651582717895508,-0.012348644212169895,0.012348644212169895,1,0.004236673289861294
btc-updown-5m-1778429400,0x6148e2de694e685f35b05a5aff9d83343eb3337cf1dbaf26949f81d533056740,kraken,XBTUSD,2026-05-10T16:10:00Z,2026-05-10T16:15:00Z,Up,81445.92387166618,81458.75710731294,1.5756756184605822,10.0,thin,81447.3,81474.1,Up,Up,1,0,3.289930020455171,167313.255236022,32.619544317,6.685267679770148,0.9375,158689.56550889398,6.344209271866442,0.9375,1,1,1,0,81464.6,-1.305511236190796,-1.1660827060435366,1.1660827060435366,1,0.35443997252020754,,-7.720180034637451,,,,,81464.6,-1.4779434204101562,-1.1660827060435366,1.1660827060435366,1,0.35443997252020754
btc-updown-5m-1778510400,0x487afddfaf4f2af839452abee0119db7355ddee133d7f5423aabcf5c44791354,kraken,XBTUSD,2026-05-11T14:40:00Z,2026-05-11T14:45:00Z,Down,80831.97218270352,80764.62273464708,8.332030784082729,10.0,thin,80779.8,80779.7,Down,Down,1,0,0.012379340120412299,525.177751053,50.053731463999995,3.1219814976549647,0.9230769230769231,525.177751053,11.536758988474652,0.9230769230769231,1,1,1,0,,-4.952366828918457,,,,,,-14.952366828918457,,,,,,-2.4500975608825684,,,,
btc-updown-5m-1779786300,0x29a657b1675847d1c7fcae652af464355c67f6749c0edb9a13c89e0852b5a2d6,kraken,XBTUSD,2026-05-26T09:05:00Z,2026-05-26T09:10:00Z,Down,76628.05419,76584.27807500001,5.712805246423551,10.0,thin,76600.1,76600.1,Down,Down,1,0,-0.0,38319.998741054,25.0803851605,109.34913973165625,1.0,38299.999986946,136.94985759342805,1.0,1,0,0,0,76600.0,-0.25404953956604004,0.013054821766287536,-0.013054821766287536,0,,76600.0,-0.21650195121765137,0.013054821766287536,-0.013054821766287536,0,,76600.0,-0.6248207092285156,0.013054821766287536,-0.013054821766287536,0,
btc-updown-5m-1777740000,0x2a04eb0430c049b77cf7aa46477c1f4eb50d861baf09f37d779ca2628eb550ee,kraken,XBTUSD,2026-05-02T16:40:00Z,2026-05-02T16:45:00Z,Down,78463.3606,78416.31046,5.996447213096638,20.0,all,78443.0,78426.5,Down,Down,1,0,2.1036594189243196,5494.562225301999,7.721731471,4.441649877308072,0.9090909090909091,4901.676279898,-5.284003354305239,1.0,1,1,1,0,78426.4,-1.7336268424987793,0.01275080027238763,-0.01275080027238763,0,-0.006061247442282075,,-2.165755033493042,,,,,,-10.309718608856201,,,,
btc-updown-5m-1777988100,0x1088a3abc4bd52189d7823bcabd41956930fb54b9a8a647f3bef447ce5cffa18,kraken,XBTUSD,2026-05-05T13:35:00Z,2026-05-05T13:40:00Z,Down,81475.02390167485,81359.19480739524,14.216515532342743,20.0,all,81400.1,81381.4,Down,Down,1,0,2.297558393585814,16422.802379384,3834.2489910339996,1.9882316253258352,0.9333333333333333,3805.897842891999,-1.9589353483588223,0.9666666666666667,1,1,1,0,,-2.283461570739746,,,,,81305.1,-1.5997240543365479,9.38000456022245,-9.38000456022245,0,-4.082596806422411,81278.3,-0.30103611946105957,12.67677412498039,-12.67677412498039,0,-5.517498123386395
btc-updown-5m-1777993200,0x9bdee0ec9f1a17c609c9dd90baf11375cc22bba7c58f044293274bbf88956bdb,kraken,XBTUSD,2026-05-05T15:00:00Z,2026-05-05T15:05:00Z,Up,81330.75989411211,81410.87693848638,9.850767960188946,20.0,all,81389.0,81389.0,Up,Up,1,0,0.0,56928.940824139994,335.843948585,3.7186492748272775,0.9285714285714286,56928.940824139994,4.296215616525134,0.9285714285714286,1,0,0,0,81396.5,-1.5857579708099365,0.921457992917405,-0.921457992917405,0,,,-5.445195436477661,,,,,,-2.1105635166168213,,,,
btc-updown-5m-1778100900,0xe8a90582c89cfbac38a39bca831d010a5885ca8a25061bcab0e3f0e4b2cfc2e3,kraken,XBTUSD,2026-05-06T20:55:00Z,2026-05-06T21:00:00Z,Up,81366.56935682119,81419.4810622789,6.502880221687944,20.0,all,81425.0,81427.8,Up,Up,1,0,0.3438688189917792,1224.386032128,90.668281099,14.331652607899423,1.0,1101.1645995,33.83723875190766,1.0,1,1,1,0,81427.9,-0.4404160976409912,0.012280810557090922,-0.012280810557090922,0,-0.035713649737414886,81431.2,-0.11418008804321289,0.4175390982993726,-0.4175390982993726,0,-1.2142394868007926,,-4.664934873580933,,,,
btc-updown-5m-1778333100,0xab7212afe6f7b3f1384cf329f7220328ed8ab3cae5354505267a6ffb6a79327c,kraken,XBTUSD,2026-05-09T13:25:00Z,2026-05-09T13:30:00Z,Down,80348.46797,80343.80256167382,0.5806468304938773,20.0,all,80344.6,80337.0,Down,Down,1,0,0.9459701677938351,287684.81695722,11.167405307500001,6.076530741818708,1.0,287154.873292294,6.174769379821138,1.0,1,1,1,0,80337.0,-0.7120108604431152,-0.0,0.0,0,0.0,,-9.811948776245117,,,,,80348.0,-1.7948243618011475,-1.3691383784654267,1.3691383784654267,1,1.4473377967705816
btc-updown-5m-1778424900,0xf2bdff2b69007781eb7965142980441826f94e7004d63431976ac327c3df5c31,kraken,XBTUSD,2026-05-10T14:55:00Z,2026-05-10T15:00:00Z,Up,80974.37281182881,80975.91472120865,0.19041942855477126,20.0,all,80957.0,80980.6,Down,Up,0,1,2.9147029679444985,558000.074704078,26.9519262185,13.516367275924965,1.0,558000.074704078,13.52115544495995,1.0,1,1,0,1,80980.6,-0.22460484504699707,0.0,-0.0,0,-0.0,,-3.5468640327453613,,,,,80980.5,-1.1651582717895508,-0.012348644212169895,0.012348644212169895,1,0.004236673289861294
btc-updown-5m-1778428800,0xd5bffdb8c1d32d5d941869f79fa6c17ebbeafe1e1c461ece857f83977611e086,kraken,XBTUSD,2026-05-10T16:00:00Z,2026-05-10T16:05:00Z,Up,81400.096654781,81401.4493879142,0.16618323427030232,20.0,all,81383.3,81408.4,Down,Up,0,1,3.0836953233972992,694094.6813730199,1002.827813312,13.439737650166107,1.0,694094.6813730199,-14.090511976380256,1.0,1,1,0,1,,-6.547091245651245,,,,,,-16.547091245651245,,,,,,-2.257573366165161,,,,
btc-updown-5m-1778429400,0x6148e2de694e685f35b05a5aff9d83343eb3337cf1dbaf26949f81d533056740,kraken,XBTUSD,2026-05-10T16:10:00Z,2026-05-10T16:15:00Z,Up,81445.92387166618,81458.75710731294,1.5756756184605822,20.0,all,81447.3,81474.1,Up,Up,1,0,3.289930020455171,167313.255236022,32.619544317,6.685267679770148,0.9375,158689.56550889398,6.344209271866442,0.9375,1,1,1,0,81464.6,-1.305511236190796,-1.1660827060435366,1.1660827060435366,1,0.35443997252020754,,-7.720180034637451,,,,,81464.6,-1.4779434204101562,-1.1660827060435366,1.1660827060435366,1,0.35443997252020754
btc-updown-5m-1778510400,0x487afddfaf4f2af839452abee0119db7355ddee133d7f5423aabcf5c44791354,kraken,XBTUSD,2026-05-11T14:40:00Z,2026-05-11T14:45:00Z,Down,80831.97218270352,80764.62273464708,8.332030784082729,20.0,all,80779.8,80779.7,Down,Down,1,0,0.012379340120412299,525.177751053,50.053731463999995,3.1219814976549647,0.9230769230769231,525.177751053,11.536758988474652,0.9230769230769231,1,1,1,0,,-4.952366828918457,,,,,,-14.952366828918457,,,,,,-2.4500975608825684,,,,
btc-updown-5m-1778536200,0x2bb7d4b14c6ea5348e9412f3c352e041cbe64124bcbf7a52b9db0d508d3a2482,kraken,XBTUSD,2026-05-11T21:50:00Z,2026-05-11T21:55:00Z,Up,81718.82510288434,81807.85042999999,10.89410267506552,20.0,all,81789.4,81800.0,Up,Up,1,0,1.2959274885593377,57742.100079999,34.723560849500004,36.07642005789037,1.0,57742.100079999,-109.29487621556781,1.0,1,1,1,0,81805.6,-1.549997091293335,0.6845731444643683,-0.6845731444643683,0,-0.5282495745386168,81812.8,-0.0950155258178711,1.5646697600811579,-1.5646697600811579,0,-1.2073744664684725,81833.6,-1.398303508758545,4.106736082592718,-4.106736082592718,0,-3.1689551451355604
btc-updown-5m-1778768400,0x6c188ff4a876a1b941645f2006024d077d9f90f092502c178456e5fcb98c4b55,kraken,XBTUSD,2026-05-14T14:20:00Z,2026-05-14T14:25:00Z,Down,80198.59995276581,80179.58,2.3716065837824547,20.0,all,80200.0,80200.1,Up,Up,0,0,-0.012468820156579541,85721.81012427,486.01450273300003,8.933685009216989,1.0,85682.88099573,-123.29697147249499,1.0,1,0,0,0,80200.0,-0.1646711826324463,0.012468820157274138,-0.012468820157274138,0,,,-3.045901298522949,,,,,,-3.1300394535064697,,,,
btc-updown-5m-1778862600,0x31659165fd620a42977ecac99034a5ff7f4e980704d08dc8618c4c749552433b,kraken,XBTUSD,2026-05-15T16:30:00Z,2026-05-15T16:35:00Z,Up,79278.10639584683,79289.0248027567,1.3772285194796337,20.0,all,79304.3,79304.3,Up,Up,1,0,0.0,6497.119768735,82.221112154,8.156898353177663,1.0,6497.119768735,-83.93992840585057,1.0,1,0,0,0,,-2.0779478549957275,,,,,79282.2,-1.1106979846954346,-2.7871225032478675,2.7871225032478675,0,,79282.2,-0.3683781623840332,-2.7871225032478675,2.7871225032478675,0,
btc-updown-5m-1779044400,0xaa905cce36a3d58161dc26fc9f4f6701915bbd025a18f8d92575ccfd14449795,kraken,XBTUSD,2026-05-17T19:00:00Z,2026-05-17T19:05:00Z,Up,78228.53960646893,78233.18267496041,0.5935261625537616,20.0,all,78226.4,78240.6,Down,Up,0,1,1.8150792229667365,323363.701054074,113.181508354,22.47694739779798,1.0,323363.701054074,22.82477536700752,1.0,1,1,0,1,78239.7,-0.07797360420227051,-0.11503045431544771,0.11503045431544771,1,0.06337489452798159,78223.6,-0.06816530227661133,-2.173021057455892,2.173021057455892,1,1.1972045241662244,,-7.988178491592407,,,,
btc-updown-5m-1779202200,0x3ec9294742f00250999db0e2d3d66fe9f15866651774207ac81e38cfa9643a07,kraken,XBTUSD,2026-05-19T14:50:00Z,2026-05-19T14:55:00Z,Up,76190.71041469702,76198.253286018,0.989998817431813,20.0,all,76188.0,76196.9,Down,Up,0,1,1.1680947403723347,462242.622764376,340.35649391000004,119.57769520277957,1.0,394512.165229058,359.3549533722491,1.0,1,1,0,1,,-3.575042486190796,,,,,76200.0,-0.12512564659118652,0.40683242250058804,-0.40683242250058804,0,-0.3482871794893183,,-5.894663095474243,,,,
btc-updown-5m-1779287700,0x5e09eaee4c81e566a957a9d79796dcca9cf908715720ae39dd92d28c4d311d89,kraken,XBTUSD,2026-05-20T14:35:00Z,2026-05-20T14:40:00Z,Down,77304.68944462783,77223.66425314466,10.481277664430987,20.0,all,77226.9,77226.1,Down,Down,1,0,0.10359138378599392,50150.16765920001,810.357883002,10.615176188096907,1.0,50150.16765920001,11.729923110269976,1.0,1,1,1,0,77221.8,-0.5076436996459961,0.5568220741253366,-0.5568220741253366,0,-5.375177488464265,77227.1,-0.4430115222930908,-0.12948906206111926,0.12948906206111926,1,1.2499983814158377,,-3.43517804145813,,,,
btc-updown-5m-1779311700,0x5980acf4e2b70340cae658de5e85ec338120a849cfaff59b23aad29c92e1b4c3,kraken,XBTUSD,2026-05-20T21:15:00Z,2026-05-20T21:20:00Z,Down,77679.52781880362,77591.55927395588,11.32454680375196,20.0,all,77600.0,77599.9,Down,Down,1,0,0.012886606241971259,458.1785817469999,0.0,8.907789830214766,1.0,364.7730137469999,-105.19010878057624,0.9411764705882353,1,1,1,0,77598.1,-0.47526049613952637,0.23196175209354336,-0.23196175209354336,0,-18.00022036353151,77581.5,-1.0817766189575195,2.371418235203974,-2.371418235203974,0,-184.0219364723306,,-16.08177661895752,,,,
btc-updown-5m-1779458100,0x10bcec2b5e331faf904a9da6572914ad62c363fbc625d920485030a679b4f7c7,kraken,XBTUSD,2026-05-22T13:55:00Z,2026-05-22T14:00:00Z,Up,77158.66378941352,77195.76257724424,4.80811693836132,20.0,all,77180.0,77181.0,Up,Up,1,0,0.12956640602306094,48831.10235536,108.911038582,138.47671005562924,1.0,48831.10235536,159.95055446964264,1.0,1,1,1,0,77149.5,-0.7403738498687744,-4.082148433060801,4.082148433060801,1,31.506225713586883,77120.0,-0.5387113094329834,-7.906624477849414,7.906624477849414,1,61.02372305088211,77138.8,-1.3204915523529053,-5.469162226997598,5.469162226997598,1,42.2112675258135
btc-updown-5m-1779661800,0x38180706f0bef5a7843f8fc935c0f0fec0834a43ce0951782c51f96825bc6515,kraken,XBTUSD,2026-05-24T22:30:00Z,2026-05-24T22:35:00Z,Up,76752.916695,76759.20698068917,0.8195500523004126,20.0,all,76763.2,76763.3,Up,Up,1,0,0.013027066988676292,330.410868493,55.796247614,0.859346758916385,0.9090909090909091,330.410868493,1.2925118799465574,0.9090909090909091,1,1,1,0,,-2.272895574569702,,,,,,-12.272895574569702,,,,,,-2.853093385696411,,,,
btc-updown-5m-1779786300,0x29a657b1675847d1c7fcae652af464355c67f6749c0edb9a13c89e0852b5a2d6,kraken,XBTUSD,2026-05-26T09:05:00Z,2026-05-26T09:10:00Z,Down,76628.05419,76584.27807500001,5.712805246423551,20.0,all,76600.1,76600.1,Down,Down,1,0,-0.0,38319.998741054,25.0803851605,109.34913973165625,1.0,38299.999986946,136.94985759342805,1.0,1,0,0,0,76600.0,-0.25404953956604004,0.013054821766287536,-0.013054821766287536,0,,76600.0,-0.21650195121765137,0.013054821766287536,-0.013054821766287536,0,,76600.0,-0.6248207092285156,0.013054821766287536,-0.013054821766287536,0,
btc-updown-5m-1779816300,0x78470c7223b457c6e11b0000df3d6084df8f57a97910c2984b07da36d1e2d3ca,kraken,XBTUSD,2026-05-26T17:25:00Z,2026-05-26T17:30:00Z,Down,76088.12939193197,75975.97543009707,14.740007768780485,20.0,all,76000.0,76000.0,Down,Down,1,0,-0.0,519949.636971579,2484.2857761580003,9.341340968634677,1.0,519749.63662842097,9.446156934749663,1.0,1,0,0,0,75884.0,-0.10328292846679688,15.274817960321538,-15.274817960321538,0,,75824.1,-0.3896665573120117,23.171562183302935,-23.171562183302935,0,,75941.7,-0.7146012783050537,7.673996389547553,-7.673996389547553,0,
btc-updown-5m-1779818700,0xea21f68e60cc4720cbb5fd88cde20c1da837873dc45c6e82d514032973bc4318,kraken,XBTUSD,2026-05-26T18:05:00Z,2026-05-26T18:10:00Z,Up,75876.43076,75883.17471,0.8888069631708225,20.0,all,75882.7,75882.7,Up,Up,1,0,0.0,59291.307274216,228.02810223400002,6.0893432153449965,0.9375,59208.167262352,6.280024466750712,0.9375,1,0,0,0,,-2.1692471504211426,,,,,,-2.326876163482666,,,,,75850.1,-0.40793681144714355,-4.297027472188547,4.297027472188547,0,
btc-updown-5m-1779904500,0xee3986f10b051a14e994e3f387a39232bcf53e925739d5ac9508a3737ec3f46d,kraken,XBTUSD,2026-05-27T17:55:00Z,2026-05-27T18:00:00Z,Down,74767.52121307701,74730.9362212335,4.893166344146983,20.0,all,74741.7,74741.6,Down,Down,1,0,0.013379420977611483,22386.677252323,189.048292933,5.206647259889976,0.9411764705882353,22102.008539533,-92.64948595767355,1.0,1,1,1,0,74701.4,-0.6605045795440674,5.379977780109202,-5.379977780109202,0,-402.1084162843679,74696.7,-0.688819408416748,6.00916918234855,-6.00916918234855,0,-449.1352198577219,,-2.521975517272949,,,,
btc-updown-5m-1779971700,0x28437df6ba5e7b6ae192a8b9931be1be9b7a28931741f44837a6de60a10485b4,kraken,XBTUSD,2026-05-28T12:35:00Z,2026-05-28T12:40:00Z,Up,73357.5858617418,73367.6410692658,1.3707113457834792,20.0,all,73335.4,73350.0,Down,Down,0,0,1.9906548365702086,2452.2222064469997,399.9858478595,2.5131910355930227,0.9090909090909091,2300.5595522129997,3.116907564785828,0.9090909090909091,1,1,0,0,73361.4,-0.4705235958099365,1.5540714658767292,-1.5540714658767292,0,-0.7806835405751762,73358.6,-1.7306749820709229,1.1723920765190565,-1.1723920765190565,0,-0.5889479456614514,,-2.6716670989990234,,,,
btc-updown-5m-1779976500,0x3da6cbe0c13d0174ae6c29e1c0bc0873cedc2b561fdf1a89918e7a1d2c8fd2c2,kraken,XBTUSD,2026-05-28T13:55:00Z,2026-05-28T14:00:00Z,Up,72862.89012713075,72895.2001483991,4.4343590011286995,20.0,all,72890.0,72924.8,Up,Up,1,0,4.773178121934881,1996504.644475975,238.15294522099998,7555.384008855734,1.0,1996504.644475975,22800.338774683554,1.0,1,1,1,0,72896.1,-1.1438894271850586,-3.9363356515533896,3.9363356515533896,1,0.8246781391761127,72906.3,-1.1038641929626465,-2.5371817258785128,2.5371817258785128,1,0.5315497685324233,72905.7,-0.4307737350463867,-2.6194794791514324,2.6194794791514324,1,0.548791478598663
btc-updown-5m-1779992100,0x3a9f3c14d820242110859ba5ca5ccc63a99f1930bc6d2534304b189fde3a18fb,kraken,XBTUSD,2026-05-28T18:15:00Z,2026-05-28T18:20:00Z,Down,73526.77501,73496.90078765758,4.063039938628701,20.0,all,73500.1,73500.1,Down,Down,1,0,-0.0,49749.026569724,168.33173329250002,65.08318104097957,1.0,49279.031650276,327.08864770790746,1.0,1,0,0,0,73500.1,-0.5395770072937012,-0.0,0.0,0,,,-3.7521443367004395,,,,,,-8.109289169311523,,,,
btc-updown-5m-1779996600,0xc669b0a67f6456a3a0fc040e8c8f80c17b7296cd95bc75460d4ac30b509a6397,kraken,XBTUSD,2026-05-28T19:30:00Z,2026-05-28T19:35:00Z,Down,73447.4271380976,73363.76496413923,11.390756248147492,20.0,all,73365.2,73358.6,Down,Down,1,0,0.8996495462143285,2083.833776655,54.434472572,4.588886160935944,0.9230769230769231,1920.0811829509998,11.770466442725244,0.9230769230769231,1,1,1,0,,-3.742539644241333,,,,,,-3.042285680770874,,,,,,-2.9095561504364014,,,,
btc-updown-5m-1780073400,0xf0f12e1722c9645ee7012123a9485fb60b874eebebb81a20a1c0cff6604a8b96,kraken,XBTUSD,2026-05-29T16:50:00Z,2026-05-29T16:55:00Z,Up,73933.69680582787,73938.69795321983,0.6764368086574961,20.0,all,73940.0,73939.6,Up,Up,1,0,-0.05409806355897237,1826.6763533079998,231.85999318250003,2.774545648536624,0.9090909090909091,875.0772829399998,1.6082131903803465,0.9090909090909091,1,0,0,0,73936.3,-0.8953080177307129,-0.4463201915318506,0.4463201915318506,0,,,-9.403767585754395,,,,,,-8.915312051773071,,,,
btc-updown-5m-1780309200,0x2d0e37bffd2560b79a72f1fec089d95229a6078f006669b7d447c60551dec905,kraken,XBTUSD,2026-06-01T10:20:00Z,2026-06-01T10:25:00Z,Down,72655.07198788176,72614.32985048502,5.607610904787579,20.0,all,72606.6,72612.5,Down,Down,1,0,-0.8125652897226703,56125.899155005,342.589113877,39.81197724467217,1.0,52666.804560444994,-42.19403056939667,1.0,1,0,0,0,72609.5,-0.6847658157348633,0.4131605404724653,-0.4131605404724653,0,,,-6.007158517837524,,,,,,-2.1554861068725586,,,,
btc-updown-5m-1780327200,0x854553dd79d20ade26950d8ef2738c18d5fa0a4d813a467d92704fd02690f25b,kraken,XBTUSD,2026-06-01T15:20:00Z,2026-06-01T15:25:00Z,Down,71182.60085257844,71058.52888425291,17.430097641766054,20.0,all,71070.0,71056.5,Down,Down,1,0,1.8997161036964922,17106.14414085,431.14110738399995,8.080133774003585,1.0,16341.525098784,14.635403063191685,1.0,1,1,1,0,71074.0,-0.26125311851501465,-2.462525649095229,2.462525649095229,1,1.296259817087203,71055.1,-0.3547646999359131,0.19702825104198057,-0.19702825104198057,0,-0.10371457643518442,,-2.561171054840088,,,,
btc-updown-5m-1780334400,0x5d9082205bc4773edf439b4d61ff414127632b552d903ced5c3a5e5ea722b966,kraken,XBTUSD,2026-06-01T17:20:00Z,2026-06-01T17:25:00Z,Up,71435.46032837729,71446.41952565665,1.5341396596283168,20.0,all,71445.0,71437.8,Up,Up,1,0,-1.0078189965607447,5039.4895875600005,270.909102435,3.3188548273841314,0.9285714285714286,5036.900685312,-9.860656288970652,1.0,1,0,0,0,,-5.204527378082275,,,,,,-4.865753412246704,,,,,71437.8,-0.3844010829925537,0.0,-0.0,0,
btc-updown-5m-1780422300,0xfb99c692c89e0359fda2c19923d7b5c23bced4e98b8c2da271ae175a0dd42c5c,kraken,XBTUSD,2026-06-02T17:45:00Z,2026-06-02T17:50:00Z,Down,67388.1058909325,67348.80772824497,5.831617043982538,20.0,all,67349.3,67347.1,Down,Down,1,0,0.32666054923455956,59230.187768817,558.524959888,8.871281566931792,1.0,56067.881831183,14.994526884045797,1.0,1,1,1,0,,-3.400099754333496,,,,,,-5.125370264053345,,,,,67349.3,-1.2019107341766357,-0.32666054923298726,0.32666054923298726,1,0.9999999999951867
btc-updown-5m-1780452600,0x3b41c19711e6a4ad752b4356b5e484225079da6dc6cb579c1ea573506c696aec,kraken,XBTUSD,2026-06-03T02:10:00Z,2026-06-03T02:15:00Z,Down,66806.55691189342,66735.674479436,10.610101123891985,20.0,all,66750.1,66735.0,Down,Down,1,0,2.2624248046284396,4433.85504795,165.90356143900001,8.514175272641868,1.0,4433.85504795,-10.261144434428157,1.0,1,1,1,0,66732.5,-1.980574607849121,0.3746230356146686,-0.3746230356146686,0,-0.16558474555630295,,-3.3453421592712402,,,,,66730.6,-1.3809008598327637,0.6593459290760745,-0.6593459290760745,0,-0.2914333009995263
btc-updown-5m-1780502100,0x1f1e06666fbea702408f283fe22f627b88b2f877ba35001202657309f1818fa5,kraken,XBTUSD,2026-06-03T15:55:00Z,2026-06-03T16:00:00Z,Down,66093.696877455,65978.78083455478,17.386838432307584,20.0,all,66000.0,66000.0,Down,Down,1,0,-0.0,30810.26322,1664.6948083519999,6.104054398903255,0.9629629629629629,30810.26322,-69.76018841952019,1.0,1,0,0,0,66036.8,-0.3937239646911621,-5.574203699705968,5.574203699705968,0,,66042.5,-0.33547258377075195,-6.437321539298392,6.437321539298392,0,,66035.0,-0.12923002243041992,-5.301624693420914,5.301624693420914,0,
btc-updown-5m-1780524900,0xfe8244e55b3e4c011d456ab5913e56ac35db33882423751165698b542f90190c,kraken,XBTUSD,2026-06-03T22:15:00Z,2026-06-03T22:20:00Z,Down,65238.09671695088,65179.55542186969,8.973482984211127,20.0,all,65174.9,65174.9,Down,Down,1,0,-0.0,62316.202408749996,250.51801881749998,9.464605469133678,1.0,61516.10759125,19.906064714437406,1.0,1,0,0,0,,-5.890747308731079,,,,,65181.7,-0.7253313064575195,-1.0432920168471904,1.0432920168471904,0,,65159.9,-0.4485194683074951,2.301764389284322,-2.301764389284322,0,
btc-updown-5m-1780545000,0x4abdc9aa9f22070e71f54fbb19462135d2d78113f21a4816aa6b1281f09fa7c8,kraken,XBTUSD,2026-06-04T03:50:00Z,2026-06-04T03:55:00Z,Up,64299.64327491604,64319.60462,3.104425478476605,20.0,all,64307.3,64307.2,Up,Up,1,0,-0.01555034618993615,10918.33113101,491.79004164500003,0.8399606991839162,0.9545454545454546,10661.10233101,0.8902712665922236,0.9545454545454546,1,0,0,0,64307.3,-1.609767198562622,0.015550346190377184,-0.015550346190377184,0,,,-2.8750247955322266,,,,,,-2.1926329135894775,,,,
btc-updown-5m-1780585800,0x4083b4e37f45c60de22e5c44ee75324d3a89253824ee7ac2903201607dfc5773,kraken,XBTUSD,2026-06-04T15:10:00Z,2026-06-04T15:15:00Z,Up,64262.36500497954,64303.31364362535,6.372102651783105,20.0,all,64281.0,64297.5,Up,Up,1,0,2.5665255218515597,125406.903518115,1204.308262419,7.92636091236892,0.95,124915.533890425,9.42038942374337,0.95,1,1,1,0,64262.6,-0.4687662124633789,-5.429367409845384,5.429367409845384,1,2.115454283863304,64326.6,-1.450998067855835,4.524813078807588,-4.524813078807588,0,-1.763011137151392,64276.6,-0.7475683689117432,-3.251043590284584,3.251043590284584,1,1.2667100181178774
btc-updown-5m-1780606200,0x3e58336da2c1551f24d346f748f77cbd0e8098f4d65afc05a51ce860f0350f0b,kraken,XBTUSD,2026-06-04T20:50:00Z,2026-06-04T20:55:00Z,Up,63474.2212327656,63503.00734720149,4.535087453901814,20.0,all,63499.9,63500.0,Up,Up,1,0,0.015748043896731827,8713.064834810999,245.664637444,7.741990601357306,1.0,8083.072166927,9.102195287335581,1.0,1,1,1,0,63501.7,-0.1254103183746338,0.2677129518904617,-0.2677129518904617,0,-16.999759058712037,63508.4,-0.7515840530395508,1.3227471588098152,-1.3227471588098152,0,-83.99437844368235,,-3.7188568115234375,,,,
btc-updown-5m-1780625400,0xd4b0e8f1c00e921d8cd73ea29d6f5fcc6ccf973da5b0b567fafa3004249ca8de,kraken,XBTUSD,2026-06-05T02:10:00Z,2026-06-05T02:15:00Z,Down,63153.04845525378,63110.476905204734,6.741012681155254,20.0,all,63112.4,63112.3,Down,Down,1,0,0.01584475938517418,5186.055120271,160.026226555,0.742442703066314,0.9375,5178.498041495,0.777659571416049,0.9375,1,1,1,0,,-3.43015456199646,,,,,,-4.2396039962768555,,,,,63151.4,-0.5770876407623291,-6.19338752940565,6.19338752940565,1,390.87924144816964
btc-updown-5m-1780663200,0xbef5306cec2fba03daa428ea113b28e2e6b5a01500d0369bc04c8e7f555ce216,kraken,XBTUSD,2026-06-05T12:40:00Z,2026-06-05T12:45:00Z,Up,61885.02162161517,61929.56150029209,7.197198532021694,20.0,all,61919.4,61921.3,Up,Up,1,0,0.3068458108108633,17762.480507403,1237.8604386040001,0.9002519525660672,0.9090909090909091,16741.923363027003,-1.0325595563106276,1.0,1,1,1,0,61939.5,-0.906963586807251,2.9387829129118725,-2.9387829129118725,0,-9.577392975142518,,-2.2273874282836914,,,,,,-3.7470788955688477,,,,
btc-updown-5m-1780665900,0x4144ecc009fd6382da966742f318cbbb9d19d565d6dd441841ea187640dfa18d,kraken,XBTUSD,2026-06-05T13:25:00Z,2026-06-05T13:30:00Z,Down,62082.67709321947,62074.59623588182,1.3016283633380068,20.0,all,62100.0,62087.1,Up,Up,0,0,2.0775104735351437,33705.708051025,251.235322462,7.277489543376262,0.95,27712.396349975003,-6.390374551798645,1.0,1,1,0,0,62012.4,-1.3504700660705566,12.038728443217334,-12.038728443217334,0,-5.794785921214603,61959.8,-0.48247313499450684,20.524502375818606,-20.524502375818606,0,-9.879373720265102,,-2.375213384628296,,,,
btc-updown-5m-1780670400,0x8c00cfdf71677004f34900773fe415335216438c0e64b7ab69625de33bc5d58a,kraken,XBTUSD,2026-06-05T14:40:00Z,2026-06-05T14:45:00Z,Down,60861.60174109668,60808.05319650496,8.798411980597525,20.0,all,60774.1,60791.1,Down,Down,1,0,-2.7968530649919376,63147.42045507499,6982.952527065,1.7215088829136556,0.9047619047619048,62947.53931827499,-4.658943936059685,1.0,1,0,0,0,60821.4,-0.2724292278289795,-4.9830404978061145,4.9830404978061145,0,,60875.8,-0.676119327545166,-13.923263218360617,13.923263218360617,0,,60913.7,-0.4949226379394531,-20.147116871329064,20.147116871329064,0,
btc-updown-5m-1780674900,0x6caf5ea0b127008fd192d2dfda980ae9dd57c43dee7f965989c251698f70101b,kraken,XBTUSD,2026-06-05T15:55:00Z,2026-06-05T16:00:00Z,Down,60511.53161825352,60406.072927097484,17.42786677774666,20.0,all,60437.1,60400.1,Down,Down,1,0,6.123942156278927,387185.889464183,5997.673317936,1.9721436216971338,0.9428571428571428,386296.290913919,-2.2430736524575843,1.0,1,1,1,0,,-2.0135152339935303,,,,,60339.3,-0.1901397705078125,10.071278329881915,-10.071278329881915,0,-1.6445743726621833,60274.4,-0.14105653762817383,20.83290926625807,-20.83290926625807,0,-3.4018788444789476
btc-updown-5m-1780682100,0x7fcba4126ca6632d2cbb36e25635e783ffe02350fd61c6531bb2c7936a69cc70,kraken,XBTUSD,2026-06-05T17:55:00Z,2026-06-05T18:00:00Z,Up,60745.68327799259,60765.65378199052,3.287559365583078,20.0,all,60746.7,60746.9,Up,Up,1,0,0.03292354494448134,25007.061410776,1038.783165776,5.055767425149554,0.96,24992.938971464002,-6.847291498335789,1.0,1,1,1,0,60749.8,-0.31294870376586914,0.4773792210910623,-0.4773792210910623,0,-14.499630033644989,60781.5,-0.048494577407836914,5.694142428414923,-5.694142428414923,0,-172.9504656323279,60787.8,-1.4009239673614502,6.7305883083598825,-6.7305883083598825,0,-204.4308509217221
btc-updown-5m-1780736400,0xb34fc26c0e019b3fdd0b190d8bd433baac1c6a9fe99ca71af559a1189231eb31,kraken,XBTUSD,2026-06-06T09:00:00Z,2026-06-06T09:05:00Z,Down,61223.455953394165,61173.58310709877,8.146035782978386,20.0,all,61175.2,61170.3,Down,Down,1,0,0.8010102541761714,7378.191687171001,175.8716244245,1.6624906561376553,0.9230769230769231,6907.929781829001,1.8011604981982923,0.9230769230769231,1,1,1,0,,-6.750779628753662,,,,,,-3.668025255203247,,,,,,-5.331889867782593,,,,
btc-updown-5m-1780748100,0xaabcb2b6d0f93aa878594a0be594c3566996d00014a42622af9eb1641c2f4ff8,kraken,XBTUSD,2026-06-06T12:15:00Z,2026-06-06T12:20:00Z,Down,61017.896675118915,60918.96285804301,16.213901570987677,20.0,all,60921.6,60920.0,Down,Down,1,0,0.26263607833274394,11433.085193076,163.361169142,19.876944742117974,1.0,7482.914561284,-24.519960525665912,1.0,1,1,1,0,,-2.855664014816284,,,,,,-2.2139174938201904,,,,,,-3.151616334915161,,,,
btc-updown-5m-1780917900,0x8840b0184539dba346372d131bc2e89f60116ea0670881f9ae3d2adcbe526212,kraken,XBTUSD,2026-06-08T11:25:00Z,2026-06-08T11:30:00Z,Up,63521.49581009351,63561.05326259787,6.227411996502466,20.0,all,63553.9,63562.7,Up,Up,1,0,1.3845555991991714,43899.675379287,1439.1104198535,6.550750813697497,0.9230769230769231,43899.675379287,21.222372092567653,0.9230769230769231,1,1,1,0,63584.7,-1.5870683193206787,3.460550545201303,-3.460550545201303,0,-2.4993944246102426,,-11.587068319320679,,,,,,-4.708159923553467,,,,
btc-updown-5m-1777988100,0x1088a3abc4bd52189d7823bcabd41956930fb54b9a8a647f3bef447ce5cffa18,kraken,XBTUSD,2026-05-05T13:35:00Z,2026-05-05T13:40:00Z,Down,81475.02390167485,81359.19480739524,14.216515532342743,20.0,non_thin,81400.1,81381.4,Down,Down,1,0,2.297558393585814,16422.802379384,3834.2489910339996,1.9882316253258352,0.9333333333333333,3805.897842891999,-1.9589353483588223,0.9666666666666667,1,1,1,0,,-2.283461570739746,,,,,81305.1,-1.5997240543365479,9.38000456022245,-9.38000456022245,0,-4.082596806422411,81278.3,-0.30103611946105957,12.67677412498039,-12.67677412498039,0,-5.517498123386395
btc-updown-5m-1777993200,0x9bdee0ec9f1a17c609c9dd90baf11375cc22bba7c58f044293274bbf88956bdb,kraken,XBTUSD,2026-05-05T15:00:00Z,2026-05-05T15:05:00Z,Up,81330.75989411211,81410.87693848638,9.850767960188946,20.0,non_thin,81389.0,81389.0,Up,Up,1,0,0.0,56928.940824139994,335.843948585,3.7186492748272775,0.9285714285714286,56928.940824139994,4.296215616525134,0.9285714285714286,1,0,0,0,81396.5,-1.5857579708099365,0.921457992917405,-0.921457992917405,0,,,-5.445195436477661,,,,,,-2.1105635166168213,,,,
btc-updown-5m-1778100900,0xe8a90582c89cfbac38a39bca831d010a5885ca8a25061bcab0e3f0e4b2cfc2e3,kraken,XBTUSD,2026-05-06T20:55:00Z,2026-05-06T21:00:00Z,Up,81366.56935682119,81419.4810622789,6.502880221687944,20.0,non_thin,81425.0,81427.8,Up,Up,1,0,0.3438688189917792,1224.386032128,90.668281099,14.331652607899423,1.0,1101.1645995,33.83723875190766,1.0,1,1,1,0,81427.9,-0.4404160976409912,0.012280810557090922,-0.012280810557090922,0,-0.035713649737414886,81431.2,-0.11418008804321289,0.4175390982993726,-0.4175390982993726,0,-1.2142394868007926,,-4.664934873580933,,,,
btc-updown-5m-1778428800,0xd5bffdb8c1d32d5d941869f79fa6c17ebbeafe1e1c461ece857f83977611e086,kraken,XBTUSD,2026-05-10T16:00:00Z,2026-05-10T16:05:00Z,Up,81400.096654781,81401.4493879142,0.16618323427030232,20.0,non_thin,81383.3,81408.4,Down,Up,0,1,3.0836953233972992,694094.6813730199,1002.827813312,13.439737650166107,1.0,694094.6813730199,-14.090511976380256,1.0,1,1,0,1,,-6.547091245651245,,,,,,-16.547091245651245,,,,,,-2.257573366165161,,,,
btc-updown-5m-1778768400,0x6c188ff4a876a1b941645f2006024d077d9f90f092502c178456e5fcb98c4b55,kraken,XBTUSD,2026-05-14T14:20:00Z,2026-05-14T14:25:00Z,Down,80198.59995276581,80179.58,2.3716065837824547,20.0,non_thin,80200.0,80200.1,Up,Up,0,0,-0.012468820156579541,85721.81012427,486.01450273300003,8.933685009216989,1.0,85682.88099573,-123.29697147249499,1.0,1,0,0,0,80200.0,-0.1646711826324463,0.012468820157274138,-0.012468820157274138,0,,,-3.045901298522949,,,,,,-3.1300394535064697,,,,
btc-updown-5m-1778862600,0x31659165fd620a42977ecac99034a5ff7f4e980704d08dc8618c4c749552433b,kraken,XBTUSD,2026-05-15T16:30:00Z,2026-05-15T16:35:00Z,Up,79278.10639584683,79289.0248027567,1.3772285194796337,20.0,non_thin,79304.3,79304.3,Up,Up,1,0,0.0,6497.119768735,82.221112154,8.156898353177663,1.0,6497.119768735,-83.93992840585057,1.0,1,0,0,0,,-2.0779478549957275,,,,,79282.2,-1.1106979846954346,-2.7871225032478675,2.7871225032478675,0,,79282.2,-0.3683781623840332,-2.7871225032478675,2.7871225032478675,0,
btc-updown-5m-1779044400,0xaa905cce36a3d58161dc26fc9f4f6701915bbd025a18f8d92575ccfd14449795,kraken,XBTUSD,2026-05-17T19:00:00Z,2026-05-17T19:05:00Z,Up,78228.53960646893,78233.18267496041,0.5935261625537616,20.0,non_thin,78226.4,78240.6,Down,Up,0,1,1.8150792229667365,323363.701054074,113.181508354,22.47694739779798,1.0,323363.701054074,22.82477536700752,1.0,1,1,0,1,78239.7,-0.07797360420227051,-0.11503045431544771,0.11503045431544771,1,0.06337489452798159,78223.6,-0.06816530227661133,-2.173021057455892,2.173021057455892,1,1.1972045241662244,,-7.988178491592407,,,,
btc-updown-5m-1779202200,0x3ec9294742f00250999db0e2d3d66fe9f15866651774207ac81e38cfa9643a07,kraken,XBTUSD,2026-05-19T14:50:00Z,2026-05-19T14:55:00Z,Up,76190.71041469702,76198.253286018,0.989998817431813,20.0,non_thin,76188.0,76196.9,Down,Up,0,1,1.1680947403723347,462242.622764376,340.35649391000004,119.57769520277957,1.0,394512.165229058,359.3549533722491,1.0,1,1,0,1,,-3.575042486190796,,,,,76200.0,-0.12512564659118652,0.40683242250058804,-0.40683242250058804,0,-0.3482871794893183,,-5.894663095474243,,,,
btc-updown-5m-1779287700,0x5e09eaee4c81e566a957a9d79796dcca9cf908715720ae39dd92d28c4d311d89,kraken,XBTUSD,2026-05-20T14:35:00Z,2026-05-20T14:40:00Z,Down,77304.68944462783,77223.66425314466,10.481277664430987,20.0,non_thin,77226.9,77226.1,Down,Down,1,0,0.10359138378599392,50150.16765920001,810.357883002,10.615176188096907,1.0,50150.16765920001,11.729923110269976,1.0,1,1,1,0,77221.8,-0.5076436996459961,0.5568220741253366,-0.5568220741253366,0,-5.375177488464265,77227.1,-0.4430115222930908,-0.12948906206111926,0.12948906206111926,1,1.2499983814158377,,-3.43517804145813,,,,
btc-updown-5m-1779458100,0x10bcec2b5e331faf904a9da6572914ad62c363fbc625d920485030a679b4f7c7,kraken,XBTUSD,2026-05-22T13:55:00Z,2026-05-22T14:00:00Z,Up,77158.66378941352,77195.76257724424,4.80811693836132,20.0,non_thin,77180.0,77181.0,Up,Up,1,0,0.12956640602306094,48831.10235536,108.911038582,138.47671005562924,1.0,48831.10235536,159.95055446964264,1.0,1,1,1,0,77149.5,-0.7403738498687744,-4.082148433060801,4.082148433060801,1,31.506225713586883,77120.0,-0.5387113094329834,-7.906624477849414,7.906624477849414,1,61.02372305088211,77138.8,-1.3204915523529053,-5.469162226997598,5.469162226997598,1,42.2112675258135
btc-updown-5m-1779816300,0x78470c7223b457c6e11b0000df3d6084df8f57a97910c2984b07da36d1e2d3ca,kraken,XBTUSD,2026-05-26T17:25:00Z,2026-05-26T17:30:00Z,Down,76088.12939193197,75975.97543009707,14.740007768780485,20.0,non_thin,76000.0,76000.0,Down,Down,1,0,-0.0,519949.636971579,2484.2857761580003,9.341340968634677,1.0,519749.63662842097,9.446156934749663,1.0,1,0,0,0,75884.0,-0.10328292846679688,15.274817960321538,-15.274817960321538,0,,75824.1,-0.3896665573120117,23.171562183302935,-23.171562183302935,0,,75941.7,-0.7146012783050537,7.673996389547553,-7.673996389547553,0,
btc-updown-5m-1779818700,0xea21f68e60cc4720cbb5fd88cde20c1da837873dc45c6e82d514032973bc4318,kraken,XBTUSD,2026-05-26T18:05:00Z,2026-05-26T18:10:00Z,Up,75876.43076,75883.17471,0.8888069631708225,20.0,non_thin,75882.7,75882.7,Up,Up,1,0,0.0,59291.307274216,228.02810223400002,6.0893432153449965,0.9375,59208.167262352,6.280024466750712,0.9375,1,0,0,0,,-2.1692471504211426,,,,,,-2.326876163482666,,,,,75850.1,-0.40793681144714355,-4.297027472188547,4.297027472188547,0,
btc-updown-5m-1779904500,0xee3986f10b051a14e994e3f387a39232bcf53e925739d5ac9508a3737ec3f46d,kraken,XBTUSD,2026-05-27T17:55:00Z,2026-05-27T18:00:00Z,Down,74767.52121307701,74730.9362212335,4.893166344146983,20.0,non_thin,74741.7,74741.6,Down,Down,1,0,0.013379420977611483,22386.677252323,189.048292933,5.206647259889976,0.9411764705882353,22102.008539533,-92.64948595767355,1.0,1,1,1,0,74701.4,-0.6605045795440674,5.379977780109202,-5.379977780109202,0,-402.1084162843679,74696.7,-0.688819408416748,6.00916918234855,-6.00916918234855,0,-449.1352198577219,,-2.521975517272949,,,,
btc-updown-5m-1779971700,0x28437df6ba5e7b6ae192a8b9931be1be9b7a28931741f44837a6de60a10485b4,kraken,XBTUSD,2026-05-28T12:35:00Z,2026-05-28T12:40:00Z,Up,73357.5858617418,73367.6410692658,1.3707113457834792,20.0,non_thin,73335.4,73350.0,Down,Down,0,0,1.9906548365702086,2452.2222064469997,399.9858478595,2.5131910355930227,0.9090909090909091,2300.5595522129997,3.116907564785828,0.9090909090909091,1,1,0,0,73361.4,-0.4705235958099365,1.5540714658767292,-1.5540714658767292,0,-0.7806835405751762,73358.6,-1.7306749820709229,1.1723920765190565,-1.1723920765190565,0,-0.5889479456614514,,-2.6716670989990234,,,,
btc-updown-5m-1779976500,0x3da6cbe0c13d0174ae6c29e1c0bc0873cedc2b561fdf1a89918e7a1d2c8fd2c2,kraken,XBTUSD,2026-05-28T13:55:00Z,2026-05-28T14:00:00Z,Up,72862.89012713075,72895.2001483991,4.4343590011286995,20.0,non_thin,72890.0,72924.8,Up,Up,1,0,4.773178121934881,1996504.644475975,238.15294522099998,7555.384008855734,1.0,1996504.644475975,22800.338774683554,1.0,1,1,1,0,72896.1,-1.1438894271850586,-3.9363356515533896,3.9363356515533896,1,0.8246781391761127,72906.3,-1.1038641929626465,-2.5371817258785128,2.5371817258785128,1,0.5315497685324233,72905.7,-0.4307737350463867,-2.6194794791514324,2.6194794791514324,1,0.548791478598663
btc-updown-5m-1779992100,0x3a9f3c14d820242110859ba5ca5ccc63a99f1930bc6d2534304b189fde3a18fb,kraken,XBTUSD,2026-05-28T18:15:00Z,2026-05-28T18:20:00Z,Down,73526.77501,73496.90078765758,4.063039938628701,20.0,non_thin,73500.1,73500.1,Down,Down,1,0,-0.0,49749.026569724,168.33173329250002,65.08318104097957,1.0,49279.031650276,327.08864770790746,1.0,1,0,0,0,73500.1,-0.5395770072937012,-0.0,0.0,0,,,-3.7521443367004395,,,,,,-8.109289169311523,,,,
btc-updown-5m-1780073400,0xf0f12e1722c9645ee7012123a9485fb60b874eebebb81a20a1c0cff6604a8b96,kraken,XBTUSD,2026-05-29T16:50:00Z,2026-05-29T16:55:00Z,Up,73933.69680582787,73938.69795321983,0.6764368086574961,20.0,non_thin,73940.0,73939.6,Up,Up,1,0,-0.05409806355897237,1826.6763533079998,231.85999318250003,2.774545648536624,0.9090909090909091,875.0772829399998,1.6082131903803465,0.9090909090909091,1,0,0,0,73936.3,-0.8953080177307129,-0.4463201915318506,0.4463201915318506,0,,,-9.403767585754395,,,,,,-8.915312051773071,,,,
btc-updown-5m-1780309200,0x2d0e37bffd2560b79a72f1fec089d95229a6078f006669b7d447c60551dec905,kraken,XBTUSD,2026-06-01T10:20:00Z,2026-06-01T10:25:00Z,Down,72655.07198788176,72614.32985048502,5.607610904787579,20.0,non_thin,72606.6,72612.5,Down,Down,1,0,-0.8125652897226703,56125.899155005,342.589113877,39.81197724467217,1.0,52666.804560444994,-42.19403056939667,1.0,1,0,0,0,72609.5,-0.6847658157348633,0.4131605404724653,-0.4131605404724653,0,,,-6.007158517837524,,,,,,-2.1554861068725586,,,,
btc-updown-5m-1780327200,0x854553dd79d20ade26950d8ef2738c18d5fa0a4d813a467d92704fd02690f25b,kraken,XBTUSD,2026-06-01T15:20:00Z,2026-06-01T15:25:00Z,Down,71182.60085257844,71058.52888425291,17.430097641766054,20.0,non_thin,71070.0,71056.5,Down,Down,1,0,1.8997161036964922,17106.14414085,431.14110738399995,8.080133774003585,1.0,16341.525098784,14.635403063191685,1.0,1,1,1,0,71074.0,-0.26125311851501465,-2.462525649095229,2.462525649095229,1,1.296259817087203,71055.1,-0.3547646999359131,0.19702825104198057,-0.19702825104198057,0,-0.10371457643518442,,-2.561171054840088,,,,
btc-updown-5m-1780334400,0x5d9082205bc4773edf439b4d61ff414127632b552d903ced5c3a5e5ea722b966,kraken,XBTUSD,2026-06-01T17:20:00Z,2026-06-01T17:25:00Z,Up,71435.46032837729,71446.41952565665,1.5341396596283168,20.0,non_thin,71445.0,71437.8,Up,Up,1,0,-1.0078189965607447,5039.4895875600005,270.909102435,3.3188548273841314,0.9285714285714286,5036.900685312,-9.860656288970652,1.0,1,0,0,0,,-5.204527378082275,,,,,,-4.865753412246704,,,,,71437.8,-0.3844010829925537,0.0,-0.0,0,
btc-updown-5m-1780422300,0xfb99c692c89e0359fda2c19923d7b5c23bced4e98b8c2da271ae175a0dd42c5c,kraken,XBTUSD,2026-06-02T17:45:00Z,2026-06-02T17:50:00Z,Down,67388.1058909325,67348.80772824497,5.831617043982538,20.0,non_thin,67349.3,67347.1,Down,Down,1,0,0.32666054923455956,59230.187768817,558.524959888,8.871281566931792,1.0,56067.881831183,14.994526884045797,1.0,1,1,1,0,,-3.400099754333496,,,,,,-5.125370264053345,,,,,67349.3,-1.2019107341766357,-0.32666054923298726,0.32666054923298726,1,0.9999999999951867
btc-updown-5m-1780452600,0x3b41c19711e6a4ad752b4356b5e484225079da6dc6cb579c1ea573506c696aec,kraken,XBTUSD,2026-06-03T02:10:00Z,2026-06-03T02:15:00Z,Down,66806.55691189342,66735.674479436,10.610101123891985,20.0,non_thin,66750.1,66735.0,Down,Down,1,0,2.2624248046284396,4433.85504795,165.90356143900001,8.514175272641868,1.0,4433.85504795,-10.261144434428157,1.0,1,1,1,0,66732.5,-1.980574607849121,0.3746230356146686,-0.3746230356146686,0,-0.16558474555630295,,-3.3453421592712402,,,,,66730.6,-1.3809008598327637,0.6593459290760745,-0.6593459290760745,0,-0.2914333009995263
btc-updown-5m-1780502100,0x1f1e06666fbea702408f283fe22f627b88b2f877ba35001202657309f1818fa5,kraken,XBTUSD,2026-06-03T15:55:00Z,2026-06-03T16:00:00Z,Down,66093.696877455,65978.78083455478,17.386838432307584,20.0,non_thin,66000.0,66000.0,Down,Down,1,0,-0.0,30810.26322,1664.6948083519999,6.104054398903255,0.9629629629629629,30810.26322,-69.76018841952019,1.0,1,0,0,0,66036.8,-0.3937239646911621,-5.574203699705968,5.574203699705968,0,,66042.5,-0.33547258377075195,-6.437321539298392,6.437321539298392,0,,66035.0,-0.12923002243041992,-5.301624693420914,5.301624693420914,0,
btc-updown-5m-1780524900,0xfe8244e55b3e4c011d456ab5913e56ac35db33882423751165698b542f90190c,kraken,XBTUSD,2026-06-03T22:15:00Z,2026-06-03T22:20:00Z,Down,65238.09671695088,65179.55542186969,8.973482984211127,20.0,non_thin,65174.9,65174.9,Down,Down,1,0,-0.0,62316.202408749996,250.51801881749998,9.464605469133678,1.0,61516.10759125,19.906064714437406,1.0,1,0,0,0,,-5.890747308731079,,,,,65181.7,-0.7253313064575195,-1.0432920168471904,1.0432920168471904,0,,65159.9,-0.4485194683074951,2.301764389284322,-2.301764389284322,0,
btc-updown-5m-1780545000,0x4abdc9aa9f22070e71f54fbb19462135d2d78113f21a4816aa6b1281f09fa7c8,kraken,XBTUSD,2026-06-04T03:50:00Z,2026-06-04T03:55:00Z,Up,64299.64327491604,64319.60462,3.104425478476605,20.0,non_thin,64307.3,64307.2,Up,Up,1,0,-0.01555034618993615,10918.33113101,491.79004164500003,0.8399606991839162,0.9545454545454546,10661.10233101,0.8902712665922236,0.9545454545454546,1,0,0,0,64307.3,-1.609767198562622,0.015550346190377184,-0.015550346190377184,0,,,-2.8750247955322266,,,,,,-2.1926329135894775,,,,
btc-updown-5m-1780585800,0x4083b4e37f45c60de22e5c44ee75324d3a89253824ee7ac2903201607dfc5773,kraken,XBTUSD,2026-06-04T15:10:00Z,2026-06-04T15:15:00Z,Up,64262.36500497954,64303.31364362535,6.372102651783105,20.0,non_thin,64281.0,64297.5,Up,Up,1,0,2.5665255218515597,125406.903518115,1204.308262419,7.92636091236892,0.95,124915.533890425,9.42038942374337,0.95,1,1,1,0,64262.6,-0.4687662124633789,-5.429367409845384,5.429367409845384,1,2.115454283863304,64326.6,-1.450998067855835,4.524813078807588,-4.524813078807588,0,-1.763011137151392,64276.6,-0.7475683689117432,-3.251043590284584,3.251043590284584,1,1.2667100181178774
btc-updown-5m-1780606200,0x3e58336da2c1551f24d346f748f77cbd0e8098f4d65afc05a51ce860f0350f0b,kraken,XBTUSD,2026-06-04T20:50:00Z,2026-06-04T20:55:00Z,Up,63474.2212327656,63503.00734720149,4.535087453901814,20.0,non_thin,63499.9,63500.0,Up,Up,1,0,0.015748043896731827,8713.064834810999,245.664637444,7.741990601357306,1.0,8083.072166927,9.102195287335581,1.0,1,1,1,0,63501.7,-0.1254103183746338,0.2677129518904617,-0.2677129518904617,0,-16.999759058712037,63508.4,-0.7515840530395508,1.3227471588098152,-1.3227471588098152,0,-83.99437844368235,,-3.7188568115234375,,,,
btc-updown-5m-1780625400,0xd4b0e8f1c00e921d8cd73ea29d6f5fcc6ccf973da5b0b567fafa3004249ca8de,kraken,XBTUSD,2026-06-05T02:10:00Z,2026-06-05T02:15:00Z,Down,63153.04845525378,63110.476905204734,6.741012681155254,20.0,non_thin,63112.4,63112.3,Down,Down,1,0,0.01584475938517418,5186.055120271,160.026226555,0.742442703066314,0.9375,5178.498041495,0.777659571416049,0.9375,1,1,1,0,,-3.43015456199646,,,,,,-4.2396039962768555,,,,,63151.4,-0.5770876407623291,-6.19338752940565,6.19338752940565,1,390.87924144816964
btc-updown-5m-1780663200,0xbef5306cec2fba03daa428ea113b28e2e6b5a01500d0369bc04c8e7f555ce216,kraken,XBTUSD,2026-06-05T12:40:00Z,2026-06-05T12:45:00Z,Up,61885.02162161517,61929.56150029209,7.197198532021694,20.0,non_thin,61919.4,61921.3,Up,Up,1,0,0.3068458108108633,17762.480507403,1237.8604386040001,0.9002519525660672,0.9090909090909091,16741.923363027003,-1.0325595563106276,1.0,1,1,1,0,61939.5,-0.906963586807251,2.9387829129118725,-2.9387829129118725,0,-9.577392975142518,,-2.2273874282836914,,,,,,-3.7470788955688477,,,,
btc-updown-5m-1780665900,0x4144ecc009fd6382da966742f318cbbb9d19d565d6dd441841ea187640dfa18d,kraken,XBTUSD,2026-06-05T13:25:00Z,2026-06-05T13:30:00Z,Down,62082.67709321947,62074.59623588182,1.3016283633380068,20.0,non_thin,62100.0,62087.1,Up,Up,0,0,2.0775104735351437,33705.708051025,251.235322462,7.277489543376262,0.95,27712.396349975003,-6.390374551798645,1.0,1,1,0,0,62012.4,-1.3504700660705566,12.038728443217334,-12.038728443217334,0,-5.794785921214603,61959.8,-0.48247313499450684,20.524502375818606,-20.524502375818606,0,-9.879373720265102,,-2.375213384628296,,,,
btc-updown-5m-1780670400,0x8c00cfdf71677004f34900773fe415335216438c0e64b7ab69625de33bc5d58a,kraken,XBTUSD,2026-06-05T14:40:00Z,2026-06-05T14:45:00Z,Down,60861.60174109668,60808.05319650496,8.798411980597525,20.0,non_thin,60774.1,60791.1,Down,Down,1,0,-2.7968530649919376,63147.42045507499,6982.952527065,1.7215088829136556,0.9047619047619048,62947.53931827499,-4.658943936059685,1.0,1,0,0,0,60821.4,-0.2724292278289795,-4.9830404978061145,4.9830404978061145,0,,60875.8,-0.676119327545166,-13.923263218360617,13.923263218360617,0,,60913.7,-0.4949226379394531,-20.147116871329064,20.147116871329064,0,
btc-updown-5m-1780674900,0x6caf5ea0b127008fd192d2dfda980ae9dd57c43dee7f965989c251698f70101b,kraken,XBTUSD,2026-06-05T15:55:00Z,2026-06-05T16:00:00Z,Down,60511.53161825352,60406.072927097484,17.42786677774666,20.0,non_thin,60437.1,60400.1,Down,Down,1,0,6.123942156278927,387185.889464183,5997.673317936,1.9721436216971338,0.9428571428571428,386296.290913919,-2.2430736524575843,1.0,1,1,1,0,,-2.0135152339935303,,,,,60339.3,-0.1901397705078125,10.071278329881915,-10.071278329881915,0,-1.6445743726621833,60274.4,-0.14105653762817383,20.83290926625807,-20.83290926625807,0,-3.4018788444789476
btc-updown-5m-1780682100,0x7fcba4126ca6632d2cbb36e25635e783ffe02350fd61c6531bb2c7936a69cc70,kraken,XBTUSD,2026-06-05T17:55:00Z,2026-06-05T18:00:00Z,Up,60745.68327799259,60765.65378199052,3.287559365583078,20.0,non_thin,60746.7,60746.9,Up,Up,1,0,0.03292354494448134,25007.061410776,1038.783165776,5.055767425149554,0.96,24992.938971464002,-6.847291498335789,1.0,1,1,1,0,60749.8,-0.31294870376586914,0.4773792210910623,-0.4773792210910623,0,-14.499630033644989,60781.5,-0.048494577407836914,5.694142428414923,-5.694142428414923,0,-172.9504656323279,60787.8,-1.4009239673614502,6.7305883083598825,-6.7305883083598825,0,-204.4308509217221
btc-updown-5m-1780736400,0xb34fc26c0e019b3fdd0b190d8bd433baac1c6a9fe99ca71af559a1189231eb31,kraken,XBTUSD,2026-06-06T09:00:00Z,2026-06-06T09:05:00Z,Down,61223.455953394165,61173.58310709877,8.146035782978386,20.0,non_thin,61175.2,61170.3,Down,Down,1,0,0.8010102541761714,7378.191687171001,175.8716244245,1.6624906561376553,0.9230769230769231,6907.929781829001,1.8011604981982923,0.9230769230769231,1,1,1,0,,-6.750779628753662,,,,,,-3.668025255203247,,,,,,-5.331889867782593,,,,
btc-updown-5m-1780748100,0xaabcb2b6d0f93aa878594a0be594c3566996d00014a42622af9eb1641c2f4ff8,kraken,XBTUSD,2026-06-06T12:15:00Z,2026-06-06T12:20:00Z,Down,61017.896675118915,60918.96285804301,16.213901570987677,20.0,non_thin,60921.6,60920.0,Down,Down,1,0,0.26263607833274394,11433.085193076,163.361169142,19.876944742117974,1.0,7482.914561284,-24.519960525665912,1.0,1,1,1,0,,-2.855664014816284,,,,,,-2.2139174938201904,,,,,,-3.151616334915161,,,,
btc-updown-5m-1780917900,0x8840b0184539dba346372d131bc2e89f60116ea0670881f9ae3d2adcbe526212,kraken,XBTUSD,2026-06-08T11:25:00Z,2026-06-08T11:30:00Z,Up,63521.49581009351,63561.05326259787,6.227411996502466,20.0,non_thin,63553.9,63562.7,Up,Up,1,0,1.3845555991991714,43899.675379287,1439.1104198535,6.550750813697497,0.9230769230769231,43899.675379287,21.222372092567653,0.9230769230769231,1,1,1,0,63584.7,-1.5870683193206787,3.460550545201303,-3.460550545201303,0,-2.4993944246102426,,-11.587068319320679,,,,,,-4.708159923553467,,,,
btc-updown-5m-1777740000,0x2a04eb0430c049b77cf7aa46477c1f4eb50d861baf09f37d779ca2628eb550ee,kraken,XBTUSD,2026-05-02T16:40:00Z,2026-05-02T16:45:00Z,Down,78463.3606,78416.31046,5.996447213096638,20.0,thin,78443.0,78426.5,Down,Down,1,0,2.1036594189243196,5494.562225301999,7.721731471,4.441649877308072,0.9090909090909091,4901.676279898,-5.284003354305239,1.0,1,1,1,0,78426.4,-1.7336268424987793,0.01275080027238763,-0.01275080027238763,0,-0.006061247442282075,,-2.165755033493042,,,,,,-10.309718608856201,,,,
btc-updown-5m-1778333100,0xab7212afe6f7b3f1384cf329f7220328ed8ab3cae5354505267a6ffb6a79327c,kraken,XBTUSD,2026-05-09T13:25:00Z,2026-05-09T13:30:00Z,Down,80348.46797,80343.80256167382,0.5806468304938773,20.0,thin,80344.6,80337.0,Down,Down,1,0,0.9459701677938351,287684.81695722,11.167405307500001,6.076530741818708,1.0,287154.873292294,6.174769379821138,1.0,1,1,1,0,80337.0,-0.7120108604431152,-0.0,0.0,0,0.0,,-9.811948776245117,,,,,80348.0,-1.7948243618011475,-1.3691383784654267,1.3691383784654267,1,1.4473377967705816
btc-updown-5m-1778424900,0xf2bdff2b69007781eb7965142980441826f94e7004d63431976ac327c3df5c31,kraken,XBTUSD,2026-05-10T14:55:00Z,2026-05-10T15:00:00Z,Up,80974.37281182881,80975.91472120865,0.19041942855477126,20.0,thin,80957.0,80980.6,Down,Up,0,1,2.9147029679444985,558000.074704078,26.9519262185,13.516367275924965,1.0,558000.074704078,13.52115544495995,1.0,1,1,0,1,80980.6,-0.22460484504699707,0.0,-0.0,0,-0.0,,-3.5468640327453613,,,,,80980.5,-1.1651582717895508,-0.012348644212169895,0.012348644212169895,1,0.004236673289861294
btc-updown-5m-1778429400,0x6148e2de694e685f35b05a5aff9d83343eb3337cf1dbaf26949f81d533056740,kraken,XBTUSD,2026-05-10T16:10:00Z,2026-05-10T16:15:00Z,Up,81445.92387166618,81458.75710731294,1.5756756184605822,20.0,thin,81447.3,81474.1,Up,Up,1,0,3.289930020455171,167313.255236022,32.619544317,6.685267679770148,0.9375,158689.56550889398,6.344209271866442,0.9375,1,1,1,0,81464.6,-1.305511236190796,-1.1660827060435366,1.1660827060435366,1,0.35443997252020754,,-7.720180034637451,,,,,81464.6,-1.4779434204101562,-1.1660827060435366,1.1660827060435366,1,0.35443997252020754
btc-updown-5m-1778510400,0x487afddfaf4f2af839452abee0119db7355ddee133d7f5423aabcf5c44791354,kraken,XBTUSD,2026-05-11T14:40:00Z,2026-05-11T14:45:00Z,Down,80831.97218270352,80764.62273464708,8.332030784082729,20.0,thin,80779.8,80779.7,Down,Down,1,0,0.012379340120412299,525.177751053,50.053731463999995,3.1219814976549647,0.9230769230769231,525.177751053,11.536758988474652,0.9230769230769231,1,1,1,0,,-4.952366828918457,,,,,,-14.952366828918457,,,,,,-2.4500975608825684,,,,
btc-updown-5m-1778536200,0x2bb7d4b14c6ea5348e9412f3c352e041cbe64124bcbf7a52b9db0d508d3a2482,kraken,XBTUSD,2026-05-11T21:50:00Z,2026-05-11T21:55:00Z,Up,81718.82510288434,81807.85042999999,10.89410267506552,20.0,thin,81789.4,81800.0,Up,Up,1,0,1.2959274885593377,57742.100079999,34.723560849500004,36.07642005789037,1.0,57742.100079999,-109.29487621556781,1.0,1,1,1,0,81805.6,-1.549997091293335,0.6845731444643683,-0.6845731444643683,0,-0.5282495745386168,81812.8,-0.0950155258178711,1.5646697600811579,-1.5646697600811579,0,-1.2073744664684725,81833.6,-1.398303508758545,4.106736082592718,-4.106736082592718,0,-3.1689551451355604
btc-updown-5m-1779311700,0x5980acf4e2b70340cae658de5e85ec338120a849cfaff59b23aad29c92e1b4c3,kraken,XBTUSD,2026-05-20T21:15:00Z,2026-05-20T21:20:00Z,Down,77679.52781880362,77591.55927395588,11.32454680375196,20.0,thin,77600.0,77599.9,Down,Down,1,0,0.012886606241971259,458.1785817469999,0.0,8.907789830214766,1.0,364.7730137469999,-105.19010878057624,0.9411764705882353,1,1,1,0,77598.1,-0.47526049613952637,0.23196175209354336,-0.23196175209354336,0,-18.00022036353151,77581.5,-1.0817766189575195,2.371418235203974,-2.371418235203974,0,-184.0219364723306,,-16.08177661895752,,,,
btc-updown-5m-1779661800,0x38180706f0bef5a7843f8fc935c0f0fec0834a43ce0951782c51f96825bc6515,kraken,XBTUSD,2026-05-24T22:30:00Z,2026-05-24T22:35:00Z,Up,76752.916695,76759.20698068917,0.8195500523004126,20.0,thin,76763.2,76763.3,Up,Up,1,0,0.013027066988676292,330.410868493,55.796247614,0.859346758916385,0.9090909090909091,330.410868493,1.2925118799465574,0.9090909090909091,1,1,1,0,,-2.272895574569702,,,,,,-12.272895574569702,,,,,,-2.853093385696411,,,,
btc-updown-5m-1779786300,0x29a657b1675847d1c7fcae652af464355c67f6749c0edb9a13c89e0852b5a2d6,kraken,XBTUSD,2026-05-26T09:05:00Z,2026-05-26T09:10:00Z,Down,76628.05419,76584.27807500001,5.712805246423551,20.0,thin,76600.1,76600.1,Down,Down,1,0,-0.0,38319.998741054,25.0803851605,109.34913973165625,1.0,38299.999986946,136.94985759342805,1.0,1,0,0,0,76600.0,-0.25404953956604004,0.013054821766287536,-0.013054821766287536,0,,76600.0,-0.21650195121765137,0.013054821766287536,-0.013054821766287536,0,,76600.0,-0.6248207092285156,0.013054821766287536,-0.013054821766287536,0,
btc-updown-5m-1779996600,0xc669b0a67f6456a3a0fc040e8c8f80c17b7296cd95bc75460d4ac30b509a6397,kraken,XBTUSD,2026-05-28T19:30:00Z,2026-05-28T19:35:00Z,Down,73447.4271380976,73363.76496413923,11.390756248147492,20.0,thin,73365.2,73358.6,Down,Down,1,0,0.8996495462143285,2083.833776655,54.434472572,4.588886160935944,0.9230769230769231,1920.0811829509998,11.770466442725244,0.9230769230769231,1,1,1,0,,-3.742539644241333,,,,,,-3.042285680770874,,,,,,-2.9095561504364014,,,,
