wallet,label,n_markets,n_buy_trades,buy_shares,avg_entry_price,win_rate,edge_per_share,profit_if_held_usd,trade_edge_z,market_bet_z,n_market_bets,market_bet_p,contested_buy_shares,edge_contested,edge_other,contested_minus_other_edge,market_bet_bh_sig,crop_member
0x7e68d4578e4024fa86561d1f4c83d97ac89f5472,,17,20,21623.310019999994,0.882891441379435,0.820239713697635,-0.06265172768179994,-1354.7377309521762,-0.32040917434239646,-0.020879721074797103,17,0.5083291983319571,17227.351919999997,0.1148571600694287,-0.7582925888215357,0.8731497488909644,0,0
0x210796fa2e3b96392833868651219ab05cc78f4c,,22,184,36811.050854,0.5482345121768334,0.5871589006715722,0.03892438849473878,1432.8476443406835,-0.02045191414578448,-0.013184686000695004,36,0.5052597763093551,29457.660853999998,0.17571523991654026,-0.5090593998142353,0.6847746397307756,0,0
0x84a6a59b57182127629e257a7a894ec93bb74f84,,9,22,19836.05922,0.5047552717673657,0.758985284174807,0.25423001240744136,5042.921581615341,0.294794614768257,1.0171837106753312,10,0.1545330218045808,14474.338674,0.4198018527017785,-0.19274272157541544,0.612544574277194,0,0
0xa66d4f04d47c9a5726e559bf4290356385296daa,,6,21,17728.479936999996,0.3261378209660701,0.22206686173829976,-0.10407095922777032,-1845.0199126938705,-0.9808665459221788,-0.9300472974482017,6,0.8238267018746962,7866.580343999999,0.22480440554249376,-0.36640626853916647,0.5912106740816603,0,0
0xb26d3cf055da5e980234d51e4b1042d6719e14a1,,163,216,14101.171568000002,0.3053676998432541,0.2655726503249081,-0.039795049518346004,-561.156820815253,-5.063056729299037,-4.217378968077511,166,0.9999876420798756,3159.966828,0.4162330788100285,-0.17150209571631264,0.5877351745263412,0,0
0x45ba7f0d4cdb893974b083b998dcf7340447a797,,32,116,20944.175554,0.4264238321194881,0.34825063785368227,-0.07817319426580582,-1637.2731043199828,-0.3269919395451066,0.1553950021463014,38,0.4382549620083631,4471.272488999999,0.3509063285276117,-0.19463909334195348,0.5455454218695652,0,0
0x7e09fd185f9c4942e26ac9b9d97844a2a470c7fa,,23,74,87393.89932299999,0.47819872239979966,0.5240827139400347,0.045883991540235036,4009.9809372046875,0.7847446892810868,0.9489797182549956,23,0.17131546374435838,19162.109492999996,0.44422812552136653,-0.06598635408983972,0.5102144796112063,0,0
0xaf5a0741ad1f7d215eba82f509a5a730c8aa2729,,14,55,10276.199961000006,0.3506469374987088,0.4004471764482433,0.0498002389495345,511.7572135509977,3.2805009866722257,0.7263718296024066,16,0.23380542793690864,3070.373967,0.4045264526709271,-0.10134719826717412,0.5058736509381012,0,0
0x37af2ed3853cfff8049b97cb73cb6a44d095e9d2,,13,76,20917.185566999993,0.4685369787780253,0.5400228039675067,0.07148582518948138,1495.2822708985059,2.671585088886699,1.2108151707440804,13,0.11298312478334166,15171.006521999998,0.20210226948102128,-0.2733664518991811,0.47546872138020235,0,0
0xb18f64a2143f292d0d47fabf1d15725bd30b6e4d,,25,38,13330.322224000001,0.28433882437665997,0.28441023122262965,7.140684596967928e-05,0.9518762657753541,0.019714826055024965,-0.34531501921883884,25,0.6350712216835458,4156.470150999999,0.31636145845847924,-0.14323264341824327,0.4595941018767225,0,0
0x0aefdd2365c50060a276cbd2832931d32355e9a1,,18,142,6972.056499999997,0.3733596583883168,0.6692831063546313,0.2959234479663145,2063.1949988959536,6.8716814057743685,1.8115624894385747,18,0.035026912650057515,5472.261688999998,0.3945674506135401,-0.06399631744219825,0.45856376805573834,0,0
0x4dee8eb58892bdf776e7966ca31b8573c7169fa4,,10,306,14129.93320000001,0.08090359437459814,0.42754057747420865,0.3466369830996105,4897.95741584703,3.164864996207389,0.9082484295421798,12,0.18187349112821624,10779.572600000005,0.4540719590108798,0.00097176646150407,0.4531001925493757,0,0
0x8cc2240e61e0314cf131ec4e410e8468b5cdeeb8,,27,41,14084.327969999998,0.4882752704734113,0.35799979741596444,-0.13027547305744686,-1834.8424889879798,-0.9942521026476518,-0.5006342387120497,27,0.691685719316854,2132.40897,0.2349478748470073,-0.1954370210168071,0.4303848958638144,0,0
0x4ec46cdbbbb5490be2744bb54472ccc11aee6529,,14,26,16772.987890000004,0.435433806573714,0.44294405222992134,0.007510245656207337,125.96925944249142,0.2977300173973445,0.22269150710135882,19,0.41188780587471696,4313.528471,0.32678033705625886,-0.10302269023447569,0.42980302729073455,0,0
0x98714cf2ee0b2b06802124529750a1aefb5736eb,,22,32,42841.52745,0.5448408285048408,0.8037316959155247,0.2588908674106839,11091.280202729125,3.0480676439435936,2.199305356577863,22,0.01392810854297428,29780.261923000002,0.3864787016340254,-0.032015026317986695,0.4184937279520121,0,0
0x14b0a3270a36102734d81a77ec8167a0791d8d0e,,21,23,7770.605742,0.45546993687145987,0.412411822115579,-0.043058114755880894,-334.5876337617433,-0.49193057144407143,-0.12802395938931274,21,0.5509349938955135,5100.364985,0.10044457482876451,-0.3171592763429556,0.4176038511717201,0,0
0xef0cee9cf685b9e551975d5af2f4d2dcb9397df2,,55,95,18871.037746,0.19248129796680857,0.16360137526906302,-0.028879922697745558,-544.9941113307186,-1.8291276356736492,-0.5626857978429625,55,0.7131755716012275,4557.329705000001,0.28554930812816887,-0.12899078632991515,0.41454009445808404,0,0
0x5078d0586b66aa1a328f95103be302e008ed420f,,20,160,8393.675806000005,0.34601035303514704,0.4486670966381612,0.10265674360301413,861.6674251033655,5.221447682830109,2.3977464401457835,20,0.008248140020120611,6984.947363000001,0.17055412351606197,-0.23400120288401594,0.4045553264000779,0,0
0x51c4c32a1b50523a7d3b72e5349c2a7fb7d68e93,,24,25,9700.97299,0.5121191923294866,0.4029539460659811,-0.10916524626350543,-1059.0091054489644,-1.5807607072004357,-1.5807607072004357,25,0.943033619054578,3881.9092929999997,0.1334549498685984,-0.2710176752926383,0.4044726251612367,0,0
0xe44a7070596e2055d96de164aa5c156569252eac,,21,47,5533.631314000001,0.41729264496886387,0.42921879796923523,0.011926153000371364,65.99493369841002,-0.5388459623036147,-0.6627845230170701,22,0.7462657163383063,2412.410694,0.2400580126114128,-0.1643983702458524,0.4044563828572652,0,0
0xdf9a7f46d2db2e953cb179203d17c8f618ed92e2,,21,39,10396.050391,0.2009719611606853,0.13410919431546645,-0.06686276684521886,-695.1086934045793,-1.4173670539832692,-0.5388209267788607,24,0.7049947887493235,2817.3522639999996,0.22717659789214484,-0.17617078466910047,0.4033473825612453,0,0
0x8302d621b24dfb6bf5b604e4ec100d4f8505f88a,,17,45,58678.966936,0.25278913652246887,0.14959642540357213,-0.10319271111889675,-6055.24168378194,-2.7319890403954203,-0.9997941014618676,17,0.8412949195210151,5606.184142,0.2612323068549244,-0.1416876542735238,0.4029199611284482,0,0
0xcc30b9cc1649ea0e872e10dd0bd86d02a097c8a5,,72,77,11155.186418000003,0.35701333731371804,0.28906877887730864,-0.0679445584364094,-757.9342154468413,-2.488685052915782,-2.25605496533488,73,0.987966405483362,3066.657282999999,0.22359646473683847,-0.17847842523535884,0.4020748899721973,0,0
0x07103009ecc8d28380b32f374db9c6691377531e,,33,85,87272.365739,0.08831312061660626,0.10551929743191032,0.017206176815304064,1501.6237559951178,-0.8301524709491688,-0.15904523420535782,35,0.5631833821845629,21006.046535000005,0.28063528596859943,-0.06629935347546992,0.3469346394440693,0,0
0x60d2ba878532e901eab7a88840d00678463e4268,,246,262,14086.012386999995,0.3402593236278478,0.33954659995997927,-0.0007127236678685089,-10.039434414104107,-1.0416161612461123,-0.7846888247221692,251,0.7836819817204389,5768.814652999997,0.203176598240281,-0.1421305118978827,0.34530711013816373,0,0
0xa092e67b54a57f571da7a148be506fed00750ed4,,38,180,5843.039099999999,0.5004286648018186,0.748571116013925,0.24814245121210643,1449.9060448021796,3.496409369349583,0.7387130553136713,49,0.23004062826070992,3839.0469,0.3637835294257321,0.026608892933448258,0.33717463649228385,0,0
0x2a9d84b2faa55a835f6185031bb02ee4a036edb9,,44,75,147740.70337000003,0.28795022291634753,0.32576424418034083,0.0378140212639933,5586.670098790506,0.49652146961451904,0.08179304147824652,47,0.4674056448150833,21194.532723,0.3188687758662552,-0.009258317337139776,0.328127093203395,0,0
0x2d621bf2f23bc981cdd6a84c0a1d6738b2e17c61,,42,77,39715.763306,0.4200425639388278,0.4542519831735047,0.03420941923467691,1358.6531971601507,0.8333211448980897,0.531589561836847,51,0.2975051479025541,12687.604336000002,0.2540692449065233,-0.06899755392996004,0.3230667988364833,0,0
0x267a67894686da87af280091d9509092f01f7ea1,,103,125,76900.96839699999,0.0025963866909374535,0.039131981751707,0.036535595060769546,2809.6226411338275,-0.443043189772384,0.4197691335371299,106,0.3373270578372125,9395.364424000001,0.3137381180102578,-0.0020451829647755277,0.3157833009750333,0,0
0x11c365927b0ac738e1bf349e626c4315f32d8132,,37,312,5333.766909999993,0.47635366297031395,0.4858208886372209,0.009467225666906942,50.49597499165111,-3.6685821721662473,-0.7319023014442629,42,0.7678858993129772,3567.9136899999994,0.11138947216666711,-0.19646709236324333,0.30785656452991045,0,0
0xc6e2f4259e4c6e4da9007fa7175f0d8a2a7611d1,,92,148,14205.815259000006,0.3706984842507297,0.38917720850251125,0.018478724251781542,262.5053429428117,-0.38109936241649695,0.12483706107078178,95,0.45032627319528196,5382.424121000002,0.2036308173965985,-0.09446731617754425,0.2980981335741427,0,0
0x522a7407c06fe0b385547bfd306e15cfd9f5876b,,86,374,47267.656610000005,0.4959184435907399,0.6137646275204246,0.11784618392968471,5570.312954787238,4.9568396951962574,3.702807919166824,87,0.00010661316088014992,15747.665235000004,0.30176105955492716,0.025960692635417393,0.27580036691950977,1,1
0xfac742f86abd4d37993a31e6844e3b0961387111,,47,969,32902.88578499995,0.4849678502490188,0.5774920609140735,0.09252421066505467,3044.313535859568,1.0146247979287801,0.31276686047575236,84,0.37722889729619524,8576.589443,0.29584889517994123,0.020839137105340244,0.275009758074601,0,0
0xc857c85ddb87a42655a3b46312ad827192957c22,,32,184,3746.5862100000004,0.23329841010663005,0.3173497187456952,0.08405130863906513,314.9054738795752,4.541335136152603,2.631637874257393,33,0.004248719048867065,2617.4696999999987,0.16645619188004945,-0.10697617444619599,0.27343236632624546,1,0
0x1f7f21abe08dc478cfc3c08b16f2fe5f8e8b4fc0,,3,24,17786.480672,0.10684506101524148,0.061331957913253445,-0.045513103101988035,-809.5179286462535,-1.1119961067251443,0.7029626406171396,3,0.24103951598027717,2859.886348,0.18320908476666053,-0.0893355215567122,0.27254460632337274,0,0
0xc8e21e0128be763c1d99255fe59ba6fd8f4cde92,,118,212,12479.784078999997,0.5355996792024557,0.5844537059958855,0.04885402679342987,609.6877057716856,0.06149775496960001,-0.43885116676283953,126,0.6696153086745301,3257.5275300000008,0.24603414689365755,-0.020794834760399783,0.26682898165405733,0,0
0xa8d951540d5b882a9f89a0812f06473bf37348a6,,20,34,11827.78419,0.6163645609862898,0.6703984400310572,0.05403387904476742,639.1010602900724,1.263302708949187,0.01671782064444698,20,0.49333086516465324,6431.37549,0.1697098461241766,-0.08382735808809849,0.2535372042122751,0,0
0x2765b2b2dd655169a9d34e21fd80229febf4dc7f,,188,274,19158.481393000002,0.45006195503125107,0.3734415968696813,-0.07662035816156976,-1467.9297061634306,-2.0710158013833313,-1.6242848503520042,201,0.9478424854978147,2325.2290839999996,0.1459137791996672,-0.10735968523139222,0.2532734644310594,0,0
0x62621e72c4d3da2abbe900ba045a55cfbb2c0d7e,,27,38,12617.808012000001,0.40920789383863265,0.38967262335295705,-0.019535270485675604,-246.49229245074457,-1.019615343982645,-1.2364318026344738,32,0.8918509495871363,2853.7062239999996,0.17162316165068736,-0.07540420952398508,0.24702737117467244,0,0
0x744c893e4bbd680b514a4375e04bee68b2b4efe9,,45,55,25369.050681,0.545406791878369,0.6411990259920439,0.09579223411367488,2430.1580420760365,0.9909059088750274,1.4720224621241247,45,0.07050740599650726,8963.092332,0.2536083467012934,0.009572315806595233,0.24403603089469816,0,0
0x1e3bc72271435f46effb75353403936ab664e3ba,,14,26,14446.016857000004,0.6349076060964736,0.7518136286638282,0.1169060225673546,1688.8263726928271,1.535821313270427,0.8115473470815526,15,0.20852570716559737,9087.256092000003,0.20625817527365709,-0.03461518347656922,0.2408733587502263,0,0
0xac6df77395095fd6a6f16e836ad845dd8cb0919a,,202,301,17134.984218999998,0.131516347373848,0.19369379741358725,0.062177450039739235,1065.4096252085928,-3.036498678588729,-1.7174289836425427,215,0.9570495901288951,9292.476692000002,0.17129752216969388,-0.06711738626178836,0.23841490843148222,0,0
0x2aae07fd1388d00b5a4d425fdfc6ea13e9a5a80c,,11,21,5045.1162,0.738971345333418,0.7835913472121812,0.04462000187876314,225.11309432257804,0.17266363918990282,0.45233353255429154,14,0.32551436121362076,2515.2527,0.16412268272726638,-0.07419251138981298,0.23831519411707935,0,0
0x4148b8b48bc20c7d4c96065c70171a0102414397,,104,149,6762.985647999999,0.17288246583286404,0.18953850188623084,0.016656036053366796,112.64453278149017,0.5971266901949643,0.24140999816309525,125,0.4046186822317418,2037.5273340000006,0.18092066444436491,-0.0541717330467061,0.23509239749107103,0,0
0xb72754b3a984a004cebbb53ebf54cc266034a0ee,,108,148,18077.918297,0.4022112994356469,0.34541392434748663,-0.05679737508816024,-1026.7783063278248,-0.7152759462811571,0.3960865170847575,115,0.3460206022347865,3594.391873999999,0.1304159117885248,-0.10325829195339215,0.23367420374191694,0,0
0xe9da448ade045e7a9ddfe2a6a0da622fe0943b8e,,12,74,38316.42211099999,0.17086591322324454,0.14161726855081835,-0.02924864467242619,-1120.7034154433322,0.7786014459261209,-0.45278026313975966,14,0.6746465114725637,15783.613369999997,0.1061658847606343,-0.12410280164056715,0.23026868640120146,0,0
0xb715eece436f6910aa763b7154a468792d0d0b07,,22,30,9208.139473,0.3583686315676803,0.4331332160741697,0.07476458450648943,688.4427217766497,1.763497086288408,2.2361066259706757,23,0.012672393765122034,2392.611553,0.24384330378571584,0.015408992120636344,0.2284343116650795,0,0
0x082d5f73712228bc3400f44f5ad6a044fa07e6db,,431,446,14862.47278399999,0.5790495035028081,0.5654887879793348,-0.013560715523473377,-201.5457653991889,3.4996695756409726,3.343147655054015,438,0.0004141690596009402,3034.315558,0.1664616540209204,-0.05974243819248359,0.22620409221340398,1,1
0xe2086dd004a93e9e40ed873f544e8e154cd4ad8f,,64,133,13251.624309000003,0.2969325274653233,0.3568984838174073,0.059965956352084016,794.6463249077101,-1.3908508679759435,-0.08004488231465615,75,0.531899220229026,7519.107254999996,0.15734106222813748,-0.0677569720146324,0.2250980342427699,0,0
0x139e9a81bbd4583a41b28f6b8b2383fcbc7c9a26,,369,389,12254.486011000005,0.562762824281975,0.6123756276080341,0.04961280332605911,607.9794043256852,-0.7551568106593933,-0.7881660886257611,370,0.7847002189767809,4539.781924999999,0.18919821354828736,-0.03252739482756151,0.22172560837584887,0,0
0xd227e17e02e9e3cf6b377db2ba6551971d55fb12,,10,27,2351.604276,0.6419626835357108,0.7300711903451222,0.0881085068094114,207.1963413649869,1.2754519824561263,0.08419647159576986,10,0.4664501117438015,2113.8920249999996,0.1104772608462744,-0.11080901035175178,0.22128627119802619,0,0
0x17a982865ae30423977d70b7ab5cdd67ca8a8f63,,591,642,9290.580803000006,0.4153979635351438,0.4513913798204979,0.035993416285354074,334.39974237509796,2.7337202437134893,2.722374335799199,610,0.003240733923052152,4366.030134,0.15282082765779859,-0.0675839520500367,0.22040477970783529,1,0
0x7bf8a3a340ead5f7b6fea0a59e7b4230af2ca428,,38,53,7478.775225999998,0.38240703531040826,0.4192487676457414,0.036841732335333166,275.53103507241303,0.5194402670912336,0.7852131333759759,38,0.21616430823693772,3324.8831300000006,0.1579424271034663,-0.06009040931889387,0.21803283642236015,0,0
0x061ea747736556edc1e2a926fb7faf939388d217,,77,996,5605.889994000016,0.6117572117096908,0.7038595978913482,0.09210238618165745,516.315845119279,8.584375668181591,0.6451545403997676,100,0.2594135212201212,3716.761157999988,0.1646853987513176,-0.050700855560570024,0.21538625431188763,0,0
0x6c6c8fa95c7ab8c1ad6670456e4ce4515877316b,,23,76,10963.532315000002,0.3189187601939579,0.4125760230406179,0.09365726284666004,1026.8144277538063,1.0304896627402216,1.051094612110744,26,0.14660756920105525,4955.341750000001,0.20791941397740937,-0.0005820928823992988,0.20850150685980867,0,0
0x26c8eae5da4f4c8dbc28e53ac5630a38ed20b317,,105,189,10715.554809000007,0.6533513641381046,0.7092663304392415,0.055914966301136904,599.1598860432214,-2.390131137415576,-1.6319745151914236,116,0.9486575725170862,7652.018331000002,0.11545846702008178,-0.09281117496248303,0.2082696419825648,0,0
0xbecca2cf118da48c84faf823291269d2d908f37e,,98,1454,43226.31004300007,0.3702388833825748,0.47825049636286754,0.10801161298029271,4668.943470930662,12.96104143502532,4.041758073349514,98,2.6525975675681267e-05,33815.59563300002,0.15321999212425258,-0.05443601870333781,0.2076560108275904,1,1
0x2b41a72490ca2af2709e34368e6697cdd32fe0d3,,67,775,105803.44110899999,0.4143762822192965,0.43673892951549137,0.02236264729619486,2366.045036244286,0.16458597998791694,0.14525232127319035,97,0.4422558287567383,15013.394691,0.20043530202228732,-0.007084138497572834,0.20751944051986015,0,0
0x9104c14c5e2e6a12a03f19f5883e822bfebf5a78,,147,218,11021.613453000002,0.48981326845521456,0.5108955977282356,0.021082329273021005,232.36128393610397,2.2096529082519947,1.8241704374368068,154,0.03406315469495848,4990.102080999998,0.1336555035977407,-0.07205380142721601,0.2057093050249567,0,0
0x4dab9e8cc5b2bb970de6243e501a0611d7886d0e,,51,214,5033.871319000004,0.35728312414784963,0.4291647503673502,0.07188162621950056,361.8428565894226,2.4180277006306863,0.6822687371987477,69,0.2475345187270303,3562.9579709999994,0.13142203401281777,-0.07234166934868314,0.2037637033615009,0,0
0x70accb6d1099c020d476850c909d169688d82e5b,,343,425,37322.609623999975,0.4943056204098872,0.5496084843115957,0.05530286390170852,2064.047200492667,-0.9460149766950324,0.3346932177286289,344,0.3689282590748185,7618.440948000005,0.21709372852161402,0.013807201744749864,0.20328652677686415,0,0
0x2e00ce216faaa43ab5a6713da67efcdb58454f6e,,36,332,2980.6610429999996,0.5477914594731953,0.6205270409205674,0.07273558144737213,216.80011406013568,3.841022347112087,1.8213706429011043,42,0.03427526730597311,2249.173235,0.12215476062663755,-0.07921814066534744,0.20137290129198498,0,0
0xf5bcf155ece1d1b6ba008667e60e08bd8fe22c49,,93,291,90170.6160120001,0.1383365878580725,0.11973089785216968,-0.018605690005902828,-1677.6865291605718,-2.886441843136923,-0.5718289798355806,98,0.7162810789392183,13305.334634999997,0.15295372014911518,-0.04830252219077469,0.20125624233988987,0,0
0xfa570e77c8a839bce4e6b93ebc12e62a36bd2ec9,,15,36,8122.873697,0.7036538731577323,0.8145908452871514,0.11093697212941911,901.1270129348804,0.2959065652468175,-0.6047586971664257,19,0.7273303296232947,8113.484081,0.1111556415145869,-0.07801330821849994,0.18916894973308684,0,0
0xa4c130c65b64917037d5121ea6294652afc30f60,,32,84,13116.371214999997,0.07130584317073332,0.06500375851096253,-0.006302084659770793,-82.66048182591055,-1.0235404975873086,-0.15142641661317088,33,0.5601803238574334,3433.5860580000003,0.13119068371661924,-0.05505802057266302,0.18624870428928225,0,0
0xcc09b46c66b6177d30c651899f30f65830f47439,,93,134,5195.3243680000005,0.520333889816181,0.6241183576470773,0.10378446783089634,539.1939747417682,0.9755993967430444,0.7456759752945968,97,0.2279315876988526,2737.667807,0.19175608315353,0.005789872890191283,0.1859662102633387,0,0
0x481434f98b88a2bfd8f4c65a513430711e0a5705,,10,42,15107.711521000001,0.2220677433144818,0.2015339129137982,-0.0205338304006836,-310.219186114668,-0.06179277290302629,0.4992312980908266,13,0.30880822400390906,3554.249845,0.12050657102864981,-0.06392280237955657,0.18442937340820637,0,0
0x2e4e2b45fbffab264b4e34d284229474476573e2,,36,288,30952.538016999995,0.10763003481576397,0.0982220069427013,-0.009408027873062663,-291.2023404059678,-3.2621055117819786,1.2870868679114196,47,0.09903200604490614,10089.576438999999,0.11484183341295143,-0.06949673907034254,0.18433857248329397,0,0
0x258497447554b5a7aed17b99d26a7b3a2c4d0a6a,,24,24,5436.527916000001,0.0784754476078697,0.1902865543935523,0.1118111067856826,607.8642033592206,1.246497356313353,1.2464973563133528,24,0.10629092958683291,3298.5443599999994,0.18293652341200473,0.002076707188923138,0.1808598162230816,0,0
0x24ca37de07bc887c782129b7447cce4794ea5829,,134,584,11110.960077999995,0.44068470614449734,0.5055953936080737,0.06491068746357637,721.2200570433315,3.6273844447700236,0.8067091736568153,160,0.20991702880769875,2858.93763,0.19883229880824677,0.018513148368623722,0.18031915043962304,0,0
0xe32e66f6ced82c2fe28a0ce05928708048f028c9,,121,351,82993.093557,0.05548590271961575,0.03285356123190357,-0.022632341487712183,-1878.32803450367,-2.861504511434962,-1.2563660667641081,122,0.895508360680258,12044.332068000003,0.13029930831402559,-0.048594169929281256,0.17889347824330684,0,0
0x0b0f5cd88f48b1686019776e7ac527795e589650,,55,58,6495.475028999997,0.36751385680239224,0.3803041006194593,0.01279024381706706,83.07870932858077,0.49078786922116985,0.8214215787416091,55,0.20570308817328528,2225.7971680000005,0.129831475528271,-0.048223736760150515,0.17805521228842153,0,0
0x074c0f657c3aeaa0b7e1cd2c38f1f8e8cf9b96cd,,42,134,23561.997392999994,0.10763205235800018,0.12018341292412185,0.012551360566121675,295.735124937562,1.25310932547178,2.2674743295703372,47,0.011680632666282855,7519.543971000001,0.13216510388626845,-0.04351492672621322,0.17568003061248166,0,0
0x7176d80936fe69b9b551186266d5c454eacacc22,,30,32,19202.331209,0.5312759324253133,0.5932157212068635,0.061939788781550154,1189.3883391988293,1.0072060009656572,1.0072060009656572,32,0.15691789494297415,4769.131966999999,0.18969735494307716,0.019725122262291173,0.16997223268078598,0,0
0x224f67d24c7f894cd8aea7ede6612dcb005fef71,,103,766,32212.500344999953,0.46349322736600534,0.5256818672453174,0.06218863987931206,2003.2515835674185,0.9744082865387272,-0.13026966248404132,104,0.5518234593307257,12021.843189000007,0.1679861683506158,-0.00080491636003166,0.16879108471064747,0,0
0x28b976aa1ca37a46bb5be373bac7677d3dda531f,,73,159,14210.19064,0.46181803435726765,0.5971348263347436,0.13531679197747593,1922.8774107931558,3.2021398666244107,2.1051452768900973,90,0.01763933201865979,12167.64063,0.15925637408583132,-0.007293293700103676,0.166549667785935,0,0
0x14624a6f777d44c93dfb56b51aad080cc734ef6b,,90,90,11265.974430000002,0.47852091007505265,0.5081883964474788,0.029667486372426166,334.2331428741263,0.5637177514841584,0.5637177514841599,90,0.286473117233773,3731.1486599999994,0.14034752712598642,-0.025139844062553873,0.1654873711885403,0,0
0x1e6bb2ea78c1cc1240971e718e22e934c5db50a2,,75,155,7899.369295,0.32308188601207444,0.3370651129939357,0.013983226981861274,110.45867386553027,-0.16071967249765334,0.49029792305425635,108,0.31196154825043687,2898.824744000001,0.11117631617076373,-0.042359783066963835,0.15353609923772757,0,0
0x6b1cec193dfa4500813b254ca38d1709314975ee,,387,529,25373.02948900002,0.10097953878950201,0.1033844706694259,0.002404931879923883,61.02040750834476,-0.8457475658290633,0.27244426792705784,405,0.3926402193134572,2289.178698999999,0.13833786028499195,-0.01107526113589552,0.14941312142088747,0,0
0x5afc2e8f9f3f8cea7d68bddf4eade4eb828316b9,,57,66,7043.109747999999,0.48272075336157305,0.525379498175612,0.042658744814038974,300.4502214372019,0.39105724905243594,0.4851475752626601,57,0.31378583324993903,2766.5367840000004,0.13291035754238423,-0.015725482119564704,0.14863583966194893,0,0
0x3b905d3792d9304e2e61a9d301d985489f20efc9,,64,104,4506.509922000002,0.5305051614795463,0.6104501520278688,0.07994499054832249,360.27289312021185,1.9121439026162899,0.3728963292890693,65,0.35461280205433493,2697.0325370000005,0.13864805095751698,-0.0075521316912419145,0.1462001826487589,0,0
0x6f1e7cb33fd418c257623e97ed8d022a26d68181,,59,102,5876.973210000001,0.12496945663988385,0.15401389978430746,0.029044443144423615,170.6934142591457,-1.3188401273224446,-0.6605219505778663,64,0.745540531525648,2211.675777,0.12022324316612559,-0.025973723067225583,0.14619696623335118,0,0
0x0e7d0669e5acc36fc60195032c428aeb557cf024,,17,368,10376.304605000001,0.5560019280442827,0.5819481626522658,0.025946234607983065,269.22603364522456,3.6593559348708173,-0.10327789478946608,28,0.5411287904031534,2705.775599999999,0.13293103331355316,-0.011792604228261672,0.14472363754181483,0,0
0xb9fa6118a5b16d83695a7e37b1ad12e1dc59f447,,20,24,3716.0157499999996,0.7896269765134285,0.8898608675165062,0.10023389100307767,372.47071765121973,1.5304141062252672,1.328021761262475,21,0.09208545902367632,2426.6829720000005,0.14889762976085552,0.008642745402530738,0.14025488435832478,0,0
0x341b09435a757992700eb27e63844bacabcb4a23,,11,209,3328.029264,0.5374511323323506,0.656745671572917,0.11929453924056632,397.0157176280011,4.071269832351524,0.0810537755211065,19,0.4676995932329547,2424.5784400000002,0.1573162050581659,0.017256322278092873,0.14005988278007303,0,0
0x8858aae9c92a82b00986a0f1a66338e8b0cc8641,,237,353,18046.7283,0.7736016913715374,0.8129338079523262,0.03933211658078872,709.8160213974188,-0.24833709561650333,-0.1189069510231322,268,0.5473254626421467,5278.807568999999,0.13824100586699384,-0.0015610722481272932,0.13980207811512113,0,0
0xfc0b0bea3ae1826ea018cce8ef0d4a225d71c6bd,,133,1414,21824.09291799999,0.40519693372354837,0.4167884944486197,0.011591560725071337,252.97529832859618,1.2854792933796204,-0.6435869465317979,229,0.7400783414558251,2505.211492,0.13408338582952434,-0.004292792057110917,0.13837617788663525,0,0
0xa79e45fa6bb541c2b233f46ffe95db9c233cbbe7,,39,61,23039.039990999998,0.065913651257635,0.06980486316392714,0.003891211906292144,89.64978672252005,-1.1842091085394675,-1.216137869382945,39,0.8880337966186509,3491.6796050000003,0.1204505259925162,-0.016929388508848633,0.13737991450136483,0,0
0x144076c2e4d5719534bf1af54186e85565678cf8,,244,346,19711.89757299999,0.44155672967837856,0.45792229670287593,0.016365567024497374,322.59638091095803,0.3944750600467205,0.702857471273361,257,0.24107228855542415,7467.614525000001,0.10150478014966335,-0.03555963121603317,0.13706441136569653,0,0
0x1e53e5e0a496b353893caac150e990df900714e7,,149,245,26186.124748999995,0.375335758402556,0.4352406289302217,0.05990487052766569,1568.676412710147,0.7800586217905512,0.939329372120585,171,0.1737808313499804,6910.7086739999995,0.15597134243318833,0.025462687900068448,0.13050865453311988,0,0
0x20d52250bf9b6b3322cb31b8f535fc22f728c810,,124,124,10754.93173,0.5224268518920452,0.5544039125202334,0.03197706062818817,343.91110398223555,0.7532653144091384,0.7532653144091384,124,0.2256452487965485,4133.042189999999,0.11159257033232006,-0.017714837522311067,0.12930740785463113,0,0
0x9c62b31f3ea2a29d3f24a534e98664b31ebecd27,,22,37,10367.519502,0.2778408523475088,0.3042221895402807,0.02638133719277186,273.5090278349003,1.3206606755822818,0.6421072146239448,23,0.26040178592036817,2846.178857,0.11978665916244036,-0.008964522683695436,0.1287511818461358,0,0
0xdb5b963dce2e59f1621fc5f0d3048b7771914a6e,,48,63,16139.823383999998,0.5995788819532626,0.6515546540258226,0.05197577207255999,838.879781498159,1.8119198676275803,1.2239223282593161,52,0.11049076482269592,4563.1070580000005,0.14245013084611358,0.016314175687026755,0.12613595515908682,0,0
0x27ba683602ff46e88fbecca2b500cac2035eb118,,232,1408,85674.75464300023,0.507637138635844,0.5358495680588536,0.02821242942300961,2417.0929686993113,-2.0271899475558244,2.1976113388099203,232,0.013988407254499898,19236.65298400003,0.11778941115182417,0.002276087627522294,0.11551332352430188,0,0
0xded4f44b05c2d72ad0579625029c51a80e1a28f7,,18,20,4863.653509,0.377693578556156,0.4520232514367627,0.07432967288060671,361.51377432858476,1.8233666169429315,1.6309561736522424,19,0.05144978371693791,3697.7378439999993,0.10047050653380113,-0.008576795206967781,0.1090473017407689,0,0
0x0b1c34b01166a409a95eac21b0f8c118547d098f,,91,902,5594.799253000017,0.7380969940105806,0.8123055461843566,0.07420855217377598,415.1819522680544,8.050462723630998,1.990294110500785,92,0.023279273206518708,2543.7825839999987,0.13295589208613912,0.02522800688740623,0.10772788519873289,0,0
0x7c6f2844f57f785a5e660a6ca4911871f4dcd707,,102,122,28789.263739000013,0.5790492572025366,0.6335228197341011,0.054473562531564435,1568.2537585241153,3.343105864626768,2.905379079980814,102,0.0018340427501454108,10789.203898999998,0.12104139569524808,0.014572921561384788,0.10646847413386329,1,0
0x2b0266fe414d026d147615d54bf0784552ddc718,,286,2195,54121.65091499991,0.5400731527286156,0.6100706779779516,0.069997525249336,3788.3816264584566,7.381236376335338,-0.3571240927510415,536,0.6395005456288141,24464.320841999954,0.12711860517486484,0.022878367095182317,0.10424023807968252,0,0
0xd7e71e9b1c9d5e428e94906660c5a94537e51150,,31,1218,166263.57178400038,0.6448421819891679,0.6591275887623256,0.014285406773157705,2375.1427544925536,0.8585185689560261,-0.40666885069852976,56,0.6578743892783387,7272.377695999998,0.11373138112315195,0.009736672549427006,0.10399470857372495,0,0
0xacdc10aa54ee5af3f8a96c9283303d1ed8fc28f7,,19,41,11586.248659999997,0.7197992558545834,0.8234597424046654,0.10366048655008198,1201.0361733858354,0.7270989871802419,0.060102378799728434,31,0.4760370476910455,10292.506531999998,0.11505853550411427,0.012982065578516916,0.10207646992559735,0,0
0xb810b0d44b80949efc2298dfeaddbad7b25a8919,,353,359,23244.61152200002,0.5270713996221309,0.5784863747571466,0.051414975135015695,1195.121123426732,2.4849575961870918,2.5544082620443325,357,0.005318422757112727,7457.986506999999,0.11726436640190074,0.020306117409190305,0.09695824899271044,0,0
0x708ff631d83073ab55a1e3cff63fd4cfc988b2fa,,89,91,32869.915425,0.9093718676114328,0.9588434398595657,0.04947157224813281,1626.1263957379015,2.6343199379554365,2.600582770725043,89,0.00465327826130276,7018.340863999998,0.12443266866496538,0.02912068317748473,0.09531198548748065,1,0
0xde74ffac7666be86da5126e0a1094b03932a0ef0,,108,190,50038.451454999995,0.8851982263544554,0.9351046496728566,0.049906423318401116,2497.24014051049,3.5956383277612805,1.908601522242575,117,0.028156757709343866,16365.433055000001,0.10332241950158816,0.02394570012994801,0.07937671937164015,0,0
