subset,offset_s,n_nonzero_flow,raw_flow_sign_matches_winner_share
narrow_close_10bps,-180,883,0.5198187995469988
narrow_close_10bps,-175,857,0.5227537922987164
narrow_close_10bps,-170,817,0.5042839657282742
narrow_close_10bps,-165,818,0.5073349633251834
narrow_close_10bps,-160,813,0.5301353013530136
narrow_close_10bps,-155,793,0.5044136191677175
narrow_close_10bps,-150,819,0.518925518925519
narrow_close_10bps,-145,801,0.4968789013732834
narrow_close_10bps,-140,800,0.5025
narrow_close_10bps,-135,799,0.5006257822277848
narrow_close_10bps,-130,771,0.5188067444876784
narrow_close_10bps,-125,835,0.49580838323353293
narrow_close_10bps,-120,890,0.5022471910112359
narrow_close_10bps,-115,837,0.5077658303464755
narrow_close_10bps,-110,800,0.5275
narrow_close_10bps,-105,803,0.5080946450809465
narrow_close_10bps,-100,796,0.5213567839195979
narrow_close_10bps,-95,790,0.48227848101265824
narrow_close_10bps,-90,790,0.5392405063291139
narrow_close_10bps,-85,820,0.5097560975609756
narrow_close_10bps,-80,765,0.5424836601307189
narrow_close_10bps,-75,773,0.5239327296248383
narrow_close_10bps,-70,777,0.5057915057915058
narrow_close_10bps,-65,804,0.48134328358208955
narrow_close_10bps,-60,849,0.5276796230859835
narrow_close_10bps,-55,822,0.5267639902676399
narrow_close_10bps,-50,855,0.5099415204678363
narrow_close_10bps,-45,847,0.5230224321133412
narrow_close_10bps,-40,818,0.5440097799511002
narrow_close_10bps,-35,815,0.5411042944785276
narrow_close_10bps,-30,846,0.524822695035461
narrow_close_10bps,-25,853,0.5064478311840562
narrow_close_10bps,-20,814,0.547911547911548
narrow_close_10bps,-15,854,0.5608899297423887
narrow_close_10bps,-10,1170,0.5376068376068376
narrow_close_10bps,-5,1170,0.5606837606837607
narrow_close_10bps,0,951,0.5005257623554153
narrow_close_10bps,5,893,0.528555431131019
narrow_close_10bps,10,843,0.5088967971530249
narrow_close_10bps,15,855,0.4818713450292398
narrow_close_10bps,20,868,0.5138248847926268
narrow_close_10bps,25,840,0.5154761904761904
all_5m,-180,8078,0.5402327308739787
all_5m,-175,7618,0.5418745077448149
all_5m,-170,7622,0.5347677774862241
all_5m,-165,7464,0.5242497320471597
all_5m,-160,7317,0.5384720513871806
all_5m,-155,7298,0.5371334612222527
all_5m,-150,7265,0.5277357192016517
all_5m,-145,7454,0.5339415079152133
all_5m,-140,7307,0.5429040645955933
all_5m,-135,7188,0.5243461324429605
all_5m,-130,7186,0.5352073476203729
all_5m,-125,7297,0.536110730437166
all_5m,-120,8192,0.5360107421875
all_5m,-115,7564,0.5334479111581174
all_5m,-110,7521,0.5444754686876745
all_5m,-105,7383,0.5295950155763239
all_5m,-100,7376,0.5324023861171366
all_5m,-95,7288,0.5245609220636663
all_5m,-90,7268,0.5317831590533847
all_5m,-85,7360,0.5432065217391304
all_5m,-80,7141,0.535219156980815
all_5m,-75,6967,0.5416965695421272
all_5m,-70,7124,0.5301796743402583
all_5m,-65,7202,0.5211052485420716
all_5m,-60,8020,0.5360349127182045
all_5m,-55,7485,0.5361389445557783
all_5m,-50,7676,0.5250130276185513
all_5m,-45,7413,0.5435046539862404
all_5m,-40,7251,0.5397876155013102
all_5m,-35,7086,0.5389500423370025
all_5m,-30,7190,0.537134909596662
all_5m,-25,7380,0.5317073170731708
all_5m,-20,7171,0.5332589596987868
all_5m,-15,7319,0.5355922940292389
all_5m,-10,7258,0.5411959217415266
all_5m,-5,7331,0.5374437320965761
all_5m,0,8615,0.514335461404527
all_5m,5,8007,0.5159235668789809
all_5m,10,7749,0.5127113175893664
all_5m,15,7760,0.5192010309278351
all_5m,20,7681,0.5185522718396042
all_5m,25,7542,0.5064969504110316
narrow_close_10bps_nonquarter,-180,562,0.5284697508896797
narrow_close_10bps_nonquarter,-175,533,0.5328330206378987
narrow_close_10bps_nonquarter,-170,512,0.5
narrow_close_10bps_nonquarter,-165,524,0.49427480916030536
narrow_close_10bps_nonquarter,-160,507,0.5601577909270217
narrow_close_10bps_nonquarter,-155,489,0.50920245398773
narrow_close_10bps_nonquarter,-150,498,0.5040160642570282
narrow_close_10bps_nonquarter,-145,509,0.49705304518664045
narrow_close_10bps_nonquarter,-140,511,0.49510763209393344
narrow_close_10bps_nonquarter,-135,516,0.4806201550387597
narrow_close_10bps_nonquarter,-130,491,0.5213849287169042
narrow_close_10bps_nonquarter,-125,534,0.5205992509363296
narrow_close_10bps_nonquarter,-120,567,0.5097001763668431
narrow_close_10bps_nonquarter,-115,530,0.5056603773584906
narrow_close_10bps_nonquarter,-110,511,0.512720156555773
narrow_close_10bps_nonquarter,-105,493,0.5212981744421906
narrow_close_10bps_nonquarter,-100,507,0.5187376725838264
narrow_close_10bps_nonquarter,-95,506,0.48616600790513836
narrow_close_10bps_nonquarter,-90,502,0.547808764940239
narrow_close_10bps_nonquarter,-85,522,0.5057471264367817
narrow_close_10bps_nonquarter,-80,486,0.5390946502057613
narrow_close_10bps_nonquarter,-75,495,0.5313131313131313
narrow_close_10bps_nonquarter,-70,502,0.4960159362549801
narrow_close_10bps_nonquarter,-65,516,0.49224806201550386
narrow_close_10bps_nonquarter,-60,554,0.5397111913357401
narrow_close_10bps_nonquarter,-55,518,0.5135135135135135
narrow_close_10bps_nonquarter,-50,524,0.5286259541984732
narrow_close_10bps_nonquarter,-45,532,0.5093984962406015
narrow_close_10bps_nonquarter,-40,524,0.566793893129771
narrow_close_10bps_nonquarter,-35,508,0.5137795275590551
narrow_close_10bps_nonquarter,-30,526,0.5380228136882129
narrow_close_10bps_nonquarter,-25,549,0.5300546448087432
narrow_close_10bps_nonquarter,-20,500,0.578
narrow_close_10bps_nonquarter,-15,536,0.5746268656716418
narrow_close_10bps_nonquarter,-10,738,0.518970189701897
narrow_close_10bps_nonquarter,-5,738,0.556910569105691
narrow_close_10bps_nonquarter,0,566,0.5053003533568905
narrow_close_10bps_nonquarter,5,550,0.5618181818181818
narrow_close_10bps_nonquarter,10,497,0.5150905432595574
narrow_close_10bps_nonquarter,15,509,0.48919449901768175
narrow_close_10bps_nonquarter,20,535,0.5177570093457944
narrow_close_10bps_nonquarter,25,505,0.5247524752475248
