market_timeframe,market_duration_seconds,series_slug,slug_prefix,cell,wallet,buy_shares,avg_entry_price,gross_edge_per_share,fee_per_share,net_edge_per_share,fee_paid_usd,gross_profit_if_held_usd,net_profit_if_held_usd,breakeven_fee_rate,breakeven_multiple_of_actual
5m,300,btc-up-or-down-5m,btc-updown-5m,5m_mar1_apr30,0x62b9fad368bf46f2c63b786a566a5ca16f3d26c5,5029.028666999999,0.11193565689212549,0.8330846139577246,0.006433582020911125,0.8266510319368134,32.35466841465783,4189.606405630024,4157.251737215366,9.064300849432865,129.4900121347552
5m,300,btc-up-or-down-5m,btc-updown-5m,5m_mar1_apr30,0x704ba05bc17238ec1030f00aa398b7ba31baa3a6,4185.5861999999925,0.3102377364382486,0.26143139320481146,0.012561831829550502,0.24886956137526095,52.57862995248724,1094.2436316448309,1041.6650016923436,1.4568096255903815,20.81156607986259
5m,300,btc-up-or-down-5m,btc-updown-5m,5m_mar1_apr30,0x7c1bc4252e0363f41cdef193078f5e4b1fa1fa63,10566.50149,0.35286980306672694,0.3223123361448014,0.011939292207448094,0.3103730439373533,126.15654889954568,3405.713780119425,3279.557231219879,1.889715331371262,26.99593330530374
5m,300,btc-up-or-down-5m,btc-updown-5m,5m_may1_jun9,0x00d7cdc6888883a24951c5b8efe3493b80eccfe0,12281.292351999997,0.3463304560376613,0.1930512139965379,0.01407145550092411,0.1789797584956138,172.81565882500755,2370.918397999996,2198.1027391749885,0.9603544550789491,13.7193493582707
5m,300,btc-up-or-down-5m,btc-updown-5m,5m_may1_jun9,0x686f9931439c59909712b2b70368c24f2a1503a5,13912.144135999995,0.40603860675814923,0.21314676602053934,0.014555529977842045,0.1985912360426973,202.49863102760733,2965.3285310000083,2762.829899972401,1.0250587676402687,14.643696680575266
5m,300,btc-up-or-down-5m,btc-updown-5m,5m_may1_jun9,0x725fd0798eca95357696f2521dd1d4784162570c,36438.63999999999,0.3587088815608926,0.3420700168831768,0.014493511513794466,0.3275765053693823,528.1238483870114,12464.566199999996,11936.442351612985,1.6521117852655913,23.601596932365588
5m,300,btc-up-or-down-5m,btc-updown-5m,5m_may1_jun9,0x7f59998477864871448e312011fa5cc6b210b636,51144.28000000001,0.5028657711087142,0.228194672014153,0.014889677146619377,0.21330499486753363,761.5218170963027,11670.852200000005,10909.330382903701,1.072798750684627,15.325696438351814
5m,300,btc-up-or-down-5m,btc-updown-5m,5m_may1_jun9,0x8e8919437b6a32825fe7d1bfc228fa33154d3864,21672.151973999997,0.4072259591750678,0.31704060248576477,0.013337171647105909,0.30370343083865886,289.0452108394031,6870.952119000016,6581.906908160613,1.6639841460553786,23.771202086505408
5m,300,btc-up-or-down-5m,btc-updown-5m,5m_may1_jun9,0xdd6a3384bd17150028b4b8aacd1f4d8309583680,3495.943944,0.22156731526814216,0.31595041988465017,0.008760945585476678,0.3071894742991735,30.62777466326073,1104.544957,1073.9171823367394,2.524445469515168,36.063506707359544
5m,300,btc-up-or-down-5m,btc-updown-5m,5m_may1_jun9,0xf5c1325da8d819e0ce1ec0fde7cde72bcdb96683,32328.242294999996,0.37578941001933,0.3496429249959013,0.014222471340682783,0.33542045365521855,459.78749953528643,11303.341196000008,10843.553696464722,1.7208686284853583,24.58383754979083
15m,900,btc-up-or-down-15m,btc-updown-15m,15m_jan1_mar31,0x162f272e66376edd22c553017122ad1f19c8585a,14966.248490999998,0.20340652105424317,0.36728985299943284,0.01067812287504728,0.3566117301243856,159.8114403653889,5496.951208212373,5337.139767846984,2.4077536858131037,34.396481225901475
15m,900,btc-up-or-down-15m,btc-updown-15m,15m_jan1_mar31,0x31fed1eb28687d3ec173f44c417be1a9addfad2d,5352.6781869999995,0.5408625980021647,0.23738584482730118,0.01723673165436155,0.22014911317293964,92.26267754147348,1270.6500335096616,1178.387355968188,0.9640464022485579,13.772091460693682
15m,900,btc-up-or-down-15m,btc-updown-15m,15m_jan1_mar31,0x438663454e6cd38fbd8f4e7866ba7badeabec0d2,13742.742255000001,0.35411761509844525,0.23663412464594474,0.013159590450068577,0.22347453419587618,180.84885973665192,3252.001783746762,3071.1529240101104,1.2587313251173264,17.98187607310466
15m,900,btc-up-or-down-15m,btc-updown-15m,15m_jan1_mar31,0x5512c43634d9e39f315541a20ee556b1072da924,31930.258174000002,0.39047665185606795,0.2412725442536422,0.014692604542023762,0.22657993971161844,469.1386562753038,7703.894628316637,7234.755972041333,1.1494951796632682,16.421359709475258
15m,900,btc-up-or-down-15m,btc-updown-15m,15m_jan1_mar31,0x55e3319d46f447d564c632dc580a6b78b7e97245,6576.645868,0.5781227772847047,0.28284277394725343,0.016584565882048246,0.26625820806520517,109.07081668074638,1860.1567605738624,1751.0859438931159,1.1938204663975505,17.054578091393576
15m,900,btc-up-or-down-15m,btc-updown-15m,15m_jan1_mar31,0xa4f62bbb786a7193e297dc27840f936b0eb2a0f3,6559.228027000002,0.2788589975723323,0.4324996002372444,0.011443654195386286,0.4210559460418581,75.06153732967388,2836.86349954243,2761.8019622127563,2.6455685832251907,37.793836903217006
15m,900,btc-up-or-down-15m,btc-updown-15m,15m_jan1_mar31,0xc281759f23fcbb4f5cdd183a01364c20f68d6440,25040.176979999967,0.32317966705357665,0.2283276927797891,0.011393692078631733,0.21693400070115737,285.3000661045623,5717.36583664098,5432.065770536417,1.4027883485249173,20.039833550355958
15m,900,btc-up-or-down-15m,btc-updown-15m,15m_jan1_mar31,0xdd52fa78ffc8a1942ac63e526466b9c98fc24508,109688.83952900005,0.267915690424807,0.23608719495884078,0.009558512726027698,0.22652868223281308,1048.4621685411569,25896.130442692036,24847.668274150878,1.7289409054317109,24.69915579188158
15m,900,btc-up-or-down-15m,btc-updown-15m,15m_jan1_mar31,0xe35af5fcd8dc255a3e79ba9aa9ce01ab754bf8ce,7069.511710999991,0.34982813261562146,0.23384788146885466,0.013324931249804174,0.2205229502190505,94.20075751876035,1653.1903366366055,1558.989579117845,1.228475509249655,17.549650132137927
15m,900,btc-up-or-down-15m,btc-updown-15m,15m_jan1_mar31,0xef5d7e320e7ab97f527bd354cd2f2f24a8afd518,17225.75211800001,0.39282283364939447,0.22352226137294634,0.011812581626578318,0.21170967974636803,203.48060297307947,3850.339067265182,3646.858464292103,1.3245672106850443,18.92238872407206
15m,900,btc-up-or-down-15m,btc-updown-15m,15m_jan1_mar31,0xf1fb3659e08c1cb9439ce4c324b3a340024b0255,11360.442663999997,0.333376925358845,0.25558451169876295,0.012932752582590443,0.2426517591161725,146.9217942022166,2903.553190960233,2756.6313967580168,1.3833803519134393,19.762576455906274
15m,900,btc-up-or-down-15m,btc-updown-15m,15m_apr1_jun9,0xfcefc196f9c260705ae2434333061cc2ca43ed6c,93889.48310999981,0.4012869586773475,0.19513588075178895,0.013723723855189688,0.18141215689659926,1288.5133391081338,18321.206980000024,17032.693640891892,0.9953210802518311,14.218872575026158
