condition_id,slug,crop_pnl_if_held_usd,gamma_winner,onchain_winner,winner_agree,resolution_lag_s,margin_bps_abs,tx_hash
0x7ea8dd1e489cc18867c7ab515f4280c05dabfa305086092c43db9170369b26ec,btc-updown-5m-1772070000,10984.51,Down,Down,True,66,1.150902313174057,0x5d7f8730fc5a75719a25828b0f4612989aa8ba1ac4a6253c2acf0241999038ae
0xa5761c871cf2f0720c69401604bce44a6a5d998a8678ab9872f5c73483f8c5e1,btc-updown-5m-1772034300,1205.03,Up,Down,False,24,3.1204843083422364,0xda8774e5123de357c72a60940925205dd0cf8a1ace8b152d57cc9c5769321714
0x49ae389f6be27e03176cfea0f578f96e255b3990d2fc4fc85f5341c3014f35bc,btc-updown-5m-1773708000,1016.44,Up,Down,False,37,0.36326632346157034,0x958b2db53a4c15fc56e5525be419ecc8b048baf0b8a72d69e925a2f0c128ca86
0x0c5440c2a1be221274d9d7868c90d01e7eb565b0da3c1f00c10d6f78490ebc31,btc-updown-5m-1774592700,783.43,Down,Down,True,27,1.4764558783585797,0xd5a86c919c3ad2e12f540a7f6a4eab03d72e1347b94c8e2a2d8f8c388a62784a
0x16d116c2a6f9eefd5b7d3f167f34ed7638c53e6b0a11c007b62b39860127549c,btc-updown-5m-1773723300,429.78,Up,Up,True,41,0.7910552640127713,0x27998af2046bc2c6bb01a55003fa4c5d59b70c5dfc8f869a75a260bfbc144459
0x3a35e748bae64db4f39c5ea8315fda011ecb1f519b039dfcbf721a87b3d46eed,btc-updown-5m-1773700800,308.36,Down,Up,False,25,1.0814053974618092,0x91b0059882b146fa21f046b8342102a80bdb3ed13330aa23987499ba65347971
0xe6fb0bcc21cc9f6bb2836c6bd0e07fdd83896f4c282be41e5a96c75ea138bc65,btc-updown-5m-1774362000,305.04,Down,Down,True,41,0.06312617343182067,0x134412629adc67f4b091b480269f49d0752c80bedd7052322f6c5bf506de5a1f
0x65bf1f6488eac4ff39c85a292e6405a75dc8bc35b79f3eb7db65e58be9429b51,btc-updown-5m-1774056600,266.92,Down,Down,True,49,0.9345900561938402,0x11711583c6d37cbb00b1a174def3d1dd8d799fd7b430aafa610407499dea3c06
0x660977366c83c0fa1bc987d4cd138e965992422f86745e6eabde1540fd60ab0f,btc-updown-5m-1773777600,245.93,Down,Down,True,53,8.914464310655847,0x00d403fcb0c1271f7543bc723f986de00aea7b0be0d0a20f0be202619f7a63f3
0xeb36841ef9df6d72361e9786bedba44bedbabdac0478d933a31f205895d658bf,btc-updown-5m-1772795100,244.56,Down,Down,True,47,0.9447165484150575,0x883d5eddf94c4d837b1b3115dcdd14a4f9777311722c6fe1066a0acd8008b2ad
