offset_bucket,s_bin,n,win_rate
-300..-180s,0,288,0.2535
-300..-180s,1,1642,0.2418
-300..-180s,2,1068,0.3212
-300..-180s,3,803,0.4359
-300..-180s,4,759,0.5679
-300..-180s,5,1068,0.6788
-300..-180s,6,1642,0.7582
-300..-180s,7,288,0.7465
-180..-120s,0,193,0.2383
-180..-120s,1,1640,0.1707
-180..-120s,2,1124,0.2874
-180..-120s,3,842,0.4418
-180..-120s,4,802,0.5611
-180..-120s,5,1124,0.7126
-180..-120s,6,1640,0.8293
-180..-120s,7,193,0.7617
-120..-60s,0,125,0.168
-120..-60s,1,1706,0.1319
-120..-60s,2,1108,0.2175
-120..-60s,3,860,0.4174
-120..-60s,4,820,0.5866
-120..-60s,5,1108,0.7825
-120..-60s,6,1706,0.8681
-120..-60s,7,125,0.832
-60..0s,0,46,0.1304
-60..0s,1,1709,0.0708
-60..0s,2,1188,0.1608
-60..0s,3,857,0.3699
-60..0s,4,815,0.6368
-60..0s,5,1188,0.8392
-60..0s,6,1709,0.9292
-60..0s,7,46,0.8696
