market_timeframe,market_duration_seconds,series_slug,slug_prefix,slug,condition_id,underlying_source,underlying_symbol,winner,official_margin_bps_abs,exchange_aligned_final_move_bps,impact_bins,per_market_bps_per_dollar,per_market_fit_r_like,pooled_bps_per_dollar,effective_bps_per_dollar,lambda_source,move_to_flip_bps,required_notional_usd,final_quote_volume,notional_multiple_of_final_volume,cost_floor_slippage_only_usd,taker_fee_bps,slippage_usd,fees_usd,cost_to_flip_usd,payout_window_seconds,polymarket_trade_status,late_pro_winner_notional,late_pro_winner_buy_notional,late_pro_winner_buy_profit,profit_minus_cost_usd,profit_over_cost_floor_ratio,profit_over_cost_ratio,self_financing_at_floor,self_financing
5m,300,btc-up-or-down-5m,btc-updown-5m,btc-updown-5m-1777988100,0x1088a3abc4bd52189d7823bcabd41956930fb54b9a8a647f3bef447ce5cffa18,kraken,XBTUSD,Down,14.216515532342743,2.297558393585814,59,1.7033836178964914e-05,0.02365014446137184,1.339096171567855e-07,1.7033836178964914e-05,per_market,14.216515532342743,834604.4533349875,16422.802379384,50.81985607905077,1186.5167174199273,10.0,1186.5167174199273,1669.208906669975,2855.7256240899023,60,ok,15689.200684999973,15622.623384999979,604.9095080000011,-2250.8161160899012,0.5098196250579367,0.21182339889280544,0,0
5m,300,btc-up-or-down-5m,btc-updown-5m,btc-updown-5m-1780327200,0x854553dd79d20ade26950d8ef2738c18d5fa0a4d813a467d92704fd02690f25b,kraken,XBTUSD,Down,17.430097641766054,1.8997161036964922,55,6.4610861934080734e-06,0.03067080496599567,1.339096171567855e-07,6.4610861934080734e-06,per_market,17.430097641766054,2697703.9339839052,17106.14414085,157.7037999780269,4702.124297791587,10.0,4702.124297791587,5395.4078679678105,10097.532165759398,60,ok,15931.213376999958,15919.634876999959,226.06617100000003,-9871.465994759397,0.048077455354843535,0.02238825955579399,0,0
5m,300,btc-up-or-down-5m,btc-updown-5m,btc-updown-5m-1780422300,0xfb99c692c89e0359fda2c19923d7b5c23bced4e98b8c2da271ae175a0dd42c5c,kraken,XBTUSD,Down,5.831617043982538,0.32666054923455956,58,1.9633000272845778e-06,0.007153823701808432,1.339096171567855e-07,1.9633000272845778e-06,per_market,5.831617043982538,2970313.7385721905,59230.187768817,50.14864633159201,1732.173222383308,10.0,1732.173222383308,5940.627477144381,7672.800699527689,60,ok,11871.046304000003,11854.314404000002,236.44568000000015,-7436.355019527689,0.13650232952722421,0.030816085189669388,0,0
5m,300,btc-up-or-down-5m,btc-updown-5m,btc-updown-5m-1780502100,0x1f1e06666fbea702408f283fe22f627b88b2f877ba35001202657309f1818fa5,kraken,XBTUSD,Down,17.386838432307584,-0.0,59,3.936726159444541e-06,0.021287996724571136,1.339096171567855e-07,3.936726159444541e-06,per_market,17.386838432307584,4416572.991899647,30810.26322,143.34746056413752,7679.024103465247,10.0,7679.024103465247,8833.145983799293,16512.17008726454,60,ok,7778.974455000005,7769.968755000001,108.82872900000008,-16403.34135826454,0.014172208282415714,0.006590819282072269,0,0
5m,300,btc-up-or-down-5m,btc-updown-5m,btc-updown-5m-1780545000,0x4abdc9aa9f22070e71f54fbb19462135d2d78113f21a4816aa6b1281f09fa7c8,kraken,XBTUSD,Up,3.104425478476605,-0.01555034618993615,56,6.782282639293915e-06,0.0365327994821113,1.339096171567855e-07,6.782282639293915e-06,per_market,3.104425478476605,457725.7604233076,10918.33113101,41.92268533817271,142.09755128131945,10.0,142.09755128131945,915.4515208466152,1057.5490721279346,60,ok,6604.239740999991,5579.956640999991,2909.5002469999986,1851.951174872064,20.47537217048785,2.751172804819055,1,1
5m,300,btc-up-or-down-5m,btc-updown-5m,btc-updown-5m-1780606200,0x3e58336da2c1551f24d346f748f77cbd0e8098f4d65afc05a51ce860f0350f0b,kraken,XBTUSD,Up,4.535087453901814,0.015748043896731827,55,9.86797972202166e-05,0.048431914709465236,1.339096171567855e-07,9.86797972202166e-05,per_market,4.535087453901814,45957.60815946131,8713.064834810999,5.2745628582778945,20.842177217530864,10.0,20.842177217530864,91.91521631892263,112.75739353645349,60,ok,9984.890880999985,9519.078280999987,3469.377454000002,3356.6200604635487,166.45945468124242,30.768514109705652,1,1
5m,300,btc-up-or-down-5m,btc-updown-5m,btc-updown-5m-1780670400,0x8c00cfdf71677004f34900773fe415335216438c0e64b7ab69625de33bc5d58a,kraken,XBTUSD,Down,8.798411980597525,-2.7968530649919376,60,9.804355188106687e-06,0.018559945536798857,1.339096171567855e-07,9.804355188106687e-06,per_market,8.798411980597525,897398.3308224658,63147.42045507499,14.211163723796167,789.5680225276604,10.0,789.5680225276604,1794.7966616449314,2584.3646841725918,60,ok,15450.07965999996,15310.45895999996,959.1727100000004,-1625.1919741725915,1.2148069357335178,0.37114448896251206,1,0
5m,300,btc-up-or-down-5m,btc-updown-5m,btc-updown-5m-1780674900,0x6caf5ea0b127008fd192d2dfda980ae9dd57c43dee7f965989c251698f70101b,kraken,XBTUSD,Down,17.42786677774666,6.123942156278927,60,-5.108400948558164e-09,1.8834698237865143e-06,1.339096171567855e-07,1.339096171567855e-07,pooled,17.42786677774666,130146490.95248759,387185.889464183,336.13438530157725,226817.57059111647,10.0,226817.57059111647,260292.98190497517,487110.55249609164,60,ok,16306.450122999973,16215.800722999966,1602.8215270000003,-485507.73096909164,0.007066566857333125,0.003290467674713043,0,0
5m,300,btc-up-or-down-5m,btc-updown-5m,btc-updown-5m-1780682100,0x7fcba4126ca6632d2cbb36e25635e783ffe02350fd61c6531bb2c7936a69cc70,kraken,XBTUSD,Up,3.287559365583078,0.03292354494448134,57,-3.945993489654612e-06,0.0008912696204686004,1.339096171567855e-07,1.339096171567855e-07,pooled,3.287559365583078,24550584.456782535,25007.061410776,981.7460777779846,8071.150386143376,10.0,8071.150386143376,49101.16891356507,57172.31929970844,60,ok,6223.711428999996,4520.529429000006,3267.9580679999995,-53904.36123170844,0.4048937154746193,0.05715979530004243,0,0
