wallet,label,n_markets,n_buy_trades,buy_shares,avg_entry_price,win_rate,edge_per_share,profit_if_held_usd,trade_edge_z,contested_buy_shares,edge_contested,edge_other,contested_minus_other_edge
0x37d488f27d6f5b1d947c821321f63eab27b0e221,,13,37,2127.826142,0.11793736141152866,0.8367499251261666,0.718812563714638,1529.5081642700472,2.4082000079377752,1858.162176,0.8373945419968474,-0.09829529859149888,0.9356898405883463
0x5e2bbc2a6bcc683175b43fa2d315f8c01188f439,,3,64,45954.09479999999,0.3500784519730683,1.0,0.6499215480269317,29866.556430592365,10.176748449377197,45954.09479999999,0.6499215480269317,,
0x000d6752f17c87fff96b90618731b369e2a09e72,,3,130,2302.610927000002,0.2690163182744244,0.9188700514665802,0.6498537331921558,1496.3603070000017,16.928188857514325,2302.610927000002,0.6498537331921558,,
0x7780e9f103f370a7a0351217501d99da178503ed,,3,125,49648.786000000015,0.3578604588338968,1.0,0.6421395411661033,31881.448661494058,15.52243681603232,49648.786000000015,0.6421395411661033,,
0x36946572d760b5b1a50cfcd213ba901f1cd4c5ae,,9,42,29064.544841999996,0.21924103370903547,0.8146896733019893,0.5954486395929538,17306.4436865573,8.224593840801475,21732.917646999995,0.7569001182310076,0.11686297287763994,0.6400371453533676
0x396dccc4190ef38ad091336f7e08d3caf4d2d3cc,,2,42,6686.628884999999,0.4117085242075235,1.0,0.5882914757924764,3933.686774833251,9.835503069813255,6686.628884999999,0.5882914757924764,,
0x9f2dde9fcb83190847a8da2287c3e6f43c8bc34d,,4,82,26983.818600000002,0.4234835906272385,0.9935146317652758,0.5700310411380373,15381.614210437938,10.641478989899857,26808.818600000002,0.5737585620590508,-0.001,0.5747585620590508
0xa3c3203e7cf95c46865fb910e866a9da3c83864b,,2,42,6779.4498159999985,0.4299958878058387,1.0,0.5700041121941612,3864.3142735339493,9.596413424459143,6779.4498159999985,0.5700041121941612,,
0xaf0ff679d5c2245fa6a4049981f026ef6dc8d0f8,,6,75,48230.49980700001,0.4415524016102317,0.9710200115156771,0.5294676099054454,25536.48745735734,7.901414049605064,46964.620607000004,0.5442778992139328,-0.020000000000000004,0.5642778992139328
0xc18e6cfc590721094ef1d37af0ac2184e1cb38af,,11,22,6023.272815000001,0.39808780586883524,0.9125605740971239,0.5144727682282886,3098.8098389272473,2.653884621163565,3966.5788380000004,0.6229915008273725,0.3051814915153672,0.3178100093120053
0x3675b7eae0d21dd5f26545cfa95c5f6c165b75cd,,18,30,6853.8473810000005,0.21908759717536072,0.7303115466031412,0.5112239494277805,3503.85092689007,2.2235551151970196,4661.833756,0.7965140180930431,-0.09551264070417087,0.892026658797214
0x533bb9e07294d9c37be0cab940490f01beaa52c0,,9,223,6290.753198999992,0.38244399308950416,0.881105830201876,0.4986618371123719,3136.958547033866,16.643845844133917,5862.224846999994,0.5496605797284149,-0.19899584349198274,0.7486564232203976
0xf8001e720d275dcdc69adf94e5047f88f67524eb,,6,158,74955.67174400004,0.410448898231205,0.9026195359181167,0.4921706376869117,36890.980760495324,13.623431682007793,67656.45364400001,0.5475303780540455,-0.020958803929971622,0.5684891819840171
0xf4df10996e7cf58c2e63098ab56e6579af09e559,,3,42,28782.233494000004,0.36981995443890237,0.8594642941506532,0.4896443397117508,14093.05771459907,6.724223232295991,28782.233494000004,0.4896443397117508,,
0x3c2781460cf28726ed6ff38dc52e3175b0c2555b,,8,48,29464.780453000007,0.5262642078962503,1.0,0.4737357921037497,13958.52110706504,7.565484714151975,29464.780453000007,0.4737357921037497,,
0x9adff33e757c0987015353863a98d1ecc524f6c0,,3,23,4735.430239,0.5333924035447395,1.0,0.4666075964552605,2209.58772200135,4.066392344928827,4735.430239,0.4666075964552605,,
0x4984e7363b2909adb0943553c7c78d1b28de7c09,,3,47,7751.719652000002,0.44731958875481753,0.8951621084761074,0.4478425197212899,3471.5496611247218,8.767172230208097,7751.719652000002,0.4478425197212899,,
0x767a4891288410bc5702388d516f0343e1e8aa48,,9,32,3271.6903999999995,0.5403112912008566,0.9788340913920216,0.43852280019116496,1434.7108355665523,5.862292218334211,3207.4173,0.4581313162981795,-0.54,0.9981313162981795
0xa4f62bbb786a7193e297dc27840f936b0eb2a0f3,,21,354,6559.228027000002,0.2788589975723323,0.7113585978095767,0.4324996002372444,2836.86349954243,19.403734023381997,5422.978369,0.5363920219779988,-0.06334772683243209,0.5997397488104309
0x39ed1dbbb3d3dd0490bfd8024d0c9d2c9a390ae6,,24,168,7691.668443999999,0.31202234394062806,0.7385991353321523,0.4265767913915242,3281.0872452889575,5.502009974530218,5963.122192000002,0.5049817271002626,0.15609620023224746,0.3488855268680151
0x66c5ee54dc7d8bb1a22664b2fb55dbeb3c8919e7,,5,147,123709.43931099983,0.45584603568733745,0.8680925850049593,0.4122465493176219,50998.78947397745,9.56425288507266,107391.24696099998,0.5757881544049086,-0.6640330117777022,1.2398211661826108
0x9829f56793b04de12f9d61f2bbcf845c4f13d58f,,41,56,2370.743980000001,0.3175353950369349,0.7217307922890938,0.40419539725215886,958.2438047792647,2.7032083430342886,1470.0079630000002,0.6049848932333217,0.07650542770688012,0.5284794655264415
0x5e6c5e3e553f23079b31c524d8442740912f7e2d,,40,64,5251.94974,0.3891277505503224,0.7866416891872237,0.39751393863690127,2087.7232266704495,0.9238032176215567,3655.6251760000005,0.567900985596256,0.007323126207035069,0.560577859389221
0xae68f4df7589a0fe104deb5fd6d6747cbf9a2cef,,61,97,2447.5318110000007,0.15852547040038817,0.5289807107638855,0.37045524036349736,906.7009853413113,-1.5539166608755148,489.6269290000001,-0.03254116266351459,0.47123536151555334,-0.5037765241790679
0xcdaee26c99776f58ab99207ff23a24b0ec52f7c7,,12,48,3259.1912499999994,0.45347110690606673,0.8237180772990849,0.3702469703930181,1206.7056862439335,5.158338600531617,2570.334297,0.41274110018395227,0.2116884790442226,0.20105262113972966
0x162f272e66376edd22c553017122ad1f19c8585a,,10,31,14966.248490999998,0.20340652105424317,0.570696374053676,0.36728985299943284,5496.951208212373,6.411644001894337,14966.248490999998,0.36728985299943284,,
0x797d8969be4aad4e50a286a43a3ebc1adf9ef9f4,,15,25,4772.348980000001,0.26268767286896183,0.6109157549496725,0.3482280820807107,1661.8659323252364,2.4719539269187925,2581.914493,0.737712292563139,-0.11086573414956857,0.8485780267127075
0x47b94b46610cefca8c10d82e79215b8fe5341ccd,,26,324,107330.99844399988,0.15590264670579848,0.5003073159616348,0.34440466925583635,36965.297020004466,11.409703672144243,61019.95972099999,0.6762532830612235,-0.0928428986294797,0.7690961816907032
0x0675cd008637ed3acb4e907fe9729b93f1d23e92,,23,151,2259.179096999999,0.060793578171507615,0.38939577706264544,0.32860219889113784,742.3712189630947,9.896457488246455,1019.5026970000001,0.8262128192723109,-0.08062989549611498,0.9068427147684259
0xc33a69ee62019c95b54d74b0fc0a86a4a32c671f,,55,657,3392.8438929999993,0.27806651947114797,0.6065349756426305,0.3284684561714825,1114.4421955645523,19.02578881538219,2329.116325,0.48698427812829614,-0.018614575045407922,0.5055988531737041
0xb8d22a0035eb4876891bc49259ac3cb2bd300d37,,21,35,4063.124968,0.4468462839395591,0.7734884830645455,0.32664219912498643,1327.1880748671601,2.2519392656664246,1771.1949399999999,0.2657683656362525,0.37368526960987986,-0.10791690397362735
0xa2b02b0ac3e96eff5fba5fea799aa11a716a553a,,24,37,3185.65297,0.5086772772480631,0.8333395931698109,0.32466231592174777,1034.261470963194,3.99805490800302,912.9095300000001,0.4069690123620463,0.2916015813747962,0.11536743098725011
0x4a8a0212fb5ba8a353346b9d990ad953cdf244f8,,45,45,2234.3964809999998,0.4701563190251149,0.7926566095410891,0.3225002905159742,720.5935142503704,1.806534438884538,1050.3352,0.3321019933435611,0.3139829894086895,0.01811900393487159
0x2295149983af001b8c61c2b718f05e354feb1e52,,111,192,5359.840904000005,0.47099494003168774,0.7930957491345709,0.3221008091028832,1726.4090918411307,5.150925594109375,3131.508219,0.48147448405716503,0.0981306737765375,0.38334381028062753
0x14fab1a1f031415a08c6c9b35a9a22ef49c0e4a6,,21,28,2190.1451690000004,0.5043592879755816,0.8258031666575796,0.321443878681998,704.0087580000002,1.4182443361309738,588.979294,0.3228262689995346,0.3209353746687863,0.001890894330748294
0x2842d5201b2119d0ec14581fee3c3324bc0c9bab,,41,386,12315.963026999989,0.22342789521798556,0.5390906765832727,0.31566278136528714,3887.6911442948576,16.11217901011562,7486.113027999997,0.5255527962095188,-0.009660028845761809,0.5352128250552806
0xbbd5f778c0f6665649a0983ae5c650af515a083d,,23,62,2862.7754940000004,0.14036970024263043,0.454529848298331,0.3141601480557006,899.3699730452714,1.0987582840227883,1579.5045629999997,0.5867986553603172,-0.021414948312745513,0.6082136036730627
0x49881eecd53a9683658415cdcb64b52d125c3e34,,15,73,48944.20741699997,0.3670140375971847,0.6744666017522246,0.3074525641550399,15048.022070892766,5.339858306181397,40893.516209,0.38251812215583264,-0.07384321946571067,0.4563613416215433
0xcdde6467e016ce2df1c59e2530c6caa625eeb4d6,,6,93,8169.821391,0.5072572922885222,0.8136011665227358,0.3063438742342136,2502.774736720492,0.3463380451296021,6646.976214,0.5286195087271144,-0.6638538042564279,1.1924733129835423
0xf9b39b938e53c41e0bf231e6d74d5ed738f6e21f,,16,25,3332.3074799999995,0.3253352843365619,0.6304226985680207,0.3050874142314588,1016.6450724973483,1.7610533855991877,1819.0088740000003,0.6276087482732955,-0.08258833353594508,0.7101970818092406
0x7808d76c5e49a4d95a4398be27652b4096c63046,,30,40,2588.421946000001,0.48304396164085517,0.7843510240428162,0.30130706240196103,779.9098128060277,1.1243006271188847,2266.3535300000003,0.34311615288095315,0.007101933659524606,0.33601421922142855
0x1d35eaf2c494ffaeede2151ba91c52ed99908f7c,,6,142,2668.905400000001,0.6920142632532748,0.9874370594027051,0.29542279614943034,788.4554959263141,6.7571422302268545,2579.065400000001,0.30530135215893084,0.011835952804986838,0.293465399353944
0xe0a19cc0f7518796612251873d9ef69eaddb363e,,5,20,6366.99342,0.2058760777308247,0.5004661949218726,0.2945901171910479,1875.6533377524306,1.6319176721496205,4723.85176,0.16825461377002862,0.6577908105420204,-0.4895361967719918
0xe01ae9d586b428c251043368f808e678d4c4132c,,412,6169,634649.5303540068,0.5556921600105993,0.849747768675073,0.29405560866447367,186622.2539368698,9.355573746708997,463805.19594899897,0.3712952194558386,0.08436687100237106,0.28692834845346754
0xdeac8d42a5400b2037d85317afde2765bb8b0216,,31,58,11232.245946000005,0.1663774424725504,0.460334892848508,0.29395745037595755,3301.802380281847,-1.0119256367709526,4381.181664,-0.025369004057673117,0.4981632714584514,-0.5235322755161245
0x3f892b114a328e766a002895cb60da2d4069b5e8,,10,286,2468.090612000001,0.45490585502999165,0.74568334851719,0.29077749348719834,717.6652018566456,4.719319105306334,1982.609572000001,0.3804715781179845,-0.07551559746600389,0.4559871755839884
0x41fc0db187dee7ff532131126d8d3795e16aa467,,10,29,2248.2630710000003,0.4205613039096013,0.7085131284443001,0.28795182453469886,647.3914533284354,0.24717017310477252,85.11704000000002,-0.1523538207351508,0.30527729063063996,-0.45763111136579077
0x69c3d3fac352701ca0470c533f2af03b3ae08a32,,32,35,33450.992361000004,0.5647419182398016,0.8502244772911056,0.28548255905130404,9549.674902023904,2.704559908646134,6490.71569,0.42466452458820525,0.251974350715774,0.17269017387243124
0x38973f5b3abbbcbed16ee15c2baa5a3f16b843ab,,10,33,28831.83,0.39418501031719966,0.6770936045336006,0.2829085942164009,8156.772493986255,5.55241985811477,20879.320100000004,0.4109264223232739,-0.05320229972290493,0.46412872204617883
0x55e3319d46f447d564c632dc580a6b78b7e97245,,145,147,6576.645868,0.5781227772847047,0.8609655512319582,0.28284277394725343,1860.1567605738624,3.906536645952179,725.4882419999999,0.24372027854744727,0.2876935936011519,-0.04397331505370461
0x1de6ee353d249bce4734d28832e8fc47e03cfdb3,,21,44,3288.5242099999987,0.3340261856426599,0.6150261931627987,0.2810000075201388,924.0753277401584,4.284793641942157,2280.8025559999987,0.3960263199494124,0.02065797124993196,0.37536834869948044
0x95481feb1901b5dba3e301450d0e1a90ebfb521f,,9,101,182745.87760799986,0.3738464010086353,0.6529748094453119,0.27912840843667663,51009.565965084694,6.812458169629769,160360.876295,0.3445560423191019,-0.1895797482700662,0.5341357905891682
0x4460bf2c0aa59db412a6493c2c08970797b62970,,6,147,75794.46236899999,0.6690253419575145,0.9431137728900439,0.27408843093252944,20774.385264093857,6.868641676025453,71482.80136900004,0.2935434985743407,-0.048456114165073214,0.3419996127394139
0xb364935a3cf9166d882ce0cec745c169f45df1e3,,33,44,8093.710242999999,0.507060437451131,0.7808309892815618,0.27377055183043075,2215.8195195817198,1.7999161563831338,3782.2719480000005,-0.0023423004158608096,0.5159945671305082,-0.518336867546369
0x997fac3387a7cc6f01d76399d2461f943d7aa6ec,,14,26,2829.056146000001,0.46003843160253793,0.7323115573118779,0.27227312570934,770.2759596786391,2.3092967226309646,2020.494085,0.3026111602937829,0.19646222338654096,0.10614893690724192
0x7d208d7c86d0d8b5bbe6b1601cb5a5e5846e1f58,,26,40,5093.186446000001,0.25201100007534993,0.5235635968312634,0.2715525967559135,1383.0680051733223,1.9635330351075462,3505.649673,0.4030663218901779,-0.018860233581683428,0.4219265554718613
0xc4f1a9fa62de257dedea1816e7efdb4d155a1b7f,,20,20,2319.4565100000004,0.08779594707226734,0.3579551789052513,0.27015923183298396,626.622589011614,-0.5543172349506967,1208.6279199999997,-0.03212660558791823,0.5990588534456067,-0.631185459033525
0x608bc57f4812ce7da8d60d463c1c08f09c405fb1,,24,24,2515.7475779999995,0.6532277276875924,0.9225656839726073,0.2693379562850149,677.586311187496,2.8675380275460687,899.676191,0.20010712077272386,0.3078791586690689,-0.10777203789634504
0xa61fc23c3de120075611c2bc26b0b271399f2713,,29,31,2834.6690129999997,0.5731853044174707,0.8419393668378171,0.2687540624203464,761.8288128608235,0.1354209780925311,115.21184699999999,-0.39328116908855326,0.2968016826420701,-0.6900828517306233
0x1f57ea6ca1270eaf4fac42c29b19ccce1f29280c,,9,58,2416.8835750000017,0.5329610078681437,0.799447952307756,0.2664869444396123,644.067918968037,3.839278937305279,2416.8835750000017,0.2664869444396123,,
0x152fc906a9595745400d5b86f0a401b9406ac0a7,,78,495,3936.624760000013,0.38240290168096,0.6476476739428915,0.2652447722619315,1044.1691379468843,17.22626686237949,2273.9947219999963,0.25319436060464307,0.28172623348921133,-0.028531872884568266
0x204b382df532a8106768ccceaf699a89c4ed8ca3,,37,323,3327.4492879999952,0.44736386483917934,0.7123427285723388,0.2649788637331595,881.7037314639495,10.691048103098623,651.3864100000002,0.06235954473088623,0.31429888228973746,-0.25193933755885123
0x2057241a70ae3db9f3a91e8fd4fddee058f53405,,21,31,83979.63829999998,0.20921286706791048,0.47043473274878356,0.2612218656808731,21937.3177959309,2.4858528725767717,43359.63909999999,0.7027661186525969,-0.21010260090190908,0.912868719554506
0x878965f1bd8bb407309c323e72510cd17f81257b,,88,88,5889.752412000002,0.5504439290511821,0.8099697444463647,0.2595258153951826,1528.5427972000443,2.1658564521712407,615.027154,0.2507094514515963,0.26055379371815357,-0.009844342266557282
0xc0f7a6b7a45538a3b529fc580701b3d403b1274d,,23,34,14665.439932000001,0.716885171376082,0.9761905540086732,0.2593053826325912,3802.8275130425427,0.13526948960680438,4170.257485,0.22778950195286007,0.2718282080303128,-0.04403870607745275
0xf1fb3659e08c1cb9439ce4c324b3a340024b0255,,144,484,11360.442663999997,0.333376925358845,0.588961437057608,0.25558451169876295,2903.553190960233,14.326397205841191,9594.621196999999,0.29660488886703446,0.03269958950088797,0.2639052993661465
0xb78d41014a024702507d656058c18560d6de104c,,31,60,2418.9814750000005,0.08141454874360997,0.33690169289121985,0.25548714414760987,618.0186687937231,8.09284146950066,1027.2696950000004,0.617413352551489,-0.01166287287643189,0.6290762254279209
0x5c08ef25f58b739425f655ebbec07362bd7dc16c,,115,125,22622.721107000016,0.6010635098830187,0.8529377931918818,0.2518742833088631,5698.081665321917,-0.06711514473734932,14079.464442,0.23559825791057343,0.27869751124618325,-0.04309925333560982
0x5323fbde4f9ef07b0fae670127bf5aacaa91bc58,,24,49,43589.97510000001,0.27974659374894106,0.5296501144365185,0.24990352068757749,10893.288244173842,3.699422479415184,23607.350500000004,0.4899380185362907,-0.03367176715554526,0.523609785691836
0x0aefdd2365c50060a276cbd2832931d32355e9a1,,52,402,20325.260894999996,0.4380548747290704,0.687104261497353,0.24904938676828264,5061.993761805104,11.080087152820802,16886.655500000004,0.2684163932168187,0.15393990824589954,0.11447648497091917
0x19f19dd8ee1f7e5f6ec666987e2963a65971a9c6,,13,238,366422.7901710001,0.6821642352006143,0.9310493738989064,0.2488851386982921,91197.18695392454,7.197488667880033,285225.92335800006,0.320427026868883,-0.002425064677247124,0.32285209154613015
0x3f4a922f7b316597809336121fbd3e3c522966b7,,31,41,2249.5453829999997,0.5472898085908497,0.7958818904166114,0.24859208182576165,559.2191699215002,1.0078121228911272,342.859767,0.06054510404623681,0.28240664592878395,-0.22186154188254714
0xa718c45e05a67dca129c9e15db0dec1ab8bba1b4,,9,98,57418.17630000001,0.6087126870482825,0.8550031603842493,0.24629047333596676,14141.549819014988,5.9393817575536,57418.17630000001,0.24629047333596676,,
0xe4916b07930c0b7458bb86174eb342778753ccd1,,37,40,4464.663773000001,0.6950061828765483,0.9402581563671086,0.24525197349056038,1094.9676013000617,1.0452353549466842,743.0597789999998,0.03198815566915414,0.2878324752297442,-0.25584431956059006
0x26b9067fbde053005b455b66df5647dea0059ab5,,46,46,3044.6972520000004,0.5261969313363896,0.7700706608710797,0.2438737295346901,742.5216741492623,0.9037217320151409,1657.5144579999999,0.3648677778499059,0.09930058078900228,0.26556719706090365
0x5512c43634d9e39f315541a20ee556b1072da924,,355,2001,31930.258174000002,0.39047665185606795,0.6317491961097101,0.2412725442536422,7703.894628316637,15.851242108668174,24168.62189300001,0.3129872907911677,0.017963111748969418,0.2950241790421983
0x23434e11f51a19f831a93bef963dca69fd11a11b,,20,23,2210.5694,0.512386777690523,0.7508970313259561,0.2385102536354331,527.2434682727271,1.7458024362670612,596.8415,0.2542080234031985,0.23270439227872752,0.021503631124470957
0x858c508a7686ab28dc46a0119f629f110e53a5a0,,18,23,28965.816,0.2796322585954345,0.5177351192177704,0.23810286062233588,6896.843649860226,3.438720990900389,13672.747299999999,0.5416189348192423,-0.03325527327412353,0.5748742080933658
0xa979fccaca13f7470af233a73c4e479de57ce2d4,,35,35,15444.015533000002,0.4733285574382254,0.7112554591471738,0.23792690170894842,3674.546765711565,2.8573159972880715,4003.9056069999997,0.24416918425533424,0.23574217531649044,0.008427008938843794
0x31fed1eb28687d3ec173f44c417be1a9addfad2d,,74,90,5352.6781869999995,0.5408625980021647,0.7782484428294659,0.23738584482730118,1270.6500335096616,3.8671225064763557,2113.581406,0.23921699277671427,0.2361909807898278,0.0030260119868864566
0x0e9413ac17b3912539e5926f4304195a31004d79,,9,55,40022.085076999996,0.2763028916188227,0.5135744173112113,0.23727152569238863,9496.10118761037,0.32848281563812215,26061.177333000007,0.41502278543263627,-0.0945412178769264,0.5095640033095626
0x438663454e6cd38fbd8f4e7866ba7badeabec0d2,,77,501,13742.742255000001,0.35411761509844525,0.59075173974439,0.23663412464594474,3252.001783746762,12.94135784540395,9382.281733999998,0.21416606086882706,0.2849780331297364,-0.07081197226090935
0x77d5693ca52d58e92627452cd5502cbd77938056,,9,136,13633.074415,0.3494701234784467,0.5859061042908565,0.23643598081240985,3223.349320799096,10.49273892399175,8656.524487999995,0.428701210070309,-0.09800227253095624,0.5267034826012652
0x746a182d1fb1d9ad51671a736546e2acde53592b,,15,22,2255.0251130000006,0.6708494139324559,0.9071434780070227,0.23629406407456677,532.8490485409793,1.4278870093657698,1011.6848130000001,0.28099084764939375,0.19992505300607677,0.08106579464331698
0xdd52fa78ffc8a1942ac63e526466b9c98fc24508,,219,590,109688.83952900005,0.267915690424807,0.5040028853836478,0.23608719495884078,25896.130442692036,2.234899069166556,101281.39089300002,0.24045337782760914,0.18348942208057595,0.056963955747033196
0xe35af5fcd8dc255a3e79ba9aa9ce01ab754bf8ce,,154,475,7069.511710999991,0.34982813261562146,0.5836760140844761,0.23384788146885466,1653.1903366366055,12.006456652243084,5204.889588999997,0.3008759898390958,0.046746216573649246,0.25412977326544656
0xa24eac7db31fe92e6a361323034216a0d0fe1d95,,87,157,16467.565628,0.432727479179255,0.6664014618736819,0.23367398269442685,3848.041645576611,-1.822208914014306,5303.757754000001,0.8036219167174363,-0.03709973614490658,0.8407216528623429
0xeb8dd78bcf0d80dc34d852dfef0ec5637e571724,,17,21,2323.7292899999998,0.19368426592817437,0.42693799155924916,0.2332537256310748,542.0185142505522,1.6904401587167626,1517.284354,0.37026576019777535,-0.0245273169146024,0.39479307711237777
0x5f4d4927ea3ca72c9735f56778cfbb046c186be0,,93,144,34656.42369699998,0.34454777349847715,0.5771249674192835,0.2325771939208064,8060.293774778791,4.022273154697847,26540.531996999995,0.3411661437238292,-0.12252962653710481,0.463695770260934
0xbb9bfbca044dcdf7d6896a8d7de7fd23782a4cbf,,19,62,11691.698753,0.37554386214995183,0.6080189686871585,0.2324751065372067,2718.028913204602,2.4975499153217933,9674.194578,0.3013912733471062,-0.09798686501676668,0.39937813836387287
0x735504ce25d3e82e0756b561cf5a98d1b18a5846,,56,59,8515.21837,0.6003927761457356,0.8328026307562563,0.23240985461052066,1979.020663348535,1.924189327569623,3035.9507079999994,0.030472023059320175,0.34429949762279,-0.3138274745634698
0xc1d799177ea4ca55ef64202f11954d24ee0273a1,,25,803,19866.04585100001,0.32537994854263436,0.5539799666497801,0.22860001810714575,4541.37844125599,4.2871695313626095,12709.397751999995,0.36866443264012716,-0.020138543657461705,0.38880297629758886
0xc281759f23fcbb4f5cdd183a01364c20f68d6440,,62,905,25040.176979999967,0.32317966705357665,0.5515073598333657,0.2283276927797891,5717.36583664098,17.294056985203778,18255.610372999974,0.2916319074911889,0.05799152457890622,0.23364038291228267
0x2736ef72486363b7f7fba5a03389e5f349d91c93,,22,25,25150.606399999997,0.35091517360680435,0.57774634014391,0.22683116653710567,5704.941388827596,2.274912831848872,11809.5414,0.49950103316460653,-0.01453682608341983,0.5140378592480264
0xdac0abb17f6a20e728dbc03f97dfd83477df16d3,,27,38,49452.25850000001,0.31006903434827393,0.5352201032436162,0.2251510688953423,11134.228860563779,3.998645979331355,21557.757599999997,0.48925313233453954,0.02104459336840306,0.46820853896613646
0xeed68c522cd3a6b131d0997c570353f4aba8b73b,,85,115,4524.735274999996,0.5142146267826463,0.7393269609568487,0.2251123341742024,1018.5737192756005,3.3201742448996474,1583.8150800000003,0.33856823443179695,0.16401133386536748,0.17455690056642947
0xef5d7e320e7ab97f527bd354cd2f2f24a8afd518,,110,277,17225.75211800001,0.39282283364939447,0.6163450950223408,0.22352226137294634,3850.339067265182,7.2721635623892675,12069.029795000008,0.29137684411389037,0.06471227907564125,0.2266645650382491
0xb8f9f5167ffe23e356cc34dbaa0d2502aeb4ae5b,,5,22,4102.998299999999,0.3251660645088921,0.5479517990538774,0.22278573454498524,914.0894901023255,1.4194838924539117,2547.4239,0.418714211951093,-0.09806866241277476,0.5167828743638677
0x76f65331bf2809b7f349b7d64b63030acff121be,,25,34,24712.019501999992,0.6907311595215435,0.9120082663084652,0.2212771067869217,5468.204178264543,1.6323402452878226,9450.908496,0.29050869038480387,0.17840333689169485,0.11210535349310902
0x92de3ee9034116c610704e17dea92ee6baf487ee,,17,20,2473.3866310000003,0.6847281554217439,0.9054449057544047,0.2207167503326608,545.917859510568,1.1371928996003033,665.110278,0.34553012771312275,0.17480857927799132,0.17072154843513143
