series,slug,volume,open_interest
5m,btc-updown-5m-1780963200,90949.4727469999,82.215685
5m,btc-updown-5m-1780963500,95705.54710599966,12.882351
5m,btc-updown-5m-1780963800,73165.58531600008,79.882351
5m,btc-updown-5m-1780964100,103987.3951419998,130.215685
5m,btc-updown-5m-1780964400,121082.1829139999,62.882351
5m,btc-updown-5m-1780964700,101102.85256300001,162.882351
5m,btc-updown-5m-1780965000,102500.23002600022,14.843134
5m,btc-updown-5m-1780965300,,235.358231
5m,btc-updown-5m-1780965600,,262.333329
5m,btc-updown-5m-1780965900,74768.40344499995,66.764703
5m,btc-updown-5m-1780966200,67086.76160399987,4.960782
5m,btc-updown-5m-1780966500,85004.85593800027,59.730783
5m,btc-updown-5m-1780966800,71336.40556500017,56.730783
5m,btc-updown-5m-1780967100,78129.7171119997,56.730783
5m,btc-updown-5m-1780967400,69043.54095799993,4.960782
5m,btc-updown-5m-1780967700,108675.35232999992,7.901958
5m,btc-updown-5m-1780968000,54638.09796500003,161.745093
5m,btc-updown-5m-1780968300,94577.27601399997,54.960783
5m,btc-updown-5m-1780968600,101799.81378799972,54.960783
5m,btc-updown-5m-1780968900,64031.842387999975,54.960783
5m,btc-updown-5m-1780969200,72929.95937799996,24.882349
5m,btc-updown-5m-1780969500,71143.38132500023,22.960783
5m,btc-updown-5m-1780969800,86400.88741899993,162.980782
5m,btc-updown-5m-1780970100,89169.16992700018,205.980783
5m,btc-updown-5m-1780970400,76338.30668599991,55.980782
5m,btc-updown-5m-1780970700,79510.71836299996,5.980783
5m,btc-updown-5m-1780971000,70606.7869500001,9.960783
5m,btc-updown-5m-1780971300,136175.1167779998,9.960783
5m,btc-updown-5m-1780971600,78681.72771699996,153.960783
5m,btc-updown-5m-1780971900,58672.30706899991,203.960783
5m,btc-updown-5m-1780972200,53682.49828899998,13.960783
5m,btc-updown-5m-1780972500,49101.856051999996,3.960782
5m,btc-updown-5m-1780972800,56657.948968000004,268.770783
5m,btc-updown-5m-1780973100,49183.864967999914,114.731566
5m,btc-updown-5m-1780973400,63529.61297499997,182.960783
5m,btc-updown-5m-1780973700,35378.11246000001,18.764702
5m,btc-updown-5m-1780974000,131927.1179989999,13.960783
5m,btc-updown-5m-1780974300,112198.19317699966,3.960782
5m,btc-updown-5m-1780974600,111395.50049699967,54.960783
5m,btc-updown-5m-1780974900,71227.1972569999,54.960783
5m,btc-updown-5m-1780975200,34413.63907599994,106.960782
5m,btc-updown-5m-1780975500,47585.67692399994,159.960783
5m,btc-updown-5m-1780975800,52127.666172999976,4.960782
5m,btc-updown-5m-1780976100,59690.799386999926,14.960783
5m,btc-updown-5m-1780976400,92200.498922,64.000783
5m,btc-updown-5m-1780976700,112995.7948560001,13.000783
5m,btc-updown-5m-1780977000,52000.25575899994,158.000783
5m,btc-updown-5m-1780977300,126026.84408999974,59.960783
5m,btc-updown-5m-1780977600,82024.42085899989,58.88235
5m,btc-updown-5m-1780977900,93551.12319199987,54.960783
5m,btc-updown-5m-1780978200,82858.34333700009,45.372545
5m,btc-updown-5m-1780978500,93295.47334399982,10.960783
5m,btc-updown-5m-1780978800,76003.45014999999,506.967447
5m,btc-updown-5m-1780979100,50583.198833999995,62.960782
5m,btc-updown-5m-1780979400,83298.73138600006,54.960782
5m,btc-updown-5m-1780979700,81483.11582799988,4.960782
5m,btc-updown-5m-1780980000,63716.776939999945,9.960783
5m,btc-updown-5m-1780980300,61380.05864399991,153.000389
5m,btc-updown-5m-1780980600,71858.81527800004,56.770782
5m,btc-updown-5m-1780980900,47346.73114399999,107.520783
5m,btc-updown-5m-1780981200,70017.519622,404.960783
5m,btc-updown-5m-1780981500,56719.02750200002,4.960783
5m,btc-updown-5m-1780981800,51569.53971799989,114.730783
5m,btc-updown-5m-1780982100,42235.23333299999,106.730783
5m,btc-updown-5m-1780982400,120756.944243,199.534702
5m,btc-updown-5m-1780982700,48117.236686000055,41.723134
5m,btc-updown-5m-1780983000,59909.534093999886,4.960782
5m,btc-updown-5m-1780983300,78769.74736200004,4.960782
5m,btc-updown-5m-1780983600,80991.9335919999,2267.960783
5m,btc-updown-5m-1780983900,64592.51523299997,54.960783
5m,btc-updown-5m-1780984200,67394.45999199995,2696.274506
5m,btc-updown-5m-1780984500,75812.54622600003,39.873721
15m,btc-updown-15m-1780963200,63672.11799299996,4493.767264
15m,btc-updown-15m-1780964100,64409.55276800002,4103.251923
15m,btc-updown-15m-1780965000,65912.06273399996,5216.638893
15m,btc-updown-15m-1780965900,78099.00977299993,4811.29845
15m,btc-updown-15m-1780966800,42129.85942000001,3.980391
15m,btc-updown-15m-1780967700,37786.71589600001,4965.675623
15m,btc-updown-15m-1780968600,52221.07675499995,4932.212082
15m,btc-updown-15m-1780969500,25963.75517799999,4471.267984
15m,btc-updown-15m-1780970400,37726.77327600003,5794.364135
15m,btc-updown-15m-1780971300,41135.43036399998,3866.896809
15m,btc-updown-15m-1780972200,25001.101182000013,4071.334164
15m,btc-updown-15m-1780973100,24297.018659000005,6065.990874
15m,btc-updown-15m-1780974000,47029.08740400002,4661.473834
15m,btc-updown-15m-1780974900,32891.90307500001,7665.007245
15m,btc-updown-15m-1780975800,27815.733828,10.0
15m,btc-updown-15m-1780976700,44222.16882199994,7339.594085
15m,btc-updown-15m-1780977600,41730.62349300001,6300.544907
15m,btc-updown-15m-1780978500,37351.913727000014,8154.697617
15m,btc-updown-15m-1780979400,38338.02726800003,
15m,btc-updown-15m-1780980300,48932.58153400001,7846.136688
15m,btc-updown-15m-1780981200,41206.296713,5593.278837
15m,btc-updown-15m-1780982100,30756.61243900002,7435.251919
15m,btc-updown-15m-1780983000,31377.976750000013,5609.916488
15m,btc-updown-15m-1780983900,38647.58552199997,5569.281902
