market_timeframe,market_duration_seconds,series_slug,slug_prefix,slug,condition_id,winner,category,already_winner_side,crossed_to_winner,official_margin_bps_abs,aligned_final_move_bps,net_aligned_notional,final_quote_volume,reversion_5s_bps,reversion_30s_bps,taker_fee_bps,payout_window_seconds,has_push,slippage_usd,fees_usd,spot_cost_usd,pm_status,pm_late_winner_buy_profit,pm_late_winner_buy_notional,realized_net_usd,pm_over_spot_cost_ratio,profitable
5m,300,btc-up-or-down-5m,btc-updown-5m,btc-updown-5m-1771460700,0x08836eebacff88b3d284768296b906ac64d566c6a131a53c667f857666b241b2,Down,already_winner_assist,1,0,4.824039505480681,-0.22601440918234655,537.2053816060002,1313.644298678,,,10.0,60,0,0.0,0.0,0.0,ok,1028.8392522142537,7013.373375785746,1028.8392522142537,,1
5m,300,btc-up-or-down-5m,btc-updown-5m,btc-updown-5m-1771461600,0x9b0d15cfd56cacc8538e163ae749bf3500287cc099621ea2fdaa10c6f1f6c467,Up,already_winner_assist,1,0,6.835251594277105,0.015037062598154783,24.330568063999998,24.330568063999998,,,10.0,60,1,3.658602750270336e-05,0.048661136128,0.04869772215550271,ok,388.3340864355832,20817.5631055644,388.28538871342766,7974.378867158215,1
5m,300,btc-up-or-down-5m,btc-updown-5m,btc-updown-5m-1771464300,0x621ace2baec3d5fde516c149ed0a3d6b84bf6f1adc4cb24bf4866de5744a1b32,Down,already_winner_assist,1,0,0.9787131351335773,-0.3150790060884227,-4370.396034227,4370.396034227,2.0852726569552127,7.349026584778312,10.0,60,0,0.0,0.0,0.0,ok,4049.8242123869554,6120.243083613043,4049.8242123869554,,1
5m,300,btc-up-or-down-5m,btc-updown-5m,btc-updown-5m-1771465500,0x5d7df6fcc10b875060f2e631d66828afd67979d8de4c980e80cda207aa56ce5d,Down,already_winner_assist,1,0,1.2819907754527338,-0.014979444456663044,-6.204507108,6.204507108,,,10.0,60,0,0.0,0.0,0.0,truncated_http_400_at_offset_3500,3617.471946160564,8757.751941839435,3617.471946160564,,1
5m,300,btc-up-or-down-5m,btc-updown-5m,btc-updown-5m-1771469100,0x880faa7ff4eabd27a744868acef08811d2c3d52eb31eccd3ff8826a90af53b39,Up,already_winner_assist,1,0,6.519370750080047,-0.4349342162674861,30.972677109000003,30.972677109000003,,,10.0,60,0,0.0,0.0,0.0,ok,521.1106804454897,21693.290062554486,521.1106804454897,,1
5m,300,btc-up-or-down-5m,btc-updown-5m,btc-updown-5m-1771475100,0x2e83abda41b75ed4515cbf5e939f84a1b1656cb033df32afd990ed1b849985c3,Up,already_winner_assist,1,0,2.623669723722401,-0.65809940914362,-21168.734602582,21400.057148302,,,10.0,60,0,0.0,0.0,0.0,truncated_http_400_at_offset_3500,685.860644397867,25484.410267602125,685.860644397867,,1
5m,300,btc-up-or-down-5m,btc-updown-5m,btc-updown-5m-1771486200,0x6650c4bfda2ac48895077f2d1adc974ca187194d4bd16045bc7a2051a15edf1f,Up,already_winner_assist,1,0,0.5105978577245905,-0.4911302619834701,-122.10028986500001,122.10028986500001,,,10.0,60,0,0.0,0.0,0.0,truncated_http_400_at_offset_3500,2039.3085241856527,5470.489102814351,2039.3085241856527,,1
5m,300,btc-up-or-down-5m,btc-updown-5m,btc-updown-5m-1771488600,0x4bcee11e80362e7118b20932ff68719bfa64ddac55b0634c6a6503466801da73,Down,already_winner_assist,1,0,5.943957244596944,-0.0,15.412664207999999,15.412664207999999,,,10.0,60,0,0.0,0.0,0.0,truncated_http_400_at_offset_3500,2429.9397727223204,11606.684543277672,2429.9397727223204,,1
5m,300,btc-up-or-down-5m,btc-updown-5m,btc-updown-5m-1771493400,0xe9dc373d5ea2e6b2b1ca447b5b5351cff89e5fe4f5249248963da827ca9629d0,Down,already_winner_assist,1,0,0.5129698226015824,-0.0,483.07459406600003,1019.874594066,,,10.0,60,0,0.0,0.0,0.0,truncated_http_400_at_offset_3500,7422.666047831787,4741.5333721682155,7422.666047831787,,1
5m,300,btc-up-or-down-5m,btc-updown-5m,btc-updown-5m-1771497300,0xd0ea177c258738cc7e87879aede87fdcc328eabf467987d14fa59a0a4bfea827,Up,already_winner_assist,1,0,5.513644960031775,0.0,21.7797832,21.7797832,,,10.0,60,0,0.0,0.0,0.0,truncated_http_400_at_offset_3500,1985.5403171510088,26448.503028849005,1985.5403171510088,,1
5m,300,btc-up-or-down-5m,btc-updown-5m,btc-updown-5m-1771507200,0x35ac4de2d3f098b37788f2e6a2b14aa01d6233b99e55e2d1bfd6fb6e98678e33,Down,already_winner_assist,1,0,7.22305565327826,6.0441222752660195,344.99933597700004,384.998409235,-1.1941462661964788,,10.0,60,1,0.20852181715305715,0.6899986719540001,0.8985204891070573,truncated_http_400_at_offset_3500,5110.775873043912,3698.9614789560824,5109.877352554805,5687.99035192059,1
5m,300,btc-up-or-down-5m,btc-updown-5m,btc-updown-5m-1771510800,0x0f1e6464e7eaebd99f75e0986dc4d4e02a8ea042d2692ae25aec4ead52d99181,Up,already_winner_assist,1,0,8.534075030773266,0.0,19.464620351,19.464620351,-0.0,,10.0,60,0,0.0,0.0,0.0,truncated_http_400_at_offset_3500,159.8791361731171,13292.325109826887,159.8791361731171,,1
5m,300,btc-up-or-down-5m,btc-updown-5m,btc-updown-5m-1771511100,0xf65071bbb5298e3f0b7c0766ec141b57f3d430bcc6d49d19187ecdee6abb8a3a,Down,already_winner_assist,1,0,5.654808703495932,-3.9740986372509903,-97438.6563822,97438.6563822,,1.0311873524918764,10.0,60,0,0.0,0.0,0.0,truncated_http_400_at_offset_3500,1276.9619694743046,13648.316519525688,1276.9619694743046,,1
5m,300,btc-up-or-down-5m,btc-updown-5m,btc-updown-5m-1771515600,0x7a411fd92c891ea4a8ed9b64c146738040152ca03fb4e10e8fddd1b1de264f4e,Up,already_winner_assist,1,0,8.029998495077454,0.0,149.54990502799998,149.54990502799998,-0.0,-0.0,10.0,60,0,0.0,0.0,0.0,truncated_http_400_at_offset_3500,1102.8594462772471,21729.70835472278,1102.8594462772471,,1
5m,300,btc-up-or-down-5m,btc-updown-5m,btc-updown-5m-1771528500,0x15a16b790ef9d1fcb7bab3dc01253f22b7e30a85b31f319227e32366e2460261,Up,already_winner_assist,1,0,7.897852538155132,4.661976882135566,241.012809964,241.012809964,,-4.002784079350023,10.0,60,1,0.11235961483507004,0.482025619928,0.59438523476307,truncated_http_400_at_offset_3500,2803.6990412947166,18672.050603705313,2803.1046560599534,4716.972894544241,1
5m,300,btc-up-or-down-5m,btc-updown-5m,btc-updown-5m-1771530900,0x925295049e4bfa873318ba5c879543887112780b96377920c5e693f872fb5a1c,Up,already_winner_assist,1,0,2.808592898488043,2.13391909973426,84.67708920000001,84.67708920000001,,2.2383883697263736,10.0,60,1,0.018069405795378166,0.16935417840000003,0.1874235841953782,truncated_http_400_at_offset_3500,1935.0043328902184,13496.046634109804,1934.816909306023,10324.230758884052,1
5m,300,btc-up-or-down-5m,btc-updown-5m,btc-updown-5m-1771532400,0xa2c7e6a7605bd420ee92be2fc22e306d9a1eba7ed5f32153412b0264f04afcc4,Up,already_winner_assist,1,0,1.0318208522438261,-2.017537639525224,120.38508723200002,176.388503992,,,10.0,60,0,0.0,0.0,0.0,truncated_http_400_at_offset_3500,3034.1518835734105,10922.459995426592,3034.1518835734105,,1
5m,300,btc-up-or-down-5m,btc-updown-5m,btc-updown-5m-1771533000,0xf89fceeceedc0693312f5b44e77caf07181d72594b6266a7463a789e10f73594,Up,already_winner_assist,1,0,9.395677443308706,0.0,97.32342490200001,97.32342490200001,-0.0,,10.0,60,0,0.0,0.0,0.0,truncated_http_400_at_offset_3500,343.62996882875325,19534.109274171245,343.62996882875325,,1
5m,300,btc-up-or-down-5m,btc-updown-5m,btc-updown-5m-1771539000,0x77823729038ba224d7a8451603019252d25badcc25ca1df7430dc12b6e417620,Up,already_winner_assist,1,0,8.340640198376585,1.7648475322240125,13051.060481413999,13051.060481413999,-0.43368603979142434,10.054823571013095,10.0,60,1,2.3033131883529827,26.102120962827996,28.40543415118098,truncated_http_400_at_offset_3500,2285.2766737490474,29735.31537525091,2256.8712395978664,80.45209453889072,1
5m,300,btc-up-or-down-5m,btc-updown-5m,btc-updown-5m-1771539600,0x539a2f86d65b1bee027173edeff658892636a63828d1a4bb80da1f979d196ad1,Down,already_winner_assist,1,0,6.055379503256631,2.2159569955465646,118.794678414,138.019563906,0.0,,10.0,60,1,0.02632438986652078,0.23758935682800003,0.26391374669452083,truncated_http_400_at_offset_3500,1252.353591458521,17351.666946541485,1252.0896777118264,4745.313979071031,1
5m,300,btc-up-or-down-5m,btc-updown-5m,btc-updown-5m-1771541700,0xf19dd6e06be2227e91ee5fec72037b86839270225b257fb5383282c0f3a53ffb,Up,already_winner_assist,1,0,1.18518385865621,-3.0040330490202494,-495.096467612,495.096467612,-1.1957431557947007,-1.9728995409729402,10.0,60,0,0.0,0.0,0.0,truncated_http_400_at_offset_3500,13798.174871242709,14682.924937757292,13798.174871242709,,1
5m,300,btc-up-or-down-5m,btc-updown-5m,btc-updown-5m-1771542300,0x45f00d93d86cc39edc9bf757d8f75bd56c35537638997b509dd889b36dd9785a,Down,already_winner_assist,1,0,0.6589230724137243,-0.0,-295.37845797200004,295.37845797200004,,,10.0,60,0,0.0,0.0,0.0,truncated_http_400_at_offset_3500,2387.0846057184644,14481.790077281554,2387.0846057184644,,1
5m,300,btc-up-or-down-5m,btc-updown-5m,btc-updown-5m-1771543500,0x957b9f69280994b287b239807fd6db9124f178db66131380e4ca9eb285d8c651,Down,already_winner_assist,1,0,0.6103172652788171,-2.7184831628925212,-23053.488500496,23053.488500496,,,10.0,60,0,0.0,0.0,0.0,truncated_http_400_at_offset_3500,6643.872695267061,2068.7158937329377,6643.872695267061,,1
5m,300,btc-up-or-down-5m,btc-updown-5m,btc-updown-5m-1771544700,0x3b9d88ce45ec16202a254586acd19ddd85cb1581ad7b91c5ad44a44e6bf029e0,Up,already_winner_assist,1,0,0.24465774615330357,0.0,18.627421627,18.627421627,,,10.0,60,0,0.0,0.0,0.0,truncated_http_400_at_offset_3500,18117.038531077633,2533.8375009223573,18117.038531077633,,1
5m,300,btc-up-or-down-5m,btc-updown-5m,btc-updown-5m-1771548000,0x6692f464b5553f12471af62a8302171fc562de5f990abb6774531be96fa8a47b,Down,already_winner_assist,1,0,8.493912381575472,-0.014869634197573057,-24.330811648,24.330811648,0.0,-1.6655364850467942,10.0,60,0,0.0,0.0,0.0,truncated_http_400_at_offset_3500,392.01489896753026,17150.116984032484,392.01489896753026,,1
5m,300,btc-up-or-down-5m,btc-updown-5m,btc-updown-5m-1771548900,0x240014f041cedd8ad23200ebf7b691f5ab8bf27e686032953cf3244ee09fa631,Up,already_winner_assist,1,0,1.6685194582622243,-0.6248335638820612,-299.735790239,299.735790239,2.3509141146760038,-4.715041291903513,10.0,60,0,0.0,0.0,0.0,truncated_http_400_at_offset_3500,1981.6229221870944,9301.636072812918,1981.6229221870944,,1
5m,300,btc-up-or-down-5m,btc-updown-5m,btc-updown-5m-1771550700,0x6e7923d514bcb7fc4538ea504af93e032accfb8d84983cbf4a584a02002c151a,Up,already_winner_assist,1,0,3.4261493444127917,0.9529950108986083,9808.585836006998,9810.623467372998,-0.014889826453148836,-0.014889826453148836,10.0,60,1,0.9347533365685423,19.617171672013995,20.551925008582536,truncated_http_400_at_offset_3500,1768.8175012728339,25812.09938872715,1748.2655762642514,86.06578218508345,1
5m,300,btc-up-or-down-5m,btc-updown-5m,btc-updown-5m-1771568100,0x552547324666bf4b287f2fecfc39fd3ffb1f940216df09bac4489c2d684cbb23,Up,already_winner_assist,1,0,3.3225047216489862,0.0,1.213250976,1.213250976,,,10.0,60,0,0.0,0.0,0.0,truncated_http_400_at_offset_3500,742.9767902353556,24263.570364764633,742.9767902353556,,1
5m,300,btc-up-or-down-5m,btc-updown-5m,btc-updown-5m-1771574400,0x54dcd27fe99060ec9b6e2f6e7a45706c8361f9433e3dbc118170bbffefdee92b,Up,already_winner_assist,1,0,4.695766481016977,-0.3095585032662797,-3394.549157355,3394.549157355,-0.0,-0.014741098403796567,10.0,60,0,0.0,0.0,0.0,ok,354.8488423877081,17187.775546612298,354.8488423877081,,1
5m,300,btc-up-or-down-5m,btc-updown-5m,btc-updown-5m-1771580700,0x7df8b309a447de4befce3a06461ffb1750e6d51d5a58df0727c9470c899710c3,Up,already_winner_assist,1,0,3.5357524003651815,0.0,-215.31127764999997,215.31127764999997,,,10.0,60,0,0.0,0.0,0.0,truncated_http_400_at_offset_3500,970.976280092548,27013.92068290745,970.976280092548,,1
5m,300,btc-up-or-down-5m,btc-updown-5m,btc-updown-5m-1771581600,0x3f80c798e3ae662906e631b8971cd03c147b1b62fc40853ee227fa3e287859e3,Down,already_winner_assist,1,0,5.490384766953524,-0.01467315904965334,-14.540165195,14.540165195,0.0,,10.0,60,0,0.0,0.0,0.0,truncated_http_400_at_offset_3500,749.8477100964259,22014.892870903575,749.8477100964259,,1
5m,300,btc-up-or-down-5m,btc-updown-5m,btc-updown-5m-1771589100,0xbe1fff1ac8ca43824141d5aef481859b0237d3965feb8d39e1c2f370dad829e3,Up,already_winner_assist,1,0,2.2035733393047754,0.0,-543.489269226,1938.293983734,-1.8102985261384001,,10.0,60,0,0.0,0.0,0.0,truncated_http_400_at_offset_3500,1990.645224868076,22988.4131691319,1990.645224868076,,1
5m,300,btc-up-or-down-5m,btc-updown-5m,btc-updown-5m-1771598100,0x49fe08fd9909e1171157bed427b5c9dca319758cd9f5eacfb9396913725c237c,Up,already_winner_assist,1,0,5.0183743510349,1.0885181476424381,250.01146892100002,250.01146892100002,-1.8934410216137396,,10.0,60,1,0.02721420210392519,0.500022937842,0.5272371399459252,truncated_http_400_at_offset_3500,3128.124902505385,12543.480819494624,3127.597665365439,5933.051117806711,1
5m,300,btc-up-or-down-5m,btc-updown-5m,btc-updown-5m-1771598400,0xf7bb16fc5a330f6428cc95b74a629311961f26cf3f578f2e649470acad4b0902,Down,already_winner_assist,1,0,4.968740797219968,-0.014912030207760505,-2991.7813100000003,2991.7813100000003,,,10.0,60,0,0.0,0.0,0.0,truncated_http_400_at_offset_3500,2052.3535814107063,20645.57577758927,2052.3535814107063,,1
5m,300,btc-up-or-down-5m,btc-updown-5m,btc-updown-5m-1771599300,0x8e1cbab5adf349872239245b119b5cb9032966d7404dab957cc468faa6fabebd,Up,already_winner_assist,1,0,1.034835820222571,-1.8638259031812865,6025.919479678001,7669.9176403500005,-2.624167102932326,-11.907593130094725,10.0,60,0,0.0,0.0,0.0,truncated_http_400_at_offset_3500,5268.435952019575,13016.560559980406,5268.435952019575,,1
5m,300,btc-up-or-down-5m,btc-updown-5m,btc-updown-5m-1771599900,0xe45a6b17ab9ef3e2a09eecfb476482ff3e909b824a9ddc26de7eed4d15628e25,Down,already_winner_assist,1,0,5.146297985243906,-0.014844999648690783,-644.253524366,644.253524366,5.520811521406905,5.505974715147413,10.0,60,0,0.0,0.0,0.0,truncated_http_400_at_offset_3500,3216.0886322372235,13100.64976976277,3216.0886322372235,,1
5m,300,btc-up-or-down-5m,btc-updown-5m,btc-updown-5m-1771609200,0x3ed0adb156535b7ea4a221da9e21d2fee773bfdb4d914a42722c8fc099e14d74,Down,already_winner_assist,1,0,6.891348647168275,-0.0,-68.164651375,68.164651375,,,10.0,60,0,0.0,0.0,0.0,truncated_http_400_at_offset_3500,1482.0755959476403,24532.922516052346,1482.0755959476403,,1
5m,300,btc-up-or-down-5m,btc-updown-5m,btc-updown-5m-1771612800,0x53c86f82db2c5034b8a4fa4d64eb0ce64f9613bba5ec73ecba4d0f5c7510251c,Up,already_winner_assist,1,0,9.742865165494832,0.014757980194841853,34.6043544,34.6043544,-1.8150654912189625,,10.0,60,1,5.1069037689048844e-05,0.0692087088,0.06925977783768905,ok,919.9746284881002,15264.963099511899,919.9053687102625,13282.956677165057,1
5m,300,btc-up-or-down-5m,btc-updown-5m,btc-updown-5m-1771618200,0xe0e4bb8425574d4888333957234c04cf6daa2f937608d12b547f84ee162001f3,Up,already_winner_assist,1,0,7.465424105956554,0.0,87771.246953608,87771.246953608,-0.0,,10.0,60,0,0.0,0.0,0.0,truncated_http_400_at_offset_3500,1226.6016495299457,36177.83955147011,1226.6016495299457,,1
5m,300,btc-up-or-down-5m,btc-updown-5m,btc-updown-5m-1771620600,0x23b4d8cce28a075f5f21d5562c638f0462574be58b91e59c96c0cf42eb203f8c,Down,flip,0,1,0.018895821395230963,2.733207228840668,1304.5837698560001,1402.596018688,,,10.0,60,1,0.356569779039863,2.609167539712,2.965737318751863,truncated_http_400_at_offset_3500,2215.7986094389166,13032.144224561096,2212.8328721201647,747.1324568864516,1
5m,300,btc-up-or-down-5m,btc-updown-5m,btc-updown-5m-1771620900,0xd49b02b6bfa3d8966105b138d5d13d3f11681cc9f1470428f28c0a9c24c3b750,Up,already_winner_assist,1,0,7.477307337837329,1.6983131361042143,427.792091514,427.792091514,-0.2953293660970024,,10.0,60,1,0.07265249285397224,0.855584183028,0.9282366758819722,truncated_http_400_at_offset_3500,428.3766131428397,20373.894515857173,427.4483764669577,461.4950306028513,1
5m,300,btc-up-or-down-5m,btc-updown-5m,btc-updown-5m-1771622400,0xd806a143162ec2d373db93ea45aa1a09c13afb000481ae9196f657628964a427,Down,already_winner_assist,1,0,3.142013309932849,-0.0,-294.117454323,294.117454323,,,10.0,60,0,0.0,0.0,0.0,truncated_http_400_at_offset_3500,1471.255053170366,16136.45504882959,1471.255053170366,,1
5m,300,btc-up-or-down-5m,btc-updown-5m,btc-updown-5m-1771623000,0x4e9bee0a8367685a7f0cea01eef6e437119482415f6bd537a25d628e76d5b625,Up,already_winner_assist,1,0,2.572006378676163,0.0,-342.887180618,342.887180618,1.5354020938192938,,10.0,60,0,0.0,0.0,0.0,truncated_http_400_at_offset_3500,6130.982275320341,8424.753022679655,6130.982275320341,,1
5m,300,btc-up-or-down-5m,btc-updown-5m,btc-updown-5m-1771624200,0xd3c561a144bbccee681fae63a152d29c26d400e91525c353fd31730986392698,Up,already_winner_assist,1,0,1.3858197354042532,-0.014752537252371916,-4673.517505356999,4673.517505356999,,,10.0,60,0,0.0,0.0,0.0,truncated_http_400_at_offset_3500,16777.133976386496,5019.707725613524,16777.133976386496,,1
5m,300,btc-up-or-down-5m,btc-updown-5m,btc-updown-5m-1771627500,0x4349510d931535b107df4fff512b482e29cfd0258e8add92d73b541c384ddcd7,Up,already_winner_assist,1,0,9.21074307091002,0.0,22.502018903999996,56.15499712799999,0.014705374151647467,0.4999948530977426,10.0,60,0,0.0,0.0,0.0,truncated_http_400_at_offset_3500,549.1270626783361,16505.595056321643,549.1270626783361,,1
5m,300,btc-up-or-down-5m,btc-updown-5m,btc-updown-5m-1771628100,0xc89c3d390cb346b441dae5b6a55d8aca80fc64cbfaf9794c1cb1f3d0a02c6413,Up,already_winner_assist,1,0,3.7216727805506817,0.0,127972.6489975,127972.6489975,0.014695087946848722,,10.0,60,0,0.0,0.0,0.0,truncated_http_400_at_offset_3500,2519.924534247223,10285.678171752772,2519.924534247223,,1
5m,300,btc-up-or-down-5m,btc-updown-5m,btc-updown-5m-1771631100,0x52281bc3f549d67a185f102239c751c42f4e043d4f84d7a2218fa1c9b648722a,Up,already_winner_assist,1,0,2.447265534756116,-0.6621322869161615,-3866.5097894900005,4878.69965083,,,10.0,60,0,0.0,0.0,0.0,ok,6632.020631801329,6821.923414198675,6632.020631801329,,1
5m,300,btc-up-or-down-5m,btc-updown-5m,btc-updown-5m-1771634400,0x190f52bbdea9540d3f169cb620c77158fe248e29405b753726bc136988fc9cc6,Down,already_winner_assist,1,0,8.250687533082166,1.4447415854197472,1325.197809757,1325.197809757,-1.0615758218379827,,10.0,60,1,0.19145683846631045,2.6503956195139997,2.84185245798031,ok,461.18738573021676,14680.909215269785,458.3455332722364,162.2840708831099,1
5m,300,btc-up-or-down-5m,btc-updown-5m,btc-updown-5m-1771636200,0x205465509fd73157ecb765a3c0bcfc049d75f2bf8bc7284342cc8a107364ad01,Down,already_winner_assist,1,0,0.9454481081210699,-2.7847129752352116,-6764.077365246,6764.077365246,,0.0,10.0,60,0,0.0,0.0,0.0,ok,6536.799235098796,3895.378339901198,6536.799235098796,,1
5m,300,btc-up-or-down-5m,btc-updown-5m,btc-updown-5m-1771637100,0x01a1069a20250ec6b9c4282d9541b7a74841440e646ce572ca4bc3d2864a00c9,Up,already_winner_assist,1,0,1.6007422566310532,-0.01473621077588734,-20393.706766373998,20593.705410296,,2.800274150398098,10.0,60,0,0.0,0.0,0.0,ok,8522.307465824997,3333.9683041750095,8522.307465824997,,1
5m,300,btc-up-or-down-5m,btc-updown-5m,btc-updown-5m-1771641600,0xfbcf14e902683904313692de2745c22030d55dcfecd914b1d624bbfb8dcd72e9,Down,already_winner_assist,1,0,2.6295450655594497,-3.998806292011188,-1942.2059170520001,1942.2059170520001,0.6320178789669904,0.6173202424226086,10.0,60,0,0.0,0.0,0.0,ok,128.0873521372947,9199.8227358627,128.0873521372947,,1
5m,300,btc-up-or-down-5m,btc-updown-5m,btc-updown-5m-1771647300,0x4faf17a2b218a3f05012b382f8f1744ae2097891680ec53d40433c80f3687831,Down,already_winner_assist,1,0,9.136627086925374,-0.0,-77.858971278,77.858971278,,,10.0,60,0,0.0,0.0,0.0,ok,385.7360847841881,19750.673665215807,385.7360847841881,,1
5m,300,btc-up-or-down-5m,btc-updown-5m,btc-updown-5m-1771648500,0x7fffa3c4aa882c572e09b8ca9a252dc4d546b97226b4702d4eee101b0a446694,Up,already_winner_assist,1,0,1.5258403649297574,-4.297451647814882,-3170.5053997200002,3226.940078328,2.1420314665070372,,10.0,60,0,0.0,0.0,0.0,ok,2122.0605085958746,16303.856925404114,2122.0605085958746,,1
5m,300,btc-up-or-down-5m,btc-updown-5m,btc-updown-5m-1771648800,0xb167d761718d5a73e3c3781ba3f082045f35a2d55b71563297c595a001f1d7fd,Up,already_winner_assist,1,0,5.5760107069872955,-0.014766719062380146,-1948.886453864,1948.886453864,4.534413989924016,4.549187428169443,10.0,60,0,0.0,0.0,0.0,ok,1374.779846210845,6326.25881778915,1374.779846210845,,1
5m,300,btc-up-or-down-5m,btc-updown-5m,btc-updown-5m-1771649400,0xaf3577c2cd6181d7b1071e4246349d6a313cf7489e28ee85e81812ac831f556e,Up,already_winner_assist,1,0,5.352429310795032,0.0,-47.968227320000004,47.968227320000004,,-0.014763928472369575,10.0,60,0,0.0,0.0,0.0,ok,269.4790336312213,15088.528367368754,269.4790336312213,,1
5m,300,btc-up-or-down-5m,btc-updown-5m,btc-updown-5m-1771652400,0xd9bbc0f0e98832d8db18f40d820e5583a8a771c7193229177637902f40e15a23,Up,already_winner_assist,1,0,5.227581423947372,0.0,99.99996571199999,99.99996571199999,-0.0,-0.0,10.0,60,0,0.0,0.0,0.0,ok,289.8262994354813,14133.143670564505,289.8262994354813,,1
5m,300,btc-up-or-down-5m,btc-updown-5m,btc-updown-5m-1771656600,0x9e6681e7d2936f602d77337555fcf4af35afb712d5818b0baaed20f00044e7d8,Up,already_winner_assist,1,0,3.13490396812954,0.014757980194841853,11.726545600000001,11.726545600000001,,,10.0,60,1,1.730601277187099e-05,0.0234530912,0.023470397212771874,ok,163.113138657281,13331.696711342709,163.08966826006824,6949.739161999347,1
5m,300,btc-up-or-down-5m,btc-updown-5m,btc-updown-5m-1771683900,0x6228e1c32311c9b9eca920f85b90c02c7929f2c41f69202a76cedd009a49043a,Down,already_winner_assist,1,0,8.634882465109655,-0.0,-473.799277404,476.20096682400003,-3.552000668812419,,10.0,60,0,0.0,0.0,0.0,truncated_http_400_at_offset_3500,238.12076407135694,15069.342527928611,238.12076407135694,,1
5m,300,btc-up-or-down-5m,btc-updown-5m,btc-updown-5m-1771687200,0x6ab1bb0011e597bc34e1f09dd36fd1d86279001bab0f53ea51a6ec386fb2a0b7,Down,already_winner_assist,1,0,1.304652959938809,-0.0,-778.7926692899999,778.7926692899999,,,10.0,60,0,0.0,0.0,0.0,truncated_http_400_at_offset_3500,915.41250675106,17638.256434248928,915.41250675106,,1
5m,300,btc-up-or-down-5m,btc-updown-5m,btc-updown-5m-1771693200,0xdcdd2aae8603335ddfb55cc00571769666bfbcce6e12b53799d972449ca17c7c,Down,already_winner_assist,1,0,1.2274034783193528,-0.0,-583.9414672580001,583.9414672580001,0.0,0.07320338755989345,10.0,60,0,0.0,0.0,0.0,truncated_http_400_at_offset_3500,2786.59288235957,14251.076930640416,2786.59288235957,,1
5m,300,btc-up-or-down-5m,btc-updown-5m,btc-updown-5m-1771698600,0x0bcc43891ed73b80bb872f74aa1aca217bc4603a4c5527906f735cf85c6270b8,Up,already_winner_assist,1,0,2.1961197212753634,0.014599850935235626,316.883603655,316.883603655,,-0.0,10.0,60,1,0.0004626453377183287,0.63376720731,0.6342298526477184,truncated_http_400_at_offset_3500,7877.721933522918,5650.342011477087,7877.0877036702705,12420.925789973155,1
5m,300,btc-up-or-down-5m,btc-updown-5m,btc-updown-5m-1771700400,0x37baa2e543492bdd9d7506525564cb42b82dca478849d8f4138547c426adcd07,Down,already_winner_assist,1,0,2.2186095609246905,-3.210010591416876,-332661.11521945405,332661.11521945405,,,10.0,60,0,0.0,0.0,0.0,ok,383.92293209170026,6503.629000908306,383.92293209170026,,1
5m,300,btc-up-or-down-5m,btc-updown-5m,btc-updown-5m-1771701900,0x83c5cdc83245501d97d2e94d28abfac081d83959020b098d280e50237c7fc21a,Up,already_winner_assist,1,0,1.2722531494785323,-2.930650763954816,-2393.6807696119995,2529.392850632,,1.5896176128089992,10.0,60,0,0.0,0.0,0.0,ok,5738.690598193591,7461.227191806406,5738.690598193591,,1
5m,300,btc-up-or-down-5m,btc-updown-5m,btc-updown-5m-1771702800,0x597448f6451e1411a5316f54544e31017c8c14b68c4e9c31b43e3b90b21bd3ab,Down,already_winner_assist,1,0,1.7591594805295199,-1.822607777664574,-1200.921591144,1200.921591144,,0.5248494339376009,10.0,60,0,0.0,0.0,0.0,ok,8454.435040217037,1829.7246947829606,8454.435040217037,,1
5m,300,btc-up-or-down-5m,btc-updown-5m,btc-updown-5m-1771708800,0x3a86a6558c7774a34ead6f314d8269d5042a69f6617684c22b241a83c7b4a613,Up,already_winner_assist,1,0,1.339579359591876,0.5121582716505158,294.1175916,294.1175916,,,10.0,60,1,0.015063475737586828,0.5882351832,0.6032986589375868,truncated_http_400_at_offset_3500,1276.08049046326,13161.72795553673,1275.4771918043225,2115.172098526535,1
5m,300,btc-up-or-down-5m,btc-updown-5m,btc-updown-5m-1771709700,0xec61a3407fe96e2fd77e6d99d736d252166fc9f82fb24f43ce64f7a0704ca555,Up,already_winner_assist,1,0,0.5745610286616426,-0.014635256478144133,-280.921378741,333.499928641,1.1562529513815483,,10.0,60,0,0.0,0.0,0.0,truncated_http_400_at_offset_3500,7835.495761614897,1309.4872123850957,7835.495761614897,,1
5m,300,btc-up-or-down-5m,btc-updown-5m,btc-updown-5m-1771712100,0xe60329a57bc9d388f3c86ebc99676bd04f9eb3c722abcb53062c8312eff5181f,Up,already_winner_assist,1,0,4.366244082583685,0.0,198.01972268000003,198.01972268000003,0.014646531592174196,,10.0,60,0,0.0,0.0,0.0,ok,386.34650859807624,17920.715587401926,386.34650859807624,,1
5m,300,btc-up-or-down-5m,btc-updown-5m,btc-updown-5m-1771715100,0x6bd5938b8ac19c003994a2638e7a6dbeac89d2df976a6c8f9123b386e593cb29,Up,already_winner_assist,1,0,8.69605174608952,-0.014707407166174191,-221.91589164899997,221.91589164899997,,,10.0,60,0,0.0,0.0,0.0,ok,328.1107887816985,16743.79171521829,328.1107887816985,,1
5m,300,btc-up-or-down-5m,btc-updown-5m,btc-updown-5m-1771718400,0x73731bbefc547ad5412479a59772147b826e3274201f2c79b85e7f8fefd35dd3,Up,already_winner_assist,1,0,4.206255946827817,0.014707796527170242,160.83862289599998,160.83862289599998,,,10.0,60,1,0.00023655817392646329,0.32167724579199997,0.32191380396592645,truncated_http_400_at_offset_3500,881.033009312941,24432.881917687162,880.7110955089751,2736.859986924312,1
5m,300,btc-up-or-down-5m,btc-updown-5m,btc-updown-5m-1771720200,0x8489de396e0d040e9505a6aa9fd799843e3303ee839c95286cb95de7bbaf7e98,Up,already_winner_assist,1,0,3.069834554832132,-0.014736102198135974,0.043698487999989766,307.99999472800005,1.2526480627969396,,10.0,60,0,0.0,0.0,0.0,truncated_http_400_at_offset_3500,10830.611083809868,2303.5151131901334,10830.611083809868,,1
5m,300,btc-up-or-down-5m,btc-updown-5m,btc-updown-5m-1771724100,0xfab9fabba8d888f58a1e4fcb8278c6ed2ac9d899aff254655032338f999b5435,Up,already_winner_assist,1,0,0.37949350688909955,-0.23508427037627894,-3863.123139684,4473.485219683999,,-0.014692928808654162,10.0,60,0,0.0,0.0,0.0,truncated_http_400_at_offset_3500,5783.138350123357,1736.6061118766495,5783.138350123357,,1
5m,300,btc-up-or-down-5m,btc-updown-5m,btc-updown-5m-1771733100,0x3c6123b937bb7a1c2dddfb8a9c96b496c9a37c827fa181e6079b9cce7ad87919,Down,already_winner_assist,1,0,4.311119775734395,4.2332087030759,-328047.803914004,368811.870934406,,,10.0,60,0,0.0,0.0,0.0,truncated_http_400_at_offset_3500,8344.268706384493,2260.699177615507,8344.268706384493,,1
5m,300,btc-up-or-down-5m,btc-updown-5m,btc-updown-5m-1771737000,0x9786bd5d193b222fd79f3051af229c560a7024cc42458d64ec2747c0578766cf,Down,already_winner_assist,1,0,9.477615385517685,-0.2946918628424942,-4.902141755000001,4.902141755000001,,,10.0,60,0,0.0,0.0,0.0,ok,87.55920992720269,8167.124758072792,87.55920992720269,,1
5m,300,btc-up-or-down-5m,btc-updown-5m,btc-updown-5m-1771738800,0xf0e75e48186f1d2b10f791e4de6435411e0836e52eb23575d986c62d2b0cfe97,Down,already_winner_assist,1,0,0.9125163100038483,-0.0,-21.503992895,21.503992895,,,10.0,60,0,0.0,0.0,0.0,ok,579.1313186032713,5722.148504396727,579.1313186032713,,1
5m,300,btc-up-or-down-5m,btc-updown-5m,btc-updown-5m-1771755900,0xbc72ae1521c9fa8f508b8fa5af6ab19e8fed8c514a43a66be2a4361c06ba626f,Down,already_winner_assist,1,0,1.308588620049473,0.014688590857762272,210.6109264,210.6109264,,,10.0,60,1,0.0003093577728063883,0.4212218528,0.4215312105728064,ok,742.0055501007914,16272.127475899208,741.5840188902187,1760.2624230184565,1
5m,300,btc-up-or-down-5m,btc-updown-5m,btc-updown-5m-1771761300,0x7723b05bf5224086fabe87692df3c51d49bc1be0b914801de8f1804262ce37f4,Up,already_winner_assist,1,0,3.100698580013455,0.0,9.852160544,9.852160544,-0.0,,10.0,60,0,0.0,0.0,0.0,ok,253.35722329042724,15980.276244709565,253.35722329042724,,1
5m,300,btc-up-or-down-5m,btc-updown-5m,btc-updown-5m-1771764000,0x8c85b8f48ddc4ef5e6ec6d1eda619f39ce051d177764c2eacf5ceece5ad2310f,Down,already_winner_assist,1,0,0.5001136547712722,-0.0,633664.591073546,633764.341752454,0.014727529657678503,0.014727529657678503,10.0,60,0,0.0,0.0,0.0,truncated_http_400_at_offset_3500,18283.209865032473,4036.481839967519,18283.209865032473,,1
5m,300,btc-up-or-down-5m,btc-updown-5m,btc-updown-5m-1771770000,0xdbde9ac3a290de7aa3dcade6dbeb88a05418f2bd24993104ffae359854dc6f3b,Up,already_winner_assist,1,0,8.301855656443994,0.0,43.853941703,43.853941703,,-0.0,10.0,60,0,0.0,0.0,0.0,ok,179.52832641805946,13171.31352858193,179.52832641805946,,1
5m,300,btc-up-or-down-5m,btc-updown-5m,btc-updown-5m-1771770900,0xfdfba20ad1f918fcf4d2ee794933f7d6007e18c424625483ec845241a8667953,Down,already_winner_assist,1,0,7.704712363553313,0.5326365659234749,507.095410745,507.095410745,0.0,0.01479584325597799,10.0,60,1,0.027009755817477075,1.01419082149,1.041200577307477,ok,454.4241012332457,19823.857167766757,453.3829006559383,436.44242150573615,1
5m,300,btc-up-or-down-5m,btc-updown-5m,btc-updown-5m-1771776000,0x0cdf1cac364c5eab5f387119145e1e9f1f1b4c1de1152a5ccde1b7a86166226a,Down,already_winner_assist,1,0,7.156662464967373,-0.0,-98.325035008,98.325035008,-0.014788513171130075,,10.0,60,0,0.0,0.0,0.0,truncated_http_400_at_offset_3500,790.6969779270174,19990.59909907301,790.6969779270174,,1
5m,300,btc-up-or-down-5m,btc-updown-5m,btc-updown-5m-1771776900,0x4a3598b858a1e5ec2d1b9bb5534b54b880615886a5a59f2975bcbc868fe651b9,Up,already_winner_assist,1,0,5.155708059752975,0.11834249501553358,928.134870016,928.134870016,,,10.0,60,1,0.01098377962286114,1.856269740032,1.8672535196548612,truncated_http_400_at_offset_3500,447.9258720824164,22585.238620917567,446.0586185627615,239.8848722830149,1
5m,300,btc-up-or-down-5m,btc-updown-5m,btc-updown-5m-1771778100,0xc3b8c4a6e34380ae514867211458d16c97d58151033b8905c31cdbffa98c9eda,Down,already_winner_assist,1,0,5.723723109170212,-0.014815989117771756,-846.6778171919999,849.7825687919999,0.0,,10.0,60,0,0.0,0.0,0.0,truncated_http_400_at_offset_3500,299.7184342197876,14395.258363780198,299.7184342197876,,1
5m,300,btc-up-or-down-5m,btc-updown-5m,btc-updown-5m-1771779900,0xc4530a187652a1a7f74de76ac101dd8ba54dfbff1acc4380330d9b9d15f835cc,Down,already_winner_assist,1,0,8.21975754315717,-0.0,-4.96964128,4.96964128,,0.0,10.0,60,0,0.0,0.0,0.0,ok,203.90365578055793,14375.191196219424,203.90365578055793,,1
5m,300,btc-up-or-down-5m,btc-updown-5m,btc-updown-5m-1771781100,0x763a56c0c1ee534d03e1d7772cf661bd77bd57a6916a264223377a1acb573adb,Down,already_winner_assist,1,0,4.826422665866053,3.0966656270870647,2550.511057314,4496.383482274,,,10.0,60,1,0.789807992268975,5.101022114628001,5.890830106896976,truncated_http_400_at_offset_3500,8179.125093743189,18614.688883256782,8173.234263636292,1388.4503449126942,1
5m,300,btc-up-or-down-5m,btc-updown-5m,btc-updown-5m-1771782000,0xb1287c3a47f135d3e2744bf298d12baf4a46496232de1b51c7e0e4ebcd65aca3,Up,already_winner_assist,1,0,0.34084271633541413,0.014868418214290708,407.99393867399993,407.99393867399993,,,10.0,60,1,0.0006066224509100707,0.8159878773479999,0.81659449979891,truncated_http_400_at_offset_3500,13466.012374747765,6214.7178682522235,13465.195780247966,16490.451966139655,1
5m,300,btc-up-or-down-5m,btc-updown-5m,btc-updown-5m-1771788000,0x34936a0458a5dc23d901d06af6b8bccec631f7e164bd100371976ca7f22a86cc,Up,already_winner_assist,1,0,1.1816929018408213,0.01483297697035928,30.170634848,30.170634848,-0.0,,10.0,60,1,4.4752033188150315e-05,0.060341269696,0.060386021729188145,ok,1120.2042019717587,9697.970405028253,1120.1438159500294,18550.72034709479,1
5m,300,btc-up-or-down-5m,btc-updown-5m,btc-updown-5m-1771790400,0x31d7b3d4fa9cdb2b6e470203c5e5c8e4c5634712764c1dac38f116f13bd6d013,Down,already_winner_assist,1,0,2.0246833019979955,-0.0,4.41562221800001,100.894794686,,,10.0,60,0,0.0,0.0,0.0,truncated_http_400_at_offset_3500,2360.0830746018332,7548.488821398169,2360.0830746018332,,1
5m,300,btc-up-or-down-5m,btc-updown-5m,btc-updown-5m-1771791600,0x14a8bda62438bf6c14e621b907eeb301277c68ee0f6f098d80506013f68bbc77,Up,already_winner_assist,1,0,3.861510103062429,-1.1269911424505346,708.768149301,1268.401739275,,2.462027685032445,10.0,60,0,0.0,0.0,0.0,ok,742.6312559017251,19226.46012409825,742.6312559017251,,1
5m,300,btc-up-or-down-5m,btc-updown-5m,btc-updown-5m-1771792200,0x2a758dccd0077c1fa60d802ec27ab0563f83d12168bbcedccb7c1cdc6b26d8fe,Down,already_winner_assist,1,0,5.833300145973095,-0.01484206925267372,-202.12830000000002,202.12830000000002,,,10.0,60,0,0.0,0.0,0.0,truncated_http_400_at_offset_3500,122.05223636162147,10462.319225638366,122.05223636162147,,1
5m,300,btc-up-or-down-5m,btc-updown-5m,btc-updown-5m-1771799400,0x15975602ca0e28f5ca97c4655dc8060c1e65e415cb140b0e355e83a1434b4b31,Up,flip,0,1,1.4934978571182276,3.0191002718596085,703.964270284,804.393408076,,,10.0,60,1,0.21253387197938756,1.407928540568,1.6204624125473877,ok,6907.367916170703,615.9458018292992,6905.747453758156,4262.590642452627,1
5m,300,btc-up-or-down-5m,btc-updown-5m,btc-updown-5m-1771804200,0x7e619d2ecf6f69a6798847657fef62a19491e7a8734e2a3f3300aa1bfb785ff9,Up,already_winner_assist,1,0,5.168080388802041,1.1687073444349825,826.805063021,833.256797477,-0.8727429799654156,-0.8727429799654156,10.0,60,1,0.09662931495686714,1.653610126042,1.750239440998867,truncated_http_400_at_offset_3500,3241.326611827515,21786.537007172483,3239.576372386516,1851.9332474748026,1
5m,300,btc-up-or-down-5m,btc-updown-5m,btc-updown-5m-1771809900,0x5946c5a08318669c078cfee03f13dfed80e22f810e66eb8dcb5d284810b17584,Down,already_winner_assist,1,0,8.189058221622085,3.657335379999783,-152.33198186000004,1564.94470703,-3.305045758851448,-9.02612486117433,10.0,60,0,0.0,0.0,0.0,ok,1775.7340421461422,998.1094218538575,1775.7340421461422,,1
5m,300,btc-up-or-down-5m,btc-updown-5m,btc-updown-5m-1771812600,0x647d5f5be8966a8b5e8c6d881c1e9d8928d351ea5bf2dcf2285747c33d602ae3,Down,already_winner_assist,1,0,0.9301541056614808,-0.0,-189.60150105600002,189.60150105600002,6.348534759834844,,10.0,60,0,0.0,0.0,0.0,ok,856.7733217837052,1633.5347512162944,856.7733217837052,,1
5m,300,btc-up-or-down-5m,btc-updown-5m,btc-updown-5m-1771815300,0x46506d06cda55cc797b3449f54ea2a602cda1dbbd35c0d411a7d8d046e482e9a,Up,already_winner_assist,1,0,7.862047093814254,-0.015438233558019751,-3.23871,3.23871,-0.015438233558382104,,10.0,60,0,0.0,0.0,0.0,ok,463.617226429897,9188.2796395701,463.617226429897,,1
5m,300,btc-up-or-down-5m,btc-updown-5m,btc-updown-5m-1771816800,0x02936d54546cc88f116d64b6490907641fcc8ad5439265747e51cf4c0a39c299,Down,already_winner_assist,1,0,3.296993093733398,0.015444027370181015,-4843.7536361,5343.7523639,,,10.0,60,0,0.0,0.0,0.0,truncated_http_400_at_offset_3500,850.0057553445187,8556.412538655488,850.0057553445187,,1
5m,300,btc-up-or-down-5m,btc-updown-5m,btc-updown-5m-1771818300,0x13fe9ca98b51dc127bd845868888ba551b7b6bf04b56fb9b04a46b20fb4867fd,Down,already_winner_assist,1,0,9.881648515408402,-0.0,-9.186453479,9.186453479,,,10.0,60,0,0.0,0.0,0.0,ok,158.91731780476718,11617.791065195232,158.91731780476718,,1
5m,300,btc-up-or-down-5m,btc-updown-5m,btc-updown-5m-1771823700,0x8ed52cd5e02d997cf50586920b86846254c11540b1d5d3af334d171a1a9b576b,Up,already_winner_assist,1,0,2.4803178637877705,-0.983151246321804,-137.89753692,137.89753692,-0.0,5.147760031374038,10.0,60,0,0.0,0.0,0.0,ok,122.90508638113697,5236.713505618859,122.90508638113697,,1
5m,300,btc-up-or-down-5m,btc-updown-5m,btc-updown-5m-1771824000,0xb7d16117263bc469a60ad9d8b965a34fa72298a83956e6a96f155eedfed0adc5,Down,already_winner_assist,1,0,8.506139931906384,1.5373948260052128,97370.186433525,97426.864173459,,,10.0,60,1,14.96964208300643,194.74037286704998,209.7100149500564,truncated_http_400_at_offset_3500,1264.1672853601553,15882.646915639825,1054.457270410099,6.028168400356195,1
5m,300,btc-up-or-down-5m,btc-updown-5m,btc-updown-5m-1771824600,0x5353f1751e4cdb2c93030accc1914dce80331e7bc1f8af9978a0d73b5833b978,Up,already_winner_assist,1,0,8.426339145552824,0.0,1701.3025961099997,1701.3025961099997,0.030730982514991463,,10.0,60,0,0.0,0.0,0.0,ok,315.4235909231535,16172.235968076824,315.4235909231535,,1
5m,300,btc-up-or-down-5m,btc-updown-5m,btc-updown-5m-1771826400,0x03191c94110a16ce44b20ba2232388169b4b266ea97ff770016928559fa5c3b6,Up,already_winner_assist,1,0,7.040595337258561,0.0,199.441352814,199.441352814,-1.0599640083020665,,10.0,60,0,0.0,0.0,0.0,truncated_http_400_at_offset_3500,430.59026968613347,14940.127254313864,430.59026968613347,,1
5m,300,btc-up-or-down-5m,btc-updown-5m,btc-updown-5m-1771838400,0x1001c39d490ab108684a7010ec86112e486d3bf9d00749d444a6303e9b302847,Up,flip,0,1,2.370595235474034,2.130022677579431,-10512.337498639998,11170.54301464,,,10.0,60,0,0.0,0.0,0.0,truncated_http_400_at_offset_3500,6439.362488550697,3227.651854449305,6439.362488550697,,1
5m,300,btc-up-or-down-5m,btc-updown-5m,btc-updown-5m-1771845000,0xd9f75994df788b5015031ceb2aa5251ac725f9f0863faf4ce26d462760cd8be5,Up,already_winner_assist,1,0,3.7963323930585404,-0.015069670856119903,-30.660235135999997,30.660235135999997,,-2.8025681350641363,10.0,60,0,0.0,0.0,0.0,ok,653.3992034496889,18923.55693255031,653.3992034496889,,1
5m,300,btc-up-or-down-5m,btc-updown-5m,btc-updown-5m-1771856700,0x18c3dc7d169149d843e65c72d3d4d2de6d5f902ad0e4ce8d85b95e807d8229d2,Up,already_winner_assist,1,0,2.464813348214549,-1.6040531127280306,186.772655528,213.22760156799998,1.3924056402812919,2.4519746086169225,10.0,60,0,0.0,0.0,0.0,truncated_http_400_at_offset_3500,719.5315414839141,19482.646676516088,719.5315414839141,,1
5m,300,btc-up-or-down-5m,btc-updown-5m,btc-updown-5m-1771866000,0xe529a9153c60c50bd6c5ae299f3af1422432d44e59e75af0cd5eb25976aa988e,Up,already_winner_assist,1,0,6.54612743307234,-0.01529130314757905,-1.22291642,1.22291642,,-0.5046006583815191,10.0,60,0,0.0,0.0,0.0,truncated_http_400_at_offset_3500,5715.84919551456,5544.540958485443,5715.84919551456,,1
5m,300,btc-up-or-down-5m,btc-updown-5m,btc-updown-5m-1771866300,0xfa82d8bb89791c5b30bd34405f6f104cf00d4576e1bd7ed9496c9798c5779622,Down,already_winner_assist,1,0,7.406147824595393,-0.7804161458288108,-94.43888468399999,94.43888468399999,,-0.6732965981169252,10.0,60,0,0.0,0.0,0.0,truncated_http_400_at_offset_3500,1217.7552772079528,20199.602772792066,1217.7552772079528,,1
5m,300,btc-up-or-down-5m,btc-updown-5m,btc-updown-5m-1771868700,0x54c89b0365ac9792b4eb7843580b13f5f17a310d804b97233ff3e94cfdad7ee0,Down,already_winner_assist,1,0,2.9545007971308483,0.29484403140868615,15386.926259968,15386.926259968,-3.073102616146259,,10.0,60,1,0.45367433694771425,30.773852519936,31.227526856883713,truncated_http_400_at_offset_3500,3628.8072680452387,10714.12970695476,3597.579741188355,116.2054005965994,1
5m,300,btc-up-or-down-5m,btc-updown-5m,btc-updown-5m-1771871100,0x7be236495372732c2f12f522517dd9b46a454329e2e4c337405433cb1fc972a5,Down,already_winner_assist,1,0,8.000221813429084,-0.6943335442261384,-2068.445036975,2068.445036975,0.015429086760302425,-4.537184153245335,10.0,60,0,0.0,0.0,0.0,truncated_http_400_at_offset_3500,449.49184049643765,16504.769854503553,449.49184049643765,,1
5m,300,btc-up-or-down-5m,btc-updown-5m,btc-updown-5m-1771874700,0x553b8de5e269817ab1aba48ed87db3fa10f95dc51d8aa8d3f4863abbd3d77a4d,Down,already_winner_assist,1,0,4.206261895737836,1.1016881442344444,-1799.2917368100002,1799.2917368100002,,-2.6693815884266217,10.0,60,0,0.0,0.0,0.0,truncated_http_400_at_offset_3500,3330.5931431856275,18764.403499814343,3330.5931431856275,,1
5m,300,btc-up-or-down-5m,btc-updown-5m,btc-updown-5m-1771875600,0x3566c5d8bd3f93446360e71cef21d22ed876df9ea96f48af99065021cc2396f9,Up,already_winner_assist,1,0,9.379471533378936,6.23441416701889,786.9753427999999,786.9753427999999,-5.3429164403664045,-9.34433956795409,10.0,60,1,0.49063302262468667,1.5739506855999998,2.0645837082246867,truncated_http_400_at_offset_3500,2706.4144779235035,10520.275957076492,2704.3498942152787,1310.8766029403187,1
5m,300,btc-up-or-down-5m,btc-updown-5m,btc-updown-5m-1771876500,0x5e8096e7431ac848a12161041ae2ab02364e5d2bce25cf709355e200b3f8a9aa,Up,already_winner_assist,1,0,6.549730858139477,-0.9800451917573577,-74549.975901089,74946.472828289,,-0.07778487348631298,10.0,60,0,0.0,0.0,0.0,truncated_http_400_at_offset_3500,216.62856831256912,14635.724256687401,216.62856831256912,,1
5m,300,btc-up-or-down-5m,btc-updown-5m,btc-updown-5m-1771881300,0xbed95430d33396271c11eada8640921878f938c25f1e6021cdccd4a58418c1ed,Up,already_winner_assist,1,0,2.753690061624508,0.015479504747663193,1107.4602843080002,1107.4602843080002,,-1.7954599676129468,10.0,60,1,0.0017142936728794119,2.2149205686160003,2.21663486228888,truncated_http_400_at_offset_3500,2344.228990358143,22640.34905964184,2342.012355495854,1057.562086674713,1
5m,300,btc-up-or-down-5m,btc-updown-5m,btc-updown-5m-1771888500,0x5823c0baa73812b65b23e2affe80cefcbdb36670c6f0eff03561a817e964c1cb,Down,already_winner_assist,1,0,2.300704644476452,0.015426135421286787,111.97933296,138.28535854,,0.16968618083891462,10.0,60,1,0.0001727408354626323,0.22395866591999997,0.2241314067554626,ok,4747.474599469036,18480.979854530957,4747.250468062281,21181.657083198264,1
5m,300,btc-up-or-down-5m,btc-updown-5m,btc-updown-5m-1771902300,0xc433a93c4b80788cf88de1b7b3e2dab4af9e9bd6c49255c065b30d2c604d3b84,Down,already_winner_assist,1,0,8.043122144038142,3.1509616572333625,712.56475,712.56475,-0.8623764749046364,3.1196136948512017,10.0,60,1,0.22452642055460764,1.4251295,1.6496559205546075,truncated_http_400_at_offset_3500,1826.7710266917406,17554.746934308238,1825.121370771186,1107.3648776876985,1
5m,300,btc-up-or-down-5m,btc-updown-5m,btc-updown-5m-1771904400,0x01db0faeb4b8b19893e7f9911a64e322e598e776ed19f3cd6bf8556230235214,Down,already_winner_assist,1,0,5.477689474833276,-0.0,-51.437625440000005,51.437625440000005,,0.0,10.0,60,0,0.0,0.0,0.0,truncated_http_400_at_offset_3500,3212.0251984861243,10860.415121513854,3212.0251984861243,,1
5m,300,btc-up-or-down-5m,btc-updown-5m,btc-updown-5m-1771908000,0x0b4c9001233917e0c16610a2bdfcbe1403e637dc5d6a5cd6ae3e5fe8664c0607,Up,already_winner_assist,1,0,5.944630368683132,0.01579231214482023,15.2795986,15.2795986,-0.0,-0.0,10.0,60,1,2.413001905387582e-05,0.0305591972,0.030583327219053876,truncated_http_400_at_offset_3500,2975.0160898362847,17161.88736816369,2974.9855065090655,97275.7499054192,1
5m,300,btc-up-or-down-5m,btc-updown-5m,btc-updown-5m-1771909200,0x80267ac0a651b0eca7779e9fdbdcd0f27a75b0efe9614e22951c52ed8ea8f4f4,Down,already_winner_assist,1,0,0.5996278409208793,-1.878682875173711,-5965.91668785,5965.91668785,,,10.0,60,0,0.0,0.0,0.0,ok,608.5719819307545,15208.667486069226,608.5719819307545,,1
5m,300,btc-up-or-down-5m,btc-updown-5m,btc-updown-5m-1771911900,0x0e061eac88a2adc5160fdaa6acbebb857b82fa8076bdf67961936c9e4b69cf05,Up,already_winner_assist,1,0,1.9630777526682575,-1.1590291159506632,9410.456741253,9788.337741452999,,,10.0,60,0,0.0,0.0,0.0,truncated_http_400_at_offset_3500,645.6611818866959,6483.141914113309,645.6611818866959,,1
5m,300,btc-up-or-down-5m,btc-updown-5m,btc-updown-5m-1771916100,0x832338b70f5276b81cfaced945e47847adb993d3934ac7fa61666fa43e9bae14,Up,already_winner_assist,1,0,5.364470723685895,0.015857598764199045,15.899645569,15.899645569,,,10.0,60,1,2.5213019992617724e-05,0.031799291138,0.031824504157992616,truncated_http_400_at_offset_3500,955.6762357522028,22373.869491247806,955.6444112480449,30029.57189867758,1
5m,300,btc-up-or-down-5m,btc-updown-5m,btc-updown-5m-1771920600,0x248f91577d08dc0d3d0d54f5cf00f890fd130775adfce958cf5fcf42a2f92b14,Up,already_winner_assist,1,0,7.116038178016384,-0.5852129346372877,-412.19908307599997,412.19908307599997,-0.0,,10.0,60,0,0.0,0.0,0.0,truncated_http_400_at_offset_3500,590.5335598752984,19650.490570124683,590.5335598752984,,1
5m,300,btc-up-or-down-5m,btc-updown-5m,btc-updown-5m-1771927200,0x09a038553f2288762ed09377cfd8ddf1ec25712d2e3b4fb7e729e7a641abc099,Down,already_winner_assist,1,0,7.891286428331444,-0.0,-761.670607635,761.670607635,,,10.0,60,0,0.0,0.0,0.0,ok,231.29298327581077,13772.948721724179,231.29298327581077,,1
5m,300,btc-up-or-down-5m,btc-updown-5m,btc-updown-5m-1771932300,0x1037902ca78b5a49b0034acef0c60c9001c660a5406d484ab8b33edab2673ce2,Up,already_winner_assist,1,0,1.4289328413359916,0.015832793039394773,289.376840564,289.376840564,-0.0,,10.0,60,1,0.0004581643627043751,0.5787536811280001,0.5792118454907045,truncated_http_400_at_offset_3500,553.8657654670587,21825.390988532945,553.286553621568,956.240397669746,1
5m,300,btc-up-or-down-5m,btc-updown-5m,btc-updown-5m-1771935300,0x7ab7d07b40ddad048fee727a6c5cc7ca1781ef294d38cc5e918fb9e5b2c00e48,Down,already_winner_assist,1,0,5.078174134926481,-0.0,-2012.9383842359998,2315.153699508,,-0.01581771663428934,10.0,60,0,0.0,0.0,0.0,truncated_http_400_at_offset_3500,509.0246051078909,19636.65596189209,509.0246051078909,,1
5m,300,btc-up-or-down-5m,btc-updown-5m,btc-updown-5m-1771941000,0xae2ad5a9b523118a680cd3fef2ab87614b73c047969272048fa0487d49b1b8f8,Up,already_winner_assist,1,0,7.239838162264602,0.0,12746.567099490001,12797.354309106,,-0.4287602873342995,10.0,60,0,0.0,0.0,0.0,truncated_http_400_at_offset_3500,1274.163167545985,18619.623614454016,1274.163167545985,,1
5m,300,btc-up-or-down-5m,btc-updown-5m,btc-updown-5m-1771943100,0x2abcaf743aa5a4e134c9ac36e44d16c87753a390ae057ba5c3ff040c4aa533fd,Up,already_winner_assist,1,0,3.660027334454265,0.0,250.79110867299997,250.79110867299997,,,10.0,60,0,0.0,0.0,0.0,truncated_http_400_at_offset_3500,1288.5083564260303,20546.146045573983,1288.5083564260303,,1
5m,300,btc-up-or-down-5m,btc-updown-5m,btc-updown-5m-1771950300,0x383ceba9c5e87611bb33c9963fd79ec892590d2d13bf6f24359735753a58948a,Down,already_winner_assist,1,0,9.812002989485045,3.8145145867442003,767.457622064,773.9613697359999,-0.5629204313453618,-10.215680000333444,10.0,60,1,0.2927478294071146,1.534915244128,1.8276630735351147,truncated_http_400_at_offset_3500,578.5262564007141,17893.18095459927,576.6985933271791,316.53878922098767,1
5m,300,btc-up-or-down-5m,btc-updown-5m,btc-updown-5m-1771951800,0xf2d022af73eb7f0cca816fc38e0cecdbc6e8f0576211aeb9d0546159e23b158a,Up,already_winner_assist,1,0,4.163162347738656,1.9090509414665522,175.67802062799998,175.67802062799998,,,10.0,60,1,0.033537829067486376,0.351356041256,0.3848938703234864,truncated_http_400_at_offset_3500,6080.694272899446,18265.328529100545,6080.309379029123,15798.366099696235,1
5m,300,btc-up-or-down-5m,btc-updown-5m,btc-updown-5m-1771954200,0xe0687401a493679284d1d99db4fae9e17a3682baf9fe0e732e3a6ca4e5b2a538,Up,already_winner_assist,1,0,2.1479515398754576,-2.3997893287144962,376.99974894599995,376.99974894599995,,,10.0,60,0,0.0,0.0,0.0,truncated_http_400_at_offset_3500,3985.051248213796,18117.71241278622,3985.051248213796,,1
5m,300,btc-up-or-down-5m,btc-updown-5m,btc-updown-5m-1771958100,0xb7570d4512844ec3e7841e0bd35db105ba9476b1a2d4670d269c41cc4670c9db,Down,already_winner_assist,1,0,3.687364599182918,-1.2123830958921784,-202.54232,202.54232,3.108003133021071,5.329633274921902,10.0,60,0,0.0,0.0,0.0,truncated_http_400_at_offset_3500,1418.1452586198184,31057.979032380223,1418.1452586198184,,1
5m,300,btc-up-or-down-5m,btc-updown-5m,btc-updown-5m-1771962300,0x477219a931198fdb279154ae786a8a1b11bf82d890028432c90465ac8f5fd1ce,Down,already_winner_assist,1,0,0.7293547952024146,-0.0,-18.491169284,18.491169284,,-1.2410585624921668,10.0,60,0,0.0,0.0,0.0,truncated_http_400_at_offset_3500,3467.888443898677,11535.024185101327,3467.888443898677,,1
5m,300,btc-up-or-down-5m,btc-updown-5m,btc-updown-5m-1771964400,0xf17600163eb94adf549e4977329f1fbab8c332f8c291e930f07175fa14d47ca6,Up,already_winner_assist,1,0,7.429574414971827,1.2871879071750982,-1547.6592,1547.6592,-0.8063465681905418,,10.0,60,0,0.0,0.0,0.0,truncated_http_400_at_offset_3500,542.729528692156,17530.083109307823,542.729528692156,,1
5m,300,btc-up-or-down-5m,btc-updown-5m,btc-updown-5m-1771965300,0xb7349e789b6e0ad291d73676857e7afbf8547f17d42250c331a1baaa1e5ec334,Down,already_winner_assist,1,0,3.3165663256121403,0.4652223065630282,168.048983753,170.098278917,,-2.1558125209029173,10.0,60,1,0.007818013583714352,0.33609796750599996,0.34391598108971433,truncated_http_400_at_offset_3500,2155.8449170579843,24501.965652941995,2155.5010010768947,6268.522068172249,1
5m,300,btc-up-or-down-5m,btc-updown-5m,btc-updown-5m-1771966500,0xd48c2fa555f3ce8cbed016c093dba5b6171213f9b37782114ff15f97c720a568,Up,already_winner_assist,1,0,5.850756788176324,1.3649378509152685,13217.621,13217.621,1.085730860794913,,10.0,60,1,1.804123120195252,26.435242,28.239365120195252,truncated_http_400_at_offset_3500,1723.9362206212625,30757.573324378733,1695.6968555010671,61.047272602754,1
5m,300,btc-up-or-down-5m,btc-updown-5m,btc-updown-5m-1771969800,0x317829cf914f545a7329ae7924d6d28b4b5b2760a097eed0362e5c8a69fc64c8,Down,already_winner_assist,1,0,2.7509785912351044,-0.0,-67.1535311,67.1535311,0.0,11.335550652251515,10.0,60,0,0.0,0.0,0.0,truncated_http_400_at_offset_3500,554.4138483422333,13026.327203657758,554.4138483422333,,1
5m,300,btc-up-or-down-5m,btc-updown-5m,btc-updown-5m-1771986000,0x8d0320cb2ae1ef7fdf368d33776c6d10e66c3d79861bb52e67c17cc7711a3c8f,Down,already_winner_assist,1,0,1.752069936766579,0.015123959755964396,513.2249924,513.2249924,,-5.1737362941941685,10.0,60,1,0.0007761994130812734,1.0264499848,1.0272261842130812,truncated_http_400_at_offset_3500,1672.6684274459951,23426.350711554027,1671.641201261782,1628.33507668748,1
5m,300,btc-up-or-down-5m,btc-updown-5m,btc-updown-5m-1771989900,0x032a8795ef40106a0cc36408d69388191de0cf6cd2e85cb94a0a4ad4d90ed240,Up,already_winner_assist,1,0,4.783492926784739,0.01524958616592101,29.509675756,29.509675756,0.3659964864760517,,10.0,60,1,4.500103431695122e-05,0.059019351512,0.05906435254631695,truncated_http_400_at_offset_3500,398.0430773400851,24898.16874765991,397.9840129875388,6739.142311395839,1
5m,300,btc-up-or-down-5m,btc-updown-5m,btc-updown-5m-1772010600,0x4708cfe1313b0ed94a30b9434b767919c04e494326b55cd5ebe7a344f7d8318c,Up,already_winner_assist,1,0,3.3091830213589257,-2.2883295294361488,-65460.987204118,65623.945521868,,,10.0,60,0,0.0,0.0,0.0,truncated_http_400_at_offset_3500,824.3709597363201,12682.294629263677,824.3709597363201,,1
5m,300,btc-up-or-down-5m,btc-updown-5m,btc-updown-5m-1772020800,0xb3e2add8d7f1db8bee2387000335d48eef970d9e0a187fb304d8c5a99d5f2693,Down,already_winner_assist,1,0,2.5796023928232166,-0.015291045947057045,-93.60387114,93.60387114,,,10.0,60,0,0.0,0.0,0.0,truncated_http_400_at_offset_3500,3890.035730291109,12306.511390708898,3890.035730291109,,1
5m,300,btc-up-or-down-5m,btc-updown-5m,btc-updown-5m-1772022000,0xb0d1613bca9ca4a5d2edbc9cb461d8f250918fb1f82ba10038ebf7379604c07f,Up,already_winner_assist,1,0,6.6813722921300025,0.0,180.221462995,180.221462995,,,10.0,60,0,0.0,0.0,0.0,truncated_http_400_at_offset_3500,0.0,0.0,0.0,,0
5m,300,btc-up-or-down-5m,btc-updown-5m,btc-updown-5m-1772025600,0x9c74e63b0ebb6a9d135242368751fcdc3161ff32d2fa5b2e831fe79b3161e09f,Up,already_winner_assist,1,0,0.09495496716114454,0.0,74.692579038,74.692579038,-0.0,-9.558278241406311,10.0,60,0,0.0,0.0,0.0,truncated_http_400_at_offset_3500,4809.186367428834,8763.065884571182,4809.186367428834,,1
5m,300,btc-up-or-down-5m,btc-updown-5m,btc-updown-5m-1772027700,0xd31c21679c2242395bfe9230c55acca4157fdf79eceb279b2dfd53098431d580,Down,already_winner_assist,1,0,9.457289431702941,-0.0,2377.9022662100006,2666.9967847300004,,3.637831982850809,10.0,60,0,0.0,0.0,0.0,truncated_http_400_at_offset_3500,329.8446872020369,15420.17055079795,329.8446872020369,,1
5m,300,btc-up-or-down-5m,btc-updown-5m,btc-updown-5m-1772032800,0xa5e0d5d18fe5bc1444ce5eac0e8abfa467ab6bb63a480f3a77b71d17f9538d7c,Up,already_winner_assist,1,0,1.8508990263255443,0.0,985.2086986070001,985.2086986070001,-0.7776410263390409,,10.0,60,0,0.0,0.0,0.0,truncated_http_400_at_offset_3500,4897.715186408426,6248.342058591576,4897.715186408426,,1
5m,300,btc-up-or-down-5m,btc-updown-5m,btc-updown-5m-1772034300,0xa5761c871cf2f0720c69401604bce44a6a5d998a8678ab9872f5c73483f8c5e1,Up,already_winner_assist,1,0,3.1204843083422364,-0.014805525716584967,-61.857904332000004,61.857904332000004,2.0877986016524677,,10.0,60,0,0.0,0.0,0.0,truncated_http_400_at_offset_3500,8506.258485784207,4074.588462215792,8506.258485784207,,1
5m,300,btc-up-or-down-5m,btc-updown-5m,btc-updown-5m-1772037000,0xe2d5e7649a057752e164ecb31d64056c2256b71c47baa134c32b095802bb0c5d,Down,already_winner_assist,1,0,0.152935039913712,-0.0,-985.8804112079998,985.8804112079998,-0.014733106098127498,15.54605831947057,10.0,60,0,0.0,0.0,0.0,truncated_http_400_at_offset_3500,5904.111323635694,6554.889932364292,5904.111323635694,,1
5m,300,btc-up-or-down-5m,btc-updown-5m,btc-updown-5m-1772045400,0x5a3539c72089982507142f419f83c7b493ce8ecc9a9b193083e1048b77d1197b,Up,already_winner_assist,1,0,1.7156661573198626,1.5292549384341998,156007.01571076098,166021.67508031297,,-1.5001738210295297,10.0,60,1,23.857449920606303,312.01403142152196,335.8714813421283,truncated_http_400_at_offset_3500,5082.912279698323,13194.497342301654,4747.0407983561945,15.133503622835793,1
5m,300,btc-up-or-down-5m,btc-updown-5m,btc-updown-5m-1772046300,0x921a828ed014d69cf6148558ab9f8fd6fe1c0f703c88370eaa183bc4f6b69326,Down,already_winner_assist,1,0,7.931638121449857,1.4762711155302994,580.060406332,793.54285055,-5.820367976808792,-11.441251153934092,10.0,60,1,0.08563264231307004,1.160120812664,1.24575345497707,truncated_http_400_at_offset_3500,2389.78405087349,13591.954881126521,2388.5382974185127,1918.344309081188,1
5m,300,btc-up-or-down-5m,btc-updown-5m,btc-updown-5m-1772048100,0x259bc6032d83bb531e9c9a8da529014af86559193799f1f409fc7f3f438620ed,Up,already_winner_assist,1,0,7.804703106887563,-2.162841663020899,973.87695337,973.87695337,4.849949344849345,,10.0,60,0,0.0,0.0,0.0,ok,246.24321248388,14528.193791516109,246.24321248388,,1
5m,300,btc-up-or-down-5m,btc-updown-5m,btc-updown-5m-1772066700,0xd3b6b1c4345b0040db230ddcb4adc88786cbb934c12b29a920de791330823de5,Up,already_winner_assist,1,0,2.5887282427216554,-3.3705165122687726,-1234.2508906750002,1289.231178107,1.26057194954667,,10.0,60,0,0.0,0.0,0.0,truncated_http_400_at_offset_3500,1731.1882325433664,29041.30098445664,1731.1882325433664,,1
5m,300,btc-up-or-down-5m,btc-updown-5m,btc-updown-5m-1772068500,0xc876dcb778fc453c937dadf76f74a6e59b1e67738d26bf1c74227bb4f9e62941,Down,already_winner_assist,1,0,7.02566260909734,-0.21890540004064643,-3463.504517555,3463.504517555,,-2.9921219841331976,10.0,60,0,0.0,0.0,0.0,ok,699.0344342925979,25915.109244707426,699.0344342925979,,1
5m,300,btc-up-or-down-5m,btc-updown-5m,btc-updown-5m-1772070000,0x7ea8dd1e489cc18867c7ab515f4280c05dabfa305086092c43db9170369b26ec,Down,flip,0,1,1.150902313174057,6.156046462730893,-3837.5620171220007,6728.695670938,-5.676863714600386,-6.877025884293987,10.0,60,0,0.0,0.0,0.0,ok,10485.668931,111.13756900000001,10485.668931,,1
5m,300,btc-up-or-down-5m,btc-updown-5m,btc-updown-5m-1772071500,0x5f3b9ace642906760b1250fec6ff122f9137832013fc65766039d049e8b94e8c,Up,flip,0,1,1.3638851449779867,2.4116973319118653,68.96564190500001,68.96564190500001,4.367952242577951,,10.0,60,1,0.016632425457587766,0.13793128381000003,0.15456370926758778,truncated_http_400_at_offset_3500,6227.390431907227,2782.467723092774,6227.2358681979595,40290.12024501873,1
5m,300,btc-up-or-down-5m,btc-updown-5m,btc-updown-5m-1772088600,0xcdf111b44758f2e37bbe36553a072bf2fd2b31d62ce754e493bc7e2e5f790575,Up,already_winner_assist,1,0,1.2874844080758017,0.014674644783451875,5.810025648,5.810025648,,-2.8611442864809034,10.0,60,1,8.52600625671448e-06,0.011620051296,0.011628577302256714,truncated_http_400_at_offset_3500,576.9447288796673,10282.635475120329,576.933100302365,49614.38651379149,1
5m,300,btc-up-or-down-5m,btc-updown-5m,btc-updown-5m-1772093700,0x5ab16eefbcb1fa44f1b6160b73c5674796e68efb045ac3c656fe73c95a92a7a4,Up,already_winner_assist,1,0,3.459260550739517,2.4976309365921563,549.515106003,549.515106003,,,10.0,60,1,0.1372485928877811,1.099030212006,1.2362788048937812,truncated_http_400_at_offset_3500,5391.245936425613,11601.463725574402,5390.009657620719,4360.865781314449,1
5m,300,btc-up-or-down-5m,btc-updown-5m,btc-updown-5m-1772100300,0x10cb935b28c74d1d55512f35a5ba52ebdbe98795689a9b38de122e6caa9129b9,Down,already_winner_assist,1,0,0.24828126870137088,-0.0,-73.710272909,73.710272909,-0.014570706903677176,,10.0,60,0,0.0,0.0,0.0,truncated_http_400_at_offset_3500,2579.83535772856,8284.132397271445,2579.83535772856,,1
5m,300,btc-up-or-down-5m,btc-updown-5m,btc-updown-5m-1772119200,0xfdab635cf23d9c87d079f673d367a61da56e2789e1f1aa82af3154cb92855390,Up,already_winner_assist,1,0,6.088243807522636,1.985093891759106,-21.078041402999997,69.345215477,-0.01492402551904025,7.942741021398031,10.0,60,0,0.0,0.0,0.0,ok,0.0,0.0,0.0,,0
5m,300,btc-up-or-down-5m,btc-updown-5m,btc-updown-5m-1772119500,0xa5d5b19fa8ec5bfdce4e50f815569c6c39ac9fe6db75a610300a658b70fce0f0,Down,already_winner_assist,1,0,5.49820939006898,-0.6720364873529625,-194316.16959022498,194316.16959022498,0.462932197690064,8.523476273004666,10.0,60,0,0.0,0.0,0.0,truncated_http_400_at_offset_3500,3680.575632286199,17573.09244771381,3680.575632286199,,1
5m,300,btc-up-or-down-5m,btc-updown-5m,btc-updown-5m-1772127900,0x1a3f114971d8107d5c2a2d41288906ed10b227a5f02d21cb74e36002c202d505,Down,already_winner_assist,1,0,9.10093691695293,0.014995932354321541,44.994834477999994,44.994834477999994,,,10.0,60,1,6.747394941259824e-05,0.089989668956,0.0900571429054126,truncated_http_400_at_offset_3500,5671.645161462536,11157.005001537469,5671.55510431963,62978.29332004779,1
5m,300,btc-up-or-down-5m,btc-updown-5m,btc-updown-5m-1772133000,0x931b2c21e3796288b51828ca7ea26701feff2b8c759889481cc2e214cf494e70,Down,already_winner_assist,1,0,0.9841162317787203,-0.0,-36158.03434855,36212.04626855,,,10.0,60,0,0.0,0.0,0.0,truncated_http_400_at_offset_3500,6524.037736114587,3716.258221885414,6524.037736114587,,1
5m,300,btc-up-or-down-5m,btc-updown-5m,btc-updown-5m-1772136600,0x2d85b2472ddbd933f86fb914860ffa444e9debc1390f68ab21390c93e53db723,Down,flip,0,1,2.330980787063381,3.190103616805711,222.447905368,417.032924804,0.9896317617821192,,10.0,60,1,0.07096318674653113,0.44489581073600004,0.5158589974825312,truncated_http_400_at_offset_3500,8259.774165487808,11734.415705512183,8259.258306490327,16011.6896396045,1
5m,300,btc-up-or-down-5m,btc-updown-5m,btc-updown-5m-1772139600,0x85789e1fef48c0b23d6454379985ad5d9e148c746e46b47635b03ad42a767af4,Up,already_winner_assist,1,0,2.9116875817847454,0.0,1051.0878102249999,1051.0878102249999,,,10.0,60,0,0.0,0.0,0.0,truncated_http_400_at_offset_3500,2149.0024961197023,10983.931348880307,2149.0024961197023,,1
5m,300,btc-up-or-down-5m,btc-updown-5m,btc-updown-5m-1772141400,0xac6af2ec73e7db28279712ce54549eb7545e08d0b49f6f4d9bf99763438babf3,Down,already_winner_assist,1,0,4.8573288740758045,-2.3280591283865752,-5168.568999835,5168.568999835,,,10.0,60,0,0.0,0.0,0.0,ok,216.64123549315767,12320.058953506828,216.64123549315767,,1
5m,300,btc-up-or-down-5m,btc-updown-5m,btc-updown-5m-1772148600,0xdf722a7d395075fc39618d25e39096c73196739bddc7a69884a63caf160d2625,Up,already_winner_assist,1,0,0.32395138319937195,0.0,326.706082211,334.71055471700004,,,10.0,60,0,0.0,0.0,0.0,truncated_http_400_at_offset_3500,2603.7587899182345,13731.524619081749,2603.7587899182345,,1
5m,300,btc-up-or-down-5m,btc-updown-5m,btc-updown-5m-1772172300,0x4c83545c276de9c7cbad33c662c9c49eed46d7ba277440e1adc8a8e4866e7608,Down,already_winner_assist,1,0,9.14302289873999,-0.0,-47.45996881600001,47.45996881600001,-0.01476951070897562,,10.0,60,0,0.0,0.0,0.0,truncated_http_400_at_offset_3500,310.02758645767744,12095.086004542318,310.02758645767744,,1
5m,300,btc-up-or-down-5m,btc-updown-5m,btc-updown-5m-1772174400,0x80cfd96f1b30a58e161d0ed101bd11899b5a5a8e2762c1b775dc602d5d699281,Up,already_winner_assist,1,0,1.733454631881754,0.0,176.41166376399997,176.41166376399997,-0.0,,10.0,60,0,0.0,0.0,0.0,truncated_http_400_at_offset_3500,3830.992745233665,4472.610618766338,3830.992745233665,,1
5m,300,btc-up-or-down-5m,btc-updown-5m,btc-updown-5m-1772186100,0xac58f7889f508e984fe6971d958fc4fe054c035432025da25227e10e03205f54,Up,already_winner_assist,1,0,9.635149365795119,-0.014840064909328496,-179.25101764500005,296.319325605,5.581425872596405,0.9943345201823557,10.0,60,0,0.0,0.0,0.0,truncated_http_400_at_offset_3500,160.0633209998411,12450.22030300014,160.0633209998411,,1
5m,300,btc-up-or-down-5m,btc-updown-5m,btc-updown-5m-1772188200,0x7b3cb19dd650d7f7e0e2ad2c3a4a0b59a8dcca17bfd3cf1a7786789eb439900c,Up,already_winner_assist,1,0,9.685252281405976,0.0,24.630250844000003,24.630250844000003,,-0.0,10.0,60,0,0.0,0.0,0.0,truncated_http_400_at_offset_3500,179.94408862200441,9975.158050377982,179.94408862200441,,1
5m,300,btc-up-or-down-5m,btc-updown-5m,btc-updown-5m-1772191500,0x5a140f24d11b9f9ef7eeae15b8afc2dd1e8482abe5f7488537cac48d54a619ba,Up,already_winner_assist,1,0,1.7558018259066965,-0.7364284874916427,104.4953703459999,799.113810058,,-4.312595625769198,10.0,60,0,0.0,0.0,0.0,truncated_http_400_at_offset_3500,3084.3430131883156,7172.430845811684,3084.3430131883156,,1
5m,300,btc-up-or-down-5m,btc-updown-5m,btc-updown-5m-1772191800,0xa354789e187cc5850dc1cdcc2f39f2d64b616c80b1c502533dfadbc876c0462e,Down,already_winner_assist,1,0,8.273525371019371,0.0601749888666062,2113.4176146060004,2113.4176146060004,,-3.5359162943067415,10.0,60,1,0.012717488142940553,4.226835229212001,4.239552717354941,truncated_http_400_at_offset_3500,1120.8946127687834,8089.168544231221,1116.6550600514286,264.3898277712914,1
5m,300,btc-up-or-down-5m,btc-updown-5m,btc-updown-5m-1772193000,0x3f4a641feb2229782932725849f69823bce0197ebd85207a9661d896f0c50c4b,Down,already_winner_assist,1,0,7.736225007177212,0.8175971128227646,-78.37961530499999,85.262773095,0.015141294779192889,-0.06056540836884892,10.0,60,0,0.0,0.0,0.0,truncated_http_400_at_offset_3500,460.97189089907255,14863.60977810091,460.97189089907255,,1
5m,300,btc-up-or-down-5m,btc-updown-5m,btc-updown-5m-1772196000,0xc7a9075027cacf98c6203280555e33fad3887963414087a0c577032a72dd5acf,Down,already_winner_assist,1,0,5.205833669646173,-0.0,876.1042914069999,1231.271059231,-4.582304797375271,-18.08347586114062,10.0,60,0,0.0,0.0,0.0,truncated_http_400_at_offset_3500,1608.6084478895045,16732.512476110496,1608.6084478895045,,1
5m,300,btc-up-or-down-5m,btc-updown-5m,btc-updown-5m-1772206500,0x9e0159dd24f1a22c5926a13ce0e5eeba20480bbecf5d0dd7fa25bba42973e8fa,Down,already_winner_assist,1,0,1.5045830575856391,-0.0,-1721.400505671,1721.400505671,,,10.0,60,0,0.0,0.0,0.0,truncated_http_400_at_offset_3500,7504.514135801369,8113.216953198625,7504.514135801369,,1
5m,300,btc-up-or-down-5m,btc-updown-5m,btc-updown-5m-1772211900,0x1e2b0212c992697a2fd506a6b2209d3bd03986a52f00f8023b255c4d419a7394,Up,already_winner_assist,1,0,3.8762718049161595,0.0,780.8135215769998,780.8135215769998,3.5036727988988927,,10.0,60,0,0.0,0.0,0.0,truncated_http_400_at_offset_3500,7289.159611453857,26479.000502546132,7289.159611453857,,1
5m,300,btc-up-or-down-5m,btc-updown-5m,btc-updown-5m-1772214000,0xe868797274d8cd27784a263554f8f8785f03e90c9190da85972cc00c5781304c,Up,already_winner_assist,1,0,0.9958283852973769,-0.04586009460986551,1225.2745200119998,1681.25621202,-0.24458474098307645,,10.0,60,0,0.0,0.0,0.0,truncated_http_400_at_offset_3500,7651.363496027834,9481.216767972164,7651.363496027834,,1
5m,300,btc-up-or-down-5m,btc-updown-5m,btc-updown-5m-1772225400,0xf2584fa226622bca627389823cbeb94b691fe6da04be1b5687ba06b727aa9ab5,Down,already_winner_assist,1,0,2.7194797419446743,-0.0,-81.55497741600001,81.55497741600001,0.0,,10.0,60,0,0.0,0.0,0.0,truncated_http_400_at_offset_3500,2713.851881420644,14484.939204579368,2713.851881420644,,1
5m,300,btc-up-or-down-5m,btc-updown-5m,btc-updown-5m-1772225700,0x93edec63b201a5fd27644235a8e6ebdbb273dd0f582be1d649b55fba91871c9c,Down,already_winner_assist,1,0,3.820368511985399,2.3325250909373785,377.77098259300004,400.05596356300003,-0.015247051792931846,0.0,10.0,60,1,0.08811602955262403,0.7555419651860001,0.8436579947386241,truncated_http_400_at_offset_3500,2180.243161996314,17440.072222003688,2179.399504001575,2584.2736933605197,1
5m,300,btc-up-or-down-5m,btc-updown-5m,btc-updown-5m-1772226000,0x5be7f5143ab332d29a01eedb1f8bddc7e38491f7c4258e93667c07a521edfbf5,Up,already_winner_assist,1,0,5.498853532107056,2.1183550975732066,317.862569028,317.862569028,-4.220132532134846,,10.0,60,1,0.0673345793428179,0.6357251380560001,0.703059717398818,truncated_http_400_at_offset_3500,8197.235634065344,23736.775977934656,8196.532574347946,11659.37320999345,1
5m,300,btc-up-or-down-5m,btc-updown-5m,btc-updown-5m-1772232300,0x72ced488a6261743ecf1ae7508589d9d38e50439e60d0156894ad6935924cac3,Down,already_winner_assist,1,0,7.2948664922833295,0.0152569150071215,72.657481166,84.657294994,,5.887440247054153,10.0,60,1,0.0001108529014781193,0.145314962332,0.1454258152334781,truncated_http_400_at_offset_3500,5322.900454682848,17049.135808317118,5322.755028867615,36602.1702964982,1
5m,300,btc-up-or-down-5m,btc-updown-5m,btc-updown-5m-1772234400,0x0a6b31df1cddc12c47401f7aa65e13e3854609fb1cad94ef02e8ae7228bdcd55,Up,already_winner_assist,1,0,7.272732986112795,0.0,149.62582997,149.62582997,-0.0,,10.0,60,0,0.0,0.0,0.0,truncated_http_400_at_offset_3500,516.6533968421867,17025.95972515782,516.6533968421867,,1
5m,300,btc-up-or-down-5m,btc-updown-5m,btc-updown-5m-1772236500,0x3a9c52c30169521d6aa5aed69ffc76391110cb3091587592a9496884cf54f63f,Down,flip,0,1,0.4523984669228735,1.4724958299556439,-81.40836223,81.40836223,0.0,-5.892152522089652,10.0,60,0,0.0,0.0,0.0,truncated_http_400_at_offset_3500,8580.575980668202,17179.96912233179,8580.575980668202,,1
5m,300,btc-up-or-down-5m,btc-updown-5m,btc-updown-5m-1772238900,0x374443eba1f7fbab9c506f3d98ae038b3a481c551674f1c2b7d2632bd2d250b8,Up,already_winner_assist,1,0,2.1911127766133016,-0.015190907936743102,-167.290071152,167.290071152,,-0.0,10.0,60,0,0.0,0.0,0.0,truncated_http_400_at_offset_3500,2320.2792370294565,10221.742309970514,2320.2792370294565,,1
5m,300,btc-up-or-down-5m,btc-updown-5m,btc-updown-5m-1772244600,0xd0522afda1d306ed3b07850de63be907bcad8d10244fe285960c5ba1449a0529,Down,flip,0,1,1.8844305841761015,2.74699634373388,4203.809222770999,5582.740174431,,,10.0,60,1,1.15478485647067,8.407618445541999,9.562403302012669,truncated_http_400_at_offset_3500,11037.82717756761,6611.979191432404,11028.264774265597,1154.2942531240444,1
5m,300,btc-up-or-down-5m,btc-updown-5m,btc-updown-5m-1772246400,0x60157172b54cd377f27ad9204a7ca198f6946d4e72b69ca8b1db68509a47da74,Down,already_winner_assist,1,0,1.4800740503805778,-0.015160554055274979,-693.124217559,693.124217559,0.0,0.8489543464744583,10.0,60,0,0.0,0.0,0.0,truncated_http_400_at_offset_3500,785.0663107944692,9135.989820205546,785.0663107944692,,1
5m,300,btc-up-or-down-5m,btc-updown-5m,btc-updown-5m-1772248800,0x795c95300d18b2d25d79ed7864cf30159b54df81e3e8eb962d2e90f846945575,Up,already_winner_assist,1,0,1.7467496978260908,1.076980602497115,278.15109154799995,379.813771748,,,10.0,60,1,0.029956333016059516,0.5563021830959999,0.5862585161120594,truncated_http_400_at_offset_3500,7393.995476185702,3741.1762278142983,7393.409217669589,12612.175811485165,1
5m,300,btc-up-or-down-5m,btc-updown-5m,btc-updown-5m-1772250000,0xa4bc9e6a5665365239420aa8188d3e1e0f2894cfb40aa0e41b4b5d8f77759282,Up,already_winner_assist,1,0,0.41791768298008897,-0.5168021500108635,-3392.186097018,3392.186097018,,,10.0,60,0,0.0,0.0,0.0,truncated_http_400_at_offset_3500,10665.986771051603,2668.115205948397,10665.986771051603,,1
5m,300,btc-up-or-down-5m,btc-updown-5m,btc-updown-5m-1772259600,0xec16d47bf80fd19879f52c5e260344ac1db687607ff6305d4c2b5c34e69ad217,Up,already_winner_assist,1,0,5.1956056170927,-3.07793171576159,2266.544647559,2628.531149559,-0.0,,10.0,60,0,0.0,0.0,0.0,truncated_http_400_at_offset_3500,1608.2969986630956,27960.2650303369,1608.2969986630956,,1
5m,300,btc-up-or-down-5m,btc-updown-5m,btc-updown-5m-1772262900,0x407f4d9d7f569ae7b2a31d29c7f83cdd53edd4b0db6e9fc02cd2ebf8d134dd49,Up,already_winner_assist,1,0,4.470046492113922,0.015677359933646176,-319.149725525,397.14888889099996,,,10.0,60,0,0.0,0.0,0.0,truncated_http_400_at_offset_3500,2358.3550923203015,8245.457276679694,2358.3550923203015,,1
5m,300,btc-up-or-down-5m,btc-updown-5m,btc-updown-5m-1772268300,0xd1e5a005ddef876220508839e90b669a6b8fb39ef314683fce3b136313c5c0d1,Up,already_winner_assist,1,0,8.428734273320211,0.0,-91.66376016,91.66376016,,,10.0,60,0,0.0,0.0,0.0,ok,564.6609894571882,17014.702727542786,564.6609894571882,,1
5m,300,btc-up-or-down-5m,btc-updown-5m,btc-updown-5m-1772281800,0xab3cf283cef7c5376a6bfe1c895d514b0d77fea90c0c7044947fa15013084565,Down,flip,0,1,0.5535381774568521,1.3123544125661486,50.8823055,50.8823055,0.01562427981870622,0.01562427981870622,10.0,60,1,0.006677561814446382,0.101764611,0.10844217281444639,truncated_http_400_at_offset_3500,8582.00991769096,3410.5375873090384,8581.901475518147,79139.04429391595,1
5m,300,btc-up-or-down-5m,btc-updown-5m,btc-updown-5m-1772282100,0x3a3eec7790a2f50cef63389fec262517232a4b6cf572dfc7f60c4a091373f82f,Up,already_winner_assist,1,0,6.072403495359892,1.07746589495298,727.304518204,779.088002854,,,10.0,60,1,0.07836458136100188,1.454609036408,1.5329736177690019,truncated_http_400_at_offset_3500,304.2633923411978,17805.159424658763,302.7304187234288,198.4792098275015,1
5m,300,btc-up-or-down-5m,btc-updown-5m,btc-updown-5m-1772283000,0x54f79a8051d08cdc286b8005e8ff7ee3ac60df6bc72576e049e1aebf2e8b7f6b,Down,already_winner_assist,1,0,4.367326551771758,-0.0,-31.140969625000004,31.140969625000004,0.7197216245042027,0.7197216245042027,10.0,60,0,0.0,0.0,0.0,truncated_http_400_at_offset_3500,146.29654325293683,7997.548509747057,146.29654325293683,,1
5m,300,btc-up-or-down-5m,btc-updown-5m,btc-updown-5m-1772285100,0x37de05e7669eefcd70494e5cf912fdf2b4236bd2532e21f2d5d98ecd571548e3,Down,already_winner_assist,1,0,4.935997320586078,-0.0,-24.570276988000003,24.570276988000003,0.0,1.5613582599470106,10.0,60,0,0.0,0.0,0.0,truncated_http_400_at_offset_3500,750.4373450787103,21747.69305192128,750.4373450787103,,1
5m,300,btc-up-or-down-5m,btc-updown-5m,btc-updown-5m-1772297700,0x098d82c6c09f481f8818d35b9d1bea7e72904ddb7a151cf5a6be2f3b9e83bbab,Up,already_winner_assist,1,0,1.7119112402510368,0.0,27.854104625,27.854104625,,0.36865623271293035,10.0,60,0,0.0,0.0,0.0,truncated_http_400_at_offset_3500,984.7405804732687,7986.965014526739,984.7405804732687,,1
5m,300,btc-up-or-down-5m,btc-updown-5m,btc-updown-5m-1772298300,0x2dd8b5032783b2b5b367984d28c3cc3da914542507b07fee06f14a6df7db6906,Down,already_winner_assist,1,0,3.7195083682902315,0.9075477987810863,-180.73396818800006,332.445638012,,,10.0,60,0,0.0,0.0,0.0,truncated_http_400_at_offset_3500,3692.8541524267534,22287.411177573267,3692.8541524267534,,1
5m,300,btc-up-or-down-5m,btc-updown-5m,btc-updown-5m-1772303100,0xd273564a7a99fac42581dade7fd1acc592cf9a71c30ddcb5cda4ab75171e99aa,Down,flip,0,1,0.261817919942505,5.427183884775254,6499.123150741,7491.032680381,0.0,,10.0,60,1,3.5271936428871333,12.998246301482,16.525439944369133,truncated_http_400_at_offset_3500,9982.60884247661,1442.0532075233762,9966.08340253224,604.0752243862698,1
5m,300,btc-up-or-down-5m,btc-updown-5m,btc-updown-5m-1772316900,0xf1a05cc6ffa926a25026df7eafff7ebf56f00702ed65860bf3bca335f936917a,Up,already_winner_assist,1,0,6.169215058954532,1.8067643214706317,-13149.163612476,13771.677633296,,,10.0,60,0,0.0,0.0,0.0,truncated_http_400_at_offset_3500,1416.24306085041,17492.013203149585,1416.24306085041,,1
5m,300,btc-up-or-down-5m,btc-updown-5m,btc-updown-5m-1772321400,0xbfbe4d60fe720b62c320a69f5fc4a24681b4dceccce8006392400bcee4ec3d80,Down,already_winner_assist,1,0,0.1076330734297824,-0.0,-665.327135178,665.327135178,-2.0778102645346834,,10.0,60,0,0.0,0.0,0.0,truncated_http_400_at_offset_3500,10699.877483415868,4182.016880584127,10699.877483415868,,1
5m,300,btc-up-or-down-5m,btc-updown-5m,btc-updown-5m-1772322900,0x2cfcf183db485d737c13d0f61a55f67a78abadbc08684a4d86541694833ca06a,Down,flip,0,1,0.19552724478275238,0.7165302027997327,259.635574016,259.635574016,-0.20899764729227413,5.462246462224683,10.0,60,1,0.018603673050370948,0.519271148032,0.537874821082371,truncated_http_400_at_offset_3500,5710.1806830159485,6009.220394984046,5709.642808194866,10616.188858822754,1
