underlying_source,underlying_symbol,window_seconds,flat_margin_bps_lte,match_filter,control_method,momentum_lookback_seconds,max_prior_momentum_bps_lte,markets,final_flat_markets,final_pass_filter_markets,eligible_final_flat_markets,eligible_markets_with_controls,mean_candidate_control_bins,mean_matched_control_bins,mean_skipped_control_no_price,mean_skipped_control_not_flat,mean_skipped_control_momentum,mean_final_volume_rank_pct,median_final_volume_rank_pct,mean_final_volume_midrank_pct,median_final_volume_midrank_pct,final_volume_top_decile_rate,mean_final_aligned_rank_pct,median_final_aligned_rank_pct,mean_final_aligned_midrank_pct,median_final_aligned_midrank_pct,final_aligned_top_decile_rate
binanceus,BTCUSDT,5,5.0,margin_only,anchor_points,30,,202,8,8,4,4,4.0,2.0,2.985148514851485,0.9207920792079208,0.0,0.9375,1.0,0.5520833333333334,0.5,0.75,0.7708333333333334,0.875,0.3854166666666667,0.4375,0.5
binanceus,BTCUSDT,5,5.0,margin_only,mid_window,30,,202,8,8,2,2,3.0,1.5,2.2524752475247523,0.6683168316831684,0.0,0.75,0.75,0.5416666666666667,0.5416666666666667,0.5,0.41666666666666663,0.41666666666666663,0.20833333333333331,0.20833333333333331,0.0
binanceus,BTCUSDT,5,5.0,margin_only,nonoverlap,30,,202,8,8,8,8,179.0,38.625,134.9108910891089,37.18811881188119,0.0,0.9407941465126404,0.9615384615384616,0.5274025677618147,0.5,0.875,0.8515145309779019,0.9761904761904762,0.4381229522270762,0.5,0.75
binanceus,BTCUSDT,5,5.0,margin_plus_prior_30s_momentum,anchor_points,30,10.0,202,8,6,4,4,4.0,1.75,2.985148514851485,0.9207920792079208,0.019801980198019802,0.9166666666666666,1.0,0.5416666666666666,0.5,0.75,0.75,0.8333333333333333,0.375,0.41666666666666663,0.5
binanceus,BTCUSDT,5,5.0,margin_plus_prior_30s_momentum,mid_window,30,10.0,202,8,6,2,2,3.0,1.0,2.2524752475247523,0.6683168316831684,0.01485148514851485,0.75,0.75,0.5,0.5,0.5,0.5,0.5,0.25,0.25,0.0
binanceus,BTCUSDT,5,5.0,margin_plus_prior_30s_momentum,nonoverlap,30,10.0,202,8,6,6,6,179.0,43.5,134.9108910891089,37.18811881188119,1.202970297029703,0.9252808302808303,0.9123809523809524,0.5381959706959707,0.47619047619047616,0.8333333333333334,0.8029609279609279,0.9428571428571428,0.41587606837606833,0.4916666666666667,0.6666666666666666
binanceus,BTCUSDT,5,10.0,margin_only,anchor_points,30,,202,14,14,11,11,4.0,1.9090909090909092,2.985148514851485,0.8168316831683168,0.0,0.9772727272727273,1.0,0.5704545454545454,0.5,0.9090909090909091,0.9045454545454544,1.0,0.4977272727272727,0.5,0.8181818181818182
binanceus,BTCUSDT,5,10.0,margin_only,mid_window,30,,202,14,14,8,8,3.0,1.75,2.2524752475247523,0.5891089108910891,0.0,0.9583333333333334,1.0,0.5989583333333334,0.5,0.875,0.8645833333333334,1.0,0.5052083333333334,0.5,0.75
binanceus,BTCUSDT,5,10.0,margin_only,nonoverlap,30,,202,14,14,14,14,179.0,66.64285714285714,134.9108910891089,31.004950495049506,0.0,0.9289179305177102,0.9310098821539925,0.5631170849981099,0.4735054347826087,0.7857142857142857,0.8960762987933721,0.9644607843137255,0.5302754532737717,0.5,0.8571428571428571
binanceus,BTCUSDT,5,10.0,margin_plus_prior_30s_momentum,anchor_points,30,10.0,202,14,11,10,10,4.0,1.9,2.985148514851485,0.8168316831683168,0.024752475247524754,0.9666666666666666,1.0,0.5733333333333334,0.5,0.9,0.8866666666666667,1.0,0.49333333333333335,0.5,0.8
binanceus,BTCUSDT,5,10.0,margin_plus_prior_30s_momentum,mid_window,30,10.0,202,14,11,8,8,3.0,1.625,2.2524752475247523,0.5891089108910891,0.019801980198019802,0.9583333333333334,1.0,0.59375,0.5,0.875,0.875,1.0,0.5104166666666666,0.5,0.75
binanceus,BTCUSDT,5,10.0,margin_plus_prior_30s_momentum,nonoverlap,30,10.0,202,14,11,11,11,179.0,72.45454545454545,134.9108910891089,31.004950495049506,2.202970297029703,0.9218440755683356,0.9090909090909091,0.587892376014004,0.46774193548387094,0.7272727272727273,0.8685022606840629,0.9523809523809523,0.5345505611297313,0.5,0.7272727272727273
binanceus,BTCUSDT,5,20.0,margin_only,anchor_points,30,,202,21,21,16,16,4.0,2.75,2.985148514851485,0.6336633663366337,0.0,0.9510416666666667,1.0,0.559375,0.5,0.8125,0.8666666666666667,1.0,0.475,0.5,0.75
binanceus,BTCUSDT,5,20.0,margin_only,mid_window,30,,202,21,21,12,12,3.0,2.5833333333333335,2.2524752475247523,0.3811881188118812,0.0,0.9166666666666666,1.0,0.5694444444444444,0.5,0.75,0.8125,1.0,0.46527777777777773,0.5,0.6666666666666666
binanceus,BTCUSDT,5,20.0,margin_only,nonoverlap,30,,202,21,21,20,20,179.0,103.0,134.9108910891089,20.153465346534652,0.0,0.9315867711549656,0.9326388888888889,0.5591723318835844,0.47427894963409384,0.75,0.8682562801718813,0.9642159257449927,0.49584184090050015,0.5,0.8
binanceus,BTCUSDT,5,20.0,margin_plus_prior_30s_momentum,anchor_points,30,10.0,202,21,16,14,14,4.0,2.7142857142857144,2.985148514851485,0.6336633663366337,0.054455445544554455,0.9345238095238095,1.0,0.5613095238095238,0.5,0.7857142857142857,0.8476190476190476,1.0,0.4744047619047619,0.5,0.7142857142857143
binanceus,BTCUSDT,5,20.0,margin_plus_prior_30s_momentum,mid_window,30,10.0,202,21,16,11,11,3.0,2.6363636363636362,2.2524752475247523,0.3811881188118812,0.04455445544554455,0.9090909090909091,1.0,0.571969696969697,0.5,0.7272727272727273,0.8030303030303031,1.0,0.4659090909090909,0.5,0.6363636363636364
binanceus,BTCUSDT,5,20.0,margin_plus_prior_30s_momentum,nonoverlap,30,10.0,202,21,16,16,16,179.0,109.4375,134.9108910891089,20.153465346534652,4.544554455445544,0.9256873505287179,0.9293145654834761,0.5808047679023278,0.4785057471264368,0.6875,0.8385636792840044,0.9631436877076411,0.4936810966576144,0.5,0.8125
binanceus,BTCUSDT,10,5.0,margin_only,anchor_points,30,,202,8,8,4,4,4.0,2.0,2.985148514851485,0.9207920792079208,0.0,1.0,1.0,0.6770833333333334,0.6666666666666667,1.0,0.6458333333333334,0.6666666666666666,0.3229166666666667,0.3333333333333333,0.5
binanceus,BTCUSDT,10,5.0,margin_only,mid_window,30,,202,8,8,2,2,3.0,1.5,2.2524752475247523,0.6683168316831684,0.0,1.0,1.0,0.7916666666666667,0.7916666666666667,1.0,0.41666666666666663,0.41666666666666663,0.20833333333333331,0.20833333333333331,0.0
binanceus,BTCUSDT,10,5.0,margin_only,nonoverlap,30,,202,8,8,8,8,89.0,19.125,67.06930693069307,18.56930693069307,0.0,0.9140694706588881,0.9338709677419355,0.5673641793925875,0.5,0.625,0.7427719629375429,0.9375,0.39606667167124227,0.4921875,0.5
binanceus,BTCUSDT,10,5.0,margin_plus_prior_30s_momentum,anchor_points,30,10.0,202,8,6,4,4,4.0,1.75,2.985148514851485,0.9207920792079208,0.019801980198019802,1.0,1.0,0.6666666666666667,0.6666666666666667,1.0,0.6666666666666666,0.6666666666666666,0.3333333333333333,0.3333333333333333,0.5
binanceus,BTCUSDT,10,5.0,margin_plus_prior_30s_momentum,mid_window,30,10.0,202,8,6,2,2,3.0,1.0,2.2524752475247523,0.6683168316831684,0.01485148514851485,1.0,1.0,0.75,0.75,1.0,0.5,0.5,0.25,0.25,0.0
binanceus,BTCUSDT,10,5.0,margin_plus_prior_30s_momentum,nonoverlap,30,10.0,202,8,6,6,6,89.0,21.833333333333332,67.06930693069307,18.56930693069307,0.5396039603960396,0.8872093967860097,0.8516483516483516,0.5921089718972784,0.4642857142857143,0.3333333333333333,0.6574820788530465,0.8891129032258065,0.36238165396431526,0.48412298387096775,0.5
binanceus,BTCUSDT,10,10.0,margin_only,anchor_points,30,,202,14,14,11,11,4.0,1.9090909090909092,2.985148514851485,0.8168316831683168,0.0,0.9818181818181819,1.0,0.6295454545454545,0.5,0.9090909090909091,0.8136363636363636,1.0,0.46136363636363636,0.5,0.7272727272727273
binanceus,BTCUSDT,10,10.0,margin_only,mid_window,30,,202,14,14,8,8,3.0,1.75,2.2524752475247523,0.5891089108910891,0.0,1.0,1.0,0.6927083333333334,0.75,1.0,0.7604166666666666,1.0,0.453125,0.5,0.625
binanceus,BTCUSDT,10,10.0,margin_only,nonoverlap,30,,202,14,14,14,14,89.0,33.142857142857146,67.06930693069307,15.48019801980198,0.0,0.8941560010303895,0.8844444444444444,0.6024201083804694,0.5,0.42857142857142855,0.7522279100275676,0.9061538461538462,0.4604920173776475,0.49,0.5
binanceus,BTCUSDT,10,10.0,margin_plus_prior_30s_momentum,anchor_points,30,10.0,202,14,11,10,10,4.0,1.9,2.985148514851485,0.8168316831683168,0.024752475247524754,0.9800000000000001,1.0,0.6383333333333334,0.625,0.9,0.8033333333333333,1.0,0.4616666666666666,0.5,0.7
binanceus,BTCUSDT,10,10.0,margin_plus_prior_30s_momentum,mid_window,30,10.0,202,14,11,8,8,3.0,1.625,2.2524752475247523,0.5891089108910891,0.019801980198019802,1.0,1.0,0.6875,0.75,1.0,0.7708333333333334,1.0,0.4583333333333333,0.5,0.625
binanceus,BTCUSDT,10,10.0,margin_plus_prior_30s_momentum,nonoverlap,30,10.0,202,14,11,11,11,89.0,36.27272727272727,67.06930693069307,15.48019801980198,1.0544554455445545,0.8819091781658627,0.873015873015873,0.6414247220396952,0.5,0.2727272727272727,0.6947459848529367,0.8923076923076924,0.4542615287267694,0.47692307692307695,0.45454545454545453
binanceus,BTCUSDT,10,20.0,margin_only,anchor_points,30,,202,21,21,16,16,4.0,2.75,2.985148514851485,0.6336633663366337,0.0,0.9385416666666667,1.0,0.5989583333333334,0.5,0.75,0.7875,1.0,0.4479166666666667,0.5,0.6875
binanceus,BTCUSDT,10,20.0,margin_only,mid_window,30,,202,21,21,12,12,3.0,2.5833333333333335,2.2524752475247523,0.3811881188118812,0.0,0.9375,1.0,0.6319444444444444,0.5625,0.75,0.75,1.0,0.4444444444444444,0.5,0.5833333333333334
binanceus,BTCUSDT,10,20.0,margin_only,nonoverlap,30,,202,21,21,20,20,89.0,51.15,67.06930693069307,10.044554455445544,0.0,0.8849126278749437,0.8958333333333333,0.5773672862950441,0.48055555555555557,0.5,0.7503518555165489,0.9020715630885122,0.44280651393664916,0.5,0.5
binanceus,BTCUSDT,10,20.0,margin_plus_prior_30s_momentum,anchor_points,30,10.0,202,21,16,14,14,4.0,2.7142857142857144,2.985148514851485,0.6336633663366337,0.054455445544554455,0.9238095238095239,1.0,0.6065476190476191,0.5,0.7142857142857143,0.7642857142857142,1.0,0.4470238095238095,0.5,0.6428571428571429
binanceus,BTCUSDT,10,20.0,margin_plus_prior_30s_momentum,mid_window,30,10.0,202,21,16,11,11,3.0,2.6363636363636362,2.2524752475247523,0.3811881188118812,0.04455445544554455,0.9318181818181818,1.0,0.6401515151515151,0.625,0.7272727272727273,0.7348484848484849,1.0,0.4431818181818182,0.5,0.5454545454545454
binanceus,BTCUSDT,10,20.0,margin_plus_prior_30s_momentum,nonoverlap,30,10.0,202,21,16,16,16,89.0,54.5625,67.06930693069307,10.044554455445544,2.242574257425743,0.872015602744043,0.8720760233918128,0.6062707746374995,0.47988505747126436,0.4375,0.6970425944682015,0.898989898989899,0.4312977663616579,0.5,0.5
binanceus,BTCUSDT,15,5.0,margin_only,anchor_points,30,,202,8,8,4,4,4.0,2.0,2.985148514851485,0.9207920792079208,0.0,0.9166666666666666,1.0,0.59375,0.5,0.75,0.7291666666666666,0.8333333333333333,0.40625,0.5,0.5
binanceus,BTCUSDT,15,5.0,margin_only,mid_window,30,,202,8,8,2,2,3.0,1.5,2.2524752475247523,0.6683168316831684,0.0,1.0,1.0,0.7916666666666667,0.7916666666666667,1.0,0.41666666666666663,0.41666666666666663,0.20833333333333331,0.20833333333333331,0.0
binanceus,BTCUSDT,15,5.0,margin_only,nonoverlap,30,,202,8,8,8,8,59.0,12.0,44.51980198019802,12.301980198019802,0.0,0.9035714285714286,1.0,0.5571428571428572,0.5,0.625,0.7443452380952381,0.9285714285714286,0.39791666666666664,0.5,0.5
binanceus,BTCUSDT,15,5.0,margin_plus_prior_30s_momentum,anchor_points,30,10.0,202,8,6,4,4,4.0,1.75,2.985148514851485,0.9207920792079208,0.019801980198019802,0.9166666666666666,1.0,0.5833333333333334,0.5,0.75,0.75,0.8333333333333333,0.4166666666666667,0.5,0.5
binanceus,BTCUSDT,15,5.0,margin_plus_prior_30s_momentum,mid_window,30,10.0,202,8,6,2,2,3.0,1.0,2.2524752475247523,0.6683168316831684,0.01485148514851485,1.0,1.0,0.75,0.75,1.0,0.5,0.5,0.25,0.25,0.0
binanceus,BTCUSDT,15,5.0,margin_plus_prior_30s_momentum,nonoverlap,30,10.0,202,8,6,5,5,59.0,16.2,44.51980198019802,12.301980198019802,0.38613861386138615,0.86,0.8,0.6001176470588235,0.5,0.4,0.601764705882353,0.85,0.34188235294117647,0.5,0.4
binanceus,BTCUSDT,15,10.0,margin_only,anchor_points,30,,202,14,14,11,11,4.0,1.9090909090909092,2.985148514851485,0.8168316831683168,0.0,0.9181818181818181,1.0,0.5886363636363636,0.5,0.7272727272727273,0.8318181818181819,1.0,0.5022727272727273,0.5,0.7272727272727273
binanceus,BTCUSDT,15,10.0,margin_only,mid_window,30,,202,14,14,8,8,3.0,1.75,2.2524752475247523,0.5891089108910891,0.0,1.0,1.0,0.6927083333333334,0.75,1.0,0.7604166666666666,1.0,0.453125,0.5,0.625
binanceus,BTCUSDT,15,10.0,margin_only,nonoverlap,30,,202,14,14,14,14,59.0,21.857142857142858,44.51980198019802,10.188118811881187,0.0,0.849319629257337,0.84375,0.5695138471507682,0.5,0.42857142857142855,0.7335466530192444,0.9102316602316602,0.4537408709126757,0.5,0.5
binanceus,BTCUSDT,15,10.0,margin_plus_prior_30s_momentum,anchor_points,30,10.0,202,14,11,10,10,4.0,1.9,2.985148514851485,0.8168316831683168,0.024752475247524754,0.96,1.0,0.6183333333333334,0.6,0.8,0.8233333333333333,1.0,0.48166666666666663,0.5,0.7
binanceus,BTCUSDT,15,10.0,margin_plus_prior_30s_momentum,mid_window,30,10.0,202,14,11,8,8,3.0,1.625,2.2524752475247523,0.5891089108910891,0.019801980198019802,1.0,1.0,0.6875,0.75,1.0,0.7708333333333334,1.0,0.4583333333333333,0.5,0.625
binanceus,BTCUSDT,15,10.0,margin_plus_prior_30s_momentum,nonoverlap,30,10.0,202,14,11,11,11,59.0,23.727272727272727,44.51980198019802,10.188118811881187,0.7227722772277227,0.8405004773668725,0.8333333333333334,0.6045882714171908,0.5,0.45454545454545453,0.6698712750148835,0.8372093023255814,0.433959069065202,0.5,0.45454545454545453
binanceus,BTCUSDT,15,20.0,margin_only,anchor_points,30,,202,21,21,16,16,4.0,2.75,2.985148514851485,0.6336633663366337,0.0,0.8802083333333334,1.0,0.5739583333333333,0.5,0.5625,0.7958333333333334,1.0,0.4895833333333333,0.5,0.625
binanceus,BTCUSDT,15,20.0,margin_only,mid_window,30,,202,21,21,12,12,3.0,2.5833333333333335,2.2524752475247523,0.3811881188118812,0.0,0.9166666666666666,1.0,0.6319444444444444,0.625,0.75,0.75,1.0,0.46527777777777773,0.5,0.5833333333333334
binanceus,BTCUSDT,15,20.0,margin_only,nonoverlap,30,,202,21,21,19,19,59.0,35.63157894736842,44.51980198019802,6.603960396039604,0.0,0.8291042739907336,0.8333333333333334,0.5507504915491293,0.44166666666666665,0.3684210526315789,0.7213252185376814,0.851063829787234,0.44297143609607714,0.5,0.42105263157894735
binanceus,BTCUSDT,15,20.0,margin_plus_prior_30s_momentum,anchor_points,30,10.0,202,21,16,14,14,4.0,2.7142857142857144,2.985148514851485,0.6336633663366337,0.054455445544554455,0.9047619047619048,1.0,0.6017857142857144,0.5,0.5714285714285714,0.7738095238095238,1.0,0.4708333333333333,0.5,0.5714285714285714
binanceus,BTCUSDT,15,20.0,margin_plus_prior_30s_momentum,mid_window,30,10.0,202,21,16,11,11,3.0,2.6363636363636362,2.2524752475247523,0.3811881188118812,0.04455445544554455,0.9090909090909091,1.0,0.6401515151515151,0.75,0.7272727272727273,0.7348484848484849,1.0,0.4659090909090909,0.5,0.5454545454545454
binanceus,BTCUSDT,15,20.0,margin_plus_prior_30s_momentum,nonoverlap,30,10.0,202,21,16,16,16,59.0,36.0625,44.51980198019802,6.603960396039604,1.495049504950495,0.8328376048785872,0.8506779661016949,0.5787598326844592,0.5,0.375,0.6832086640917011,0.8579393398751115,0.42913089189757303,0.4950980392156863,0.4375
binanceus,BTCUSDT,30,5.0,margin_only,anchor_points,30,,202,8,8,4,4,4.0,2.0,2.985148514851485,0.9207920792079208,0.0,1.0,1.0,0.6770833333333334,0.6666666666666667,1.0,0.6458333333333334,0.6666666666666666,0.3229166666666667,0.3333333333333333,0.5
binanceus,BTCUSDT,30,5.0,margin_only,mid_window,30,,202,8,8,2,2,3.0,1.5,2.2524752475247523,0.6683168316831684,0.0,1.0,1.0,0.7916666666666667,0.7916666666666667,1.0,0.41666666666666663,0.41666666666666663,0.20833333333333331,0.20833333333333331,0.0
binanceus,BTCUSDT,30,5.0,margin_only,nonoverlap,30,,202,8,8,5,5,29.0,8.8,21.945544554455445,6.044554455445544,0.0,0.8266666666666665,0.9333333333333333,0.5909090909090909,0.5,0.6,0.5315151515151515,0.7,0.2957575757575758,0.4,0.2
binanceus,BTCUSDT,30,5.0,margin_plus_prior_30s_momentum,anchor_points,30,10.0,202,8,6,4,4,4.0,1.75,2.985148514851485,0.9207920792079208,0.019801980198019802,1.0,1.0,0.6666666666666667,0.6666666666666667,1.0,0.6666666666666666,0.6666666666666666,0.3333333333333333,0.3333333333333333,0.5
binanceus,BTCUSDT,30,5.0,margin_plus_prior_30s_momentum,mid_window,30,10.0,202,8,6,2,2,3.0,1.0,2.2524752475247523,0.6683168316831684,0.01485148514851485,1.0,1.0,0.75,0.75,1.0,0.5,0.5,0.25,0.25,0.0
binanceus,BTCUSDT,30,5.0,margin_plus_prior_30s_momentum,nonoverlap,30,10.0,202,8,6,5,5,29.0,7.0,21.945544554455445,6.044554455445544,0.18316831683168316,0.8351515151515152,0.9090909090909091,0.5868939393939394,0.5,0.6,0.5587373737373738,0.7777777777777778,0.31047979797979797,0.4444444444444444,0.2
binanceus,BTCUSDT,30,10.0,margin_only,anchor_points,30,,202,14,14,11,11,4.0,1.9090909090909092,2.985148514851485,0.8168316831683168,0.0,0.8272727272727273,1.0,0.5750000000000001,0.75,0.6363636363636364,0.859090909090909,1.0,0.6068181818181818,0.75,0.8181818181818182
binanceus,BTCUSDT,30,10.0,margin_only,mid_window,30,,202,14,14,8,8,3.0,1.75,2.2524752475247523,0.5891089108910891,0.0,0.875,1.0,0.609375,0.625,0.75,0.78125,1.0,0.515625,0.5,0.625
binanceus,BTCUSDT,30,10.0,margin_only,nonoverlap,30,,202,14,14,12,12,29.0,11.916666666666666,21.945544554455445,5.0495049504950495,0.0,0.8081847198695025,0.8940217391304348,0.6275558032831051,0.65625,0.5,0.7660931258757345,0.9545454545454546,0.5854642092893372,0.6079545454545454,0.5833333333333334
binanceus,BTCUSDT,30,10.0,margin_plus_prior_30s_momentum,anchor_points,30,10.0,202,14,11,10,10,4.0,1.9,2.985148514851485,0.8168316831683168,0.024752475247524754,0.86,1.0,0.6033333333333333,0.75,0.7,0.8533333333333333,1.0,0.5966666666666667,0.75,0.8
binanceus,BTCUSDT,30,10.0,margin_plus_prior_30s_momentum,mid_window,30,10.0,202,14,11,8,8,3.0,1.625,2.2524752475247523,0.5891089108910891,0.019801980198019802,0.875,1.0,0.6041666666666666,0.625,0.75,0.7916666666666666,1.0,0.5208333333333334,0.5,0.625
binanceus,BTCUSDT,30,10.0,margin_plus_prior_30s_momentum,nonoverlap,30,10.0,202,14,11,10,10,29.0,12.3,21.945544554455445,5.0495049504950495,0.31683168316831684,0.7820316164743409,0.8003095975232198,0.617679894924477,0.6041666666666667,0.4,0.7300403414954498,0.8663101604278074,0.565688619945586,0.6287878787878788,0.5
binanceus,BTCUSDT,30,20.0,margin_only,anchor_points,30,,202,21,21,16,16,4.0,2.75,2.985148514851485,0.6336633663366337,0.0,0.7927083333333333,0.9,0.5520833333333334,0.45,0.5,0.78125,1.0,0.540625,0.6625,0.625
binanceus,BTCUSDT,30,20.0,margin_only,mid_window,30,,202,21,21,12,12,3.0,2.5833333333333335,2.2524752475247523,0.3811881188118812,0.0,0.7916666666666666,0.875,0.579861111111111,0.6875,0.5,0.75,1.0,0.5381944444444444,0.625,0.5833333333333334
binanceus,BTCUSDT,30,20.0,margin_only,nonoverlap,30,,202,21,21,17,17,29.0,19.352941176470587,21.945544554455445,3.2524752475247523,0.0,0.7499091494447532,0.75,0.5628721801712557,0.38333333333333336,0.4117647058823529,0.7164537898550922,0.8333333333333334,0.5294168205815949,0.5166666666666667,0.4117647058823529
binanceus,BTCUSDT,30,20.0,margin_plus_prior_30s_momentum,anchor_points,30,10.0,202,21,16,14,14,4.0,2.7142857142857144,2.985148514851485,0.6336633663366337,0.054455445544554455,0.8404761904761904,1.0,0.5946428571428571,0.625,0.5714285714285714,0.7928571428571428,1.0,0.5470238095238095,0.6833333333333333,0.6428571428571429
binanceus,BTCUSDT,30,20.0,margin_plus_prior_30s_momentum,mid_window,30,10.0,202,21,16,11,11,3.0,2.6363636363636362,2.2524752475247523,0.3811881188118812,0.04455445544554455,0.7727272727272727,0.75,0.5606060606060607,0.625,0.45454545454545453,0.7348484848484849,1.0,0.5227272727272727,0.625,0.5454545454545454
binanceus,BTCUSDT,30,20.0,margin_plus_prior_30s_momentum,nonoverlap,30,10.0,202,21,16,15,15,29.0,18.666666666666668,21.945544554455445,3.2524752475247523,0.7227722772277227,0.7627084754326134,0.7931034482758621,0.5706543518533773,0.39655172413793105,0.4,0.7094661478784416,0.8571428571428571,0.5174120242992057,0.5,0.3333333333333333
binanceus,BTCUSDT,60,5.0,margin_only,anchor_points,30,,202,8,8,4,4,4.0,2.0,2.985148514851485,0.9207920792079208,0.0,1.0,1.0,0.7395833333333334,0.7916666666666667,1.0,0.6458333333333334,0.6666666666666666,0.3854166666666667,0.3333333333333333,0.5
binanceus,BTCUSDT,60,5.0,margin_only,mid_window,30,,202,8,8,2,2,3.0,1.5,2.2524752475247523,0.6683168316831684,0.0,1.0,1.0,0.7916666666666667,0.7916666666666667,1.0,0.41666666666666663,0.41666666666666663,0.20833333333333331,0.20833333333333331,0.0
binanceus,BTCUSDT,60,5.0,margin_only,nonoverlap,30,,202,8,8,4,4,14.0,5.0,10.599009900990099,2.9653465346534653,0.0,0.8097222222222222,0.8194444444444444,0.66875,0.7291666666666667,0.25,0.40694444444444444,0.3833333333333333,0.2659722222222222,0.19166666666666665,0.0
binanceus,BTCUSDT,60,5.0,margin_plus_prior_30s_momentum,anchor_points,30,10.0,202,8,6,4,4,4.0,1.75,2.985148514851485,0.9207920792079208,0.019801980198019802,1.0,1.0,0.7291666666666667,0.7916666666666667,1.0,0.6666666666666666,0.6666666666666666,0.3958333333333333,0.3333333333333333,0.5
binanceus,BTCUSDT,60,5.0,margin_plus_prior_30s_momentum,mid_window,30,10.0,202,8,6,2,2,3.0,1.0,2.2524752475247523,0.6683168316831684,0.01485148514851485,1.0,1.0,0.75,0.75,1.0,0.5,0.5,0.25,0.25,0.0
binanceus,BTCUSDT,60,5.0,margin_plus_prior_30s_momentum,nonoverlap,30,10.0,202,8,6,4,4,14.0,4.0,10.599009900990099,2.9653465346534653,0.06930693069306931,0.8017857142857143,0.8035714285714286,0.6464285714285715,0.7053571428571428,0.25,0.4357142857142857,0.425,0.28035714285714286,0.2125,0.0
binanceus,BTCUSDT,60,10.0,margin_only,anchor_points,30,,202,14,14,11,11,4.0,1.9090909090909092,2.985148514851485,0.8168316831683168,0.0,0.8727272727272727,1.0,0.6386363636363637,0.75,0.7272727272727273,0.8136363636363636,1.0,0.5795454545454546,0.75,0.7272727272727273
binanceus,BTCUSDT,60,10.0,margin_only,mid_window,30,,202,14,14,8,8,3.0,1.75,2.2524752475247523,0.5891089108910891,0.0,0.875,1.0,0.6510416666666666,0.75,0.75,0.65625,0.6666666666666666,0.4322916666666667,0.5,0.375
binanceus,BTCUSDT,60,10.0,margin_only,nonoverlap,30,,202,14,14,11,11,14.0,6.0,10.599009900990099,2.48019801980198,0.0,0.7807162534435261,0.8333333333333334,0.6499426078971534,0.75,0.45454545454545453,0.681198347107438,0.8181818181818182,0.5504247015610653,0.75,0.45454545454545453
binanceus,BTCUSDT,60,10.0,margin_plus_prior_30s_momentum,anchor_points,30,10.0,202,14,11,10,10,4.0,1.9,2.985148514851485,0.8168316831683168,0.024752475247524754,0.9099999999999999,1.0,0.6733333333333333,0.75,0.8,0.8033333333333333,1.0,0.5666666666666667,0.75,0.7
binanceus,BTCUSDT,60,10.0,margin_plus_prior_30s_momentum,mid_window,30,10.0,202,14,11,8,8,3.0,1.625,2.2524752475247523,0.5891089108910891,0.019801980198019802,0.875,1.0,0.6458333333333334,0.75,0.75,0.6666666666666666,0.6666666666666666,0.4375,0.5,0.375
binanceus,BTCUSDT,60,10.0,margin_plus_prior_30s_momentum,nonoverlap,30,10.0,202,14,11,10,10,14.0,5.7,10.599009900990099,2.48019801980198,0.12376237623762376,0.7854545454545454,0.9,0.647020202020202,0.75,0.5,0.6684848484848485,0.8090909090909091,0.530050505050505,0.725,0.4
binanceus,BTCUSDT,60,20.0,margin_only,anchor_points,30,,202,21,21,16,16,4.0,2.75,2.985148514851485,0.6336633663366337,0.0,0.7895833333333333,0.9,0.5895833333333333,0.6,0.5,0.7072916666666667,1.0,0.5072916666666667,0.55,0.5625
binanceus,BTCUSDT,60,20.0,margin_only,mid_window,30,,202,21,21,12,12,3.0,2.5833333333333335,2.2524752475247523,0.3811881188118812,0.0,0.8125,1.0,0.6319444444444444,0.75,0.5833333333333334,0.625,0.625,0.4444444444444444,0.4375,0.3333333333333333
binanceus,BTCUSDT,60,20.0,margin_only,nonoverlap,30,,202,21,21,16,16,14.0,9.625,10.599009900990099,1.6287128712871286,0.0,0.6854142385392386,0.675,0.565699664918415,0.5333333333333333,0.3125,0.6658411033411034,0.8333333333333334,0.5461265297202798,0.6079545454545454,0.375
binanceus,BTCUSDT,60,20.0,margin_plus_prior_30s_momentum,anchor_points,30,10.0,202,21,16,14,14,4.0,2.7142857142857144,2.985148514851485,0.6336633663366337,0.054455445544554455,0.8452380952380952,1.0,0.6398809523809524,0.7916666666666667,0.6428571428571429,0.6785714285714286,0.8333333333333333,0.4732142857142857,0.5,0.5
binanceus,BTCUSDT,60,20.0,margin_plus_prior_30s_momentum,mid_window,30,10.0,202,21,16,11,11,3.0,2.6363636363636362,2.2524752475247523,0.3811881188118812,0.04455445544554455,0.7954545454545454,1.0,0.6174242424242424,0.75,0.5454545454545454,0.5984848484848485,0.5,0.42045454545454547,0.375,0.2727272727272727
binanceus,BTCUSDT,60,20.0,margin_plus_prior_30s_momentum,nonoverlap,30,10.0,202,21,16,14,14,14.0,9.428571428571429,10.599009900990099,1.6287128712871286,0.2722772277227723,0.7194139194139194,0.7596153846153846,0.5955259026687598,0.6487179487179486,0.35714285714285715,0.6413657770800628,0.775,0.5174777603349032,0.5791666666666666,0.35714285714285715
binanceus,BTCUSDT,120,5.0,margin_only,anchor_points,30,,202,8,8,3,3,3.0,1.6666666666666667,2.237623762376238,0.6881188118811881,0.0,0.8333333333333334,1.0,0.625,0.75,0.6666666666666666,0.5833333333333334,0.5,0.375,0.25,0.3333333333333333
binanceus,BTCUSDT,120,5.0,margin_only,mid_window,30,,202,8,8,2,2,3.0,1.5,2.2524752475247523,0.6683168316831684,0.0,0.8333333333333333,0.8333333333333333,0.625,0.625,0.5,0.41666666666666663,0.41666666666666663,0.20833333333333331,0.20833333333333331,0.0
binanceus,BTCUSDT,120,5.0,margin_only,nonoverlap,30,,202,8,8,3,3,6.0,2.6666666666666665,4.554455445544554,1.2425742574257426,0.0,0.7555555555555555,0.6666666666666666,0.6111111111111112,0.5,0.3333333333333333,0.39999999999999997,0.3333333333333333,0.25555555555555554,0.16666666666666666,0.0
binanceus,BTCUSDT,120,5.0,margin_plus_prior_30s_momentum,anchor_points,30,10.0,202,8,6,3,3,3.0,1.3333333333333333,2.237623762376238,0.6881188118811881,0.019801980198019802,0.8333333333333334,1.0,0.6111111111111112,0.75,0.6666666666666666,0.611111111111111,0.5,0.3888888888888889,0.25,0.3333333333333333
binanceus,BTCUSDT,120,5.0,margin_plus_prior_30s_momentum,mid_window,30,10.0,202,8,6,2,2,3.0,1.0,2.2524752475247523,0.6683168316831684,0.01485148514851485,1.0,1.0,0.75,0.75,1.0,0.5,0.5,0.25,0.25,0.0
binanceus,BTCUSDT,120,5.0,margin_plus_prior_30s_momentum,nonoverlap,30,10.0,202,8,6,3,3,6.0,2.6666666666666665,4.554455445544554,1.2425742574257426,0.019801980198019802,0.7555555555555555,0.6666666666666666,0.6111111111111112,0.5,0.3333333333333333,0.39999999999999997,0.3333333333333333,0.25555555555555554,0.16666666666666666,0.0
binanceus,BTCUSDT,120,10.0,margin_only,anchor_points,30,,202,14,14,4,4,3.0,2.75,2.237623762376238,0.6237623762376238,0.0,0.6458333333333334,0.6666666666666666,0.5104166666666666,0.5208333333333334,0.5,0.5416666666666666,0.4583333333333333,0.40625,0.3125,0.25
binanceus,BTCUSDT,120,10.0,margin_only,mid_window,30,,202,14,14,8,8,3.0,1.75,2.2524752475247523,0.5891089108910891,0.0,0.7395833333333334,0.875,0.546875,0.6875,0.5,0.59375,0.5833333333333333,0.4010416666666667,0.375,0.25
binanceus,BTCUSDT,120,10.0,margin_only,nonoverlap,30,,202,14,14,8,8,6.0,3.125,4.554455445544554,1.0495049504950495,0.0,0.7208333333333333,0.8333333333333333,0.5791666666666667,0.6666666666666667,0.5,0.5395833333333333,0.45,0.39791666666666664,0.275,0.25
binanceus,BTCUSDT,120,10.0,margin_plus_prior_30s_momentum,anchor_points,30,10.0,202,14,11,4,4,3.0,2.5,2.237623762376238,0.6237623762376238,0.019801980198019802,0.6458333333333334,0.6666666666666666,0.5,0.5,0.5,0.5625,0.5,0.4166666666666667,0.3333333333333333,0.25
binanceus,BTCUSDT,120,10.0,margin_plus_prior_30s_momentum,mid_window,30,10.0,202,14,11,8,8,3.0,1.625,2.2524752475247523,0.5891089108910891,0.019801980198019802,0.7708333333333334,1.0,0.5729166666666666,0.75,0.625,0.6041666666666666,0.5833333333333333,0.40625,0.375,0.25
binanceus,BTCUSDT,120,10.0,margin_plus_prior_30s_momentum,nonoverlap,30,10.0,202,14,11,7,7,6.0,3.4285714285714284,4.554455445544554,1.0495049504950495,0.04455445544554455,0.680952380952381,0.6666666666666666,0.5547619047619048,0.5833333333333334,0.42857142857142855,0.5452380952380953,0.4,0.419047619047619,0.3,0.2857142857142857
binanceus,BTCUSDT,120,20.0,margin_only,anchor_points,30,,202,21,21,13,13,3.0,2.230769230769231,2.237623762376238,0.4801980198019802,0.0,0.6602564102564104,0.5,0.4807692307692308,0.25,0.38461538461538464,0.7051282051282051,0.75,0.5256410256410257,0.625,0.46153846153846156
binanceus,BTCUSDT,120,20.0,margin_only,mid_window,30,,202,21,21,12,12,3.0,2.5833333333333335,2.2524752475247523,0.3811881188118812,0.0,0.7083333333333334,0.75,0.5381944444444444,0.625,0.4166666666666667,0.5625,0.5,0.3923611111111111,0.375,0.16666666666666666
binanceus,BTCUSDT,120,20.0,margin_only,nonoverlap,30,,202,21,21,13,13,6.0,4.846153846153846,4.554455445544554,0.698019801980198,0.0,0.6446886446886447,0.7142857142857143,0.532051282051282,0.6428571428571429,0.3076923076923077,0.5091575091575091,0.5,0.39652014652014655,0.35714285714285715,0.15384615384615385
binanceus,BTCUSDT,120,20.0,margin_plus_prior_30s_momentum,anchor_points,30,10.0,202,21,16,12,12,3.0,2.1666666666666665,2.237623762376238,0.4801980198019802,0.039603960396039604,0.6736111111111112,0.625,0.4930555555555556,0.4375,0.4166666666666667,0.6944444444444445,0.75,0.513888888888889,0.5625,0.4166666666666667
binanceus,BTCUSDT,120,20.0,margin_plus_prior_30s_momentum,mid_window,30,10.0,202,21,16,11,11,3.0,2.6363636363636362,2.2524752475247523,0.3811881188118812,0.04455445544554455,0.7045454545454546,0.75,0.537878787878788,0.625,0.45454545454545453,0.5757575757575757,0.5,0.4090909090909091,0.375,0.18181818181818182
binanceus,BTCUSDT,120,20.0,margin_plus_prior_30s_momentum,nonoverlap,30,10.0,202,21,16,12,12,6.0,4.75,4.554455445544554,0.698019801980198,0.0891089108910891,0.613095238095238,0.6071428571428572,0.5001984126984127,0.5,0.25,0.5436507936507936,0.5357142857142857,0.4307539682539683,0.4285714285714286,0.16666666666666666
binanceus,BTCUSDT,300,5.0,margin_only,anchor_points,30,,202,8,8,1,1,1.0,1.0,0.7376237623762376,0.2376237623762376,0.0,1.0,1.0,0.75,0.75,1.0,0.5,0.5,0.25,0.25,0.0
binanceus,BTCUSDT,300,5.0,margin_only,mid_window,30,,202,8,8,2,2,3.0,1.5,2.2524752475247523,0.6683168316831684,0.0,0.6666666666666666,0.6666666666666666,0.4583333333333333,0.4583333333333333,0.5,0.41666666666666663,0.41666666666666663,0.20833333333333331,0.20833333333333331,0.0
binanceus,BTCUSDT,300,5.0,margin_only,nonoverlap,30,,202,8,8,2,2,2.0,1.0,1.4851485148514851,0.4504950495049505,0.0,0.75,0.75,0.5,0.5,0.5,0.5,0.5,0.25,0.25,0.0
binanceus,BTCUSDT,300,5.0,margin_plus_prior_30s_momentum,anchor_points,30,10.0,202,8,6,1,1,1.0,1.0,0.7376237623762376,0.2376237623762376,0.0049504950495049506,1.0,1.0,0.75,0.75,1.0,0.5,0.5,0.25,0.25,0.0
binanceus,BTCUSDT,300,5.0,margin_plus_prior_30s_momentum,mid_window,30,10.0,202,8,6,2,2,3.0,1.0,2.2524752475247523,0.6683168316831684,0.01485148514851485,0.75,0.75,0.5,0.5,0.5,0.5,0.5,0.25,0.25,0.0
binanceus,BTCUSDT,300,5.0,margin_plus_prior_30s_momentum,nonoverlap,30,10.0,202,8,6,2,2,2.0,1.0,1.4851485148514851,0.4504950495049505,0.009900990099009901,0.75,0.75,0.5,0.5,0.5,0.5,0.5,0.25,0.25,0.0
binanceus,BTCUSDT,300,10.0,margin_only,anchor_points,30,,202,14,14,4,4,1.0,1.0,0.7376237623762376,0.2079207920792079,0.0,0.75,0.75,0.5,0.5,0.5,0.5,0.5,0.25,0.25,0.0
binanceus,BTCUSDT,300,10.0,margin_only,mid_window,30,,202,14,14,8,8,3.0,1.75,2.2524752475247523,0.5891089108910891,0.0,0.78125,1.0,0.5885416666666666,0.75,0.625,0.5520833333333334,0.41666666666666663,0.359375,0.20833333333333331,0.25
binanceus,BTCUSDT,300,10.0,margin_only,nonoverlap,30,,202,14,14,7,7,2.0,1.1428571428571428,1.4851485148514851,0.39603960396039606,0.0,0.7619047619047619,1.0,0.5238095238095238,0.75,0.5714285714285714,0.5476190476190477,0.5,0.3095238095238095,0.25,0.14285714285714285
binanceus,BTCUSDT,300,10.0,margin_plus_prior_30s_momentum,anchor_points,30,10.0,202,14,11,4,4,1.0,1.0,0.7376237623762376,0.2079207920792079,0.0049504950495049506,0.75,0.75,0.5,0.5,0.5,0.5,0.5,0.25,0.25,0.0
binanceus,BTCUSDT,300,10.0,margin_plus_prior_30s_momentum,mid_window,30,10.0,202,14,11,8,8,3.0,1.625,2.2524752475247523,0.5891089108910891,0.019801980198019802,0.7916666666666666,1.0,0.59375,0.75,0.625,0.5625,0.41666666666666663,0.3645833333333333,0.20833333333333331,0.25
binanceus,BTCUSDT,300,10.0,margin_plus_prior_30s_momentum,nonoverlap,30,10.0,202,14,11,7,7,2.0,1.1428571428571428,1.4851485148514851,0.39603960396039606,0.01485148514851485,0.7619047619047619,1.0,0.5238095238095238,0.75,0.5714285714285714,0.5476190476190477,0.5,0.3095238095238095,0.25,0.14285714285714285
binanceus,BTCUSDT,300,20.0,margin_only,anchor_points,30,,202,21,21,9,9,1.0,1.0,0.7376237623762376,0.15841584158415842,0.0,0.7222222222222222,0.5,0.4722222222222222,0.25,0.4444444444444444,0.6111111111111112,0.5,0.3611111111111111,0.25,0.2222222222222222
binanceus,BTCUSDT,300,20.0,margin_only,mid_window,30,,202,21,21,12,12,3.0,2.5833333333333335,2.2524752475247523,0.3811881188118812,0.0,0.75,0.75,0.6006944444444444,0.625,0.4166666666666667,0.5,0.375,0.3506944444444444,0.1875,0.16666666666666666
binanceus,BTCUSDT,300,20.0,margin_only,nonoverlap,30,,202,21,21,11,11,2.0,1.8181818181818181,1.4851485148514851,0.2623762376237624,0.0,0.7272727272727273,0.6666666666666666,0.5454545454545454,0.5,0.36363636363636365,0.46969696969696967,0.3333333333333333,0.28787878787878785,0.16666666666666666,0.09090909090909091
binanceus,BTCUSDT,300,20.0,margin_plus_prior_30s_momentum,anchor_points,30,10.0,202,21,16,9,9,1.0,1.0,0.7376237623762376,0.15841584158415842,0.0049504950495049506,0.7222222222222222,0.5,0.4722222222222222,0.25,0.4444444444444444,0.6111111111111112,0.5,0.3611111111111111,0.25,0.2222222222222222
binanceus,BTCUSDT,300,20.0,margin_plus_prior_30s_momentum,mid_window,30,10.0,202,21,16,11,11,3.0,2.6363636363636362,2.2524752475247523,0.3811881188118812,0.04455445544554455,0.7348484848484849,0.75,0.5909090909090909,0.625,0.36363636363636365,0.5075757575757576,0.3333333333333333,0.36363636363636365,0.16666666666666666,0.18181818181818182
binanceus,BTCUSDT,300,20.0,margin_plus_prior_30s_momentum,nonoverlap,30,10.0,202,21,16,10,10,2.0,1.9,1.4851485148514851,0.2623762376237624,0.0297029702970297,0.7,0.6666666666666666,0.525,0.5,0.3,0.4666666666666666,0.3333333333333333,0.29166666666666663,0.16666666666666666,0.1
kraken,XBTUSD,5,5.0,margin_only,anchor_points,30,,54,8,8,4,4,4.0,2.0,0.7777777777777778,2.888888888888889,0.0,0.8541666666666666,0.875,0.6145833333333334,0.5625,0.5,0.6041666666666666,0.5416666666666666,0.3645833333333333,0.3333333333333333,0.25
kraken,XBTUSD,5,5.0,margin_only,mid_window,30,,54,8,8,2,2,3.0,1.5,0.6296296296296297,2.0925925925925926,0.0,1.0,1.0,0.7916666666666667,0.7916666666666667,1.0,0.6666666666666666,0.6666666666666666,0.4583333333333333,0.4583333333333333,0.5
kraken,XBTUSD,5,5.0,margin_only,nonoverlap,30,,54,8,8,8,8,179.0,38.625,38.74074074074074,119.25925925925925,0.0,0.5688929140645329,0.453125,0.4550194323407694,0.32421875,0.25,0.48359478991523047,0.4567212301587301,0.36972130819146704,0.38541666666666663,0.125
kraken,XBTUSD,5,5.0,margin_plus_prior_30s_momentum,anchor_points,30,10.0,54,8,6,4,4,4.0,1.75,0.7777777777777778,2.888888888888889,0.07407407407407407,0.8333333333333333,0.8333333333333333,0.5833333333333334,0.5,0.5,0.5833333333333333,0.5,0.3333333333333333,0.3333333333333333,0.25
kraken,XBTUSD,5,5.0,margin_plus_prior_30s_momentum,mid_window,30,10.0,54,8,6,2,2,3.0,1.0,0.6296296296296297,2.0925925925925926,0.05555555555555555,1.0,1.0,0.75,0.75,1.0,0.75,0.75,0.5,0.5,0.5
kraken,XBTUSD,5,5.0,margin_plus_prior_30s_momentum,nonoverlap,30,10.0,54,8,6,6,6,179.0,43.5,38.74074074074074,119.25925925925925,3.259259259259259,0.5195075295075294,0.46153846153846156,0.42479649979649975,0.3317307692307692,0.16666666666666666,0.47407000407000405,0.47054334554334554,0.3793589743589743,0.40224358974358976,0.16666666666666666
kraken,XBTUSD,5,10.0,margin_only,anchor_points,30,,54,14,14,11,11,4.0,1.9090909090909092,0.7777777777777778,2.5185185185185186,0.0,0.7000000000000001,0.75,0.4454545454545455,0.5,0.2727272727272727,0.7363636363636363,1.0,0.4818181818181818,0.5,0.5454545454545454
kraken,XBTUSD,5,10.0,margin_only,mid_window,30,,54,14,14,8,8,3.0,1.75,0.6296296296296297,1.8703703703703705,0.0,0.875,1.0,0.6822916666666666,0.75,0.75,0.6979166666666666,0.75,0.5052083333333334,0.5,0.5
kraken,XBTUSD,5,10.0,margin_only,nonoverlap,30,,54,14,14,14,14,179.0,66.64285714285714,38.74074074074074,99.98148148148148,0.0,0.5907945095490825,0.5520833333333333,0.5076323221248537,0.475796568627451,0.14285714285714285,0.5688599328472413,0.5952380952380952,0.4856977454230124,0.43137254901960786,0.21428571428571427
kraken,XBTUSD,5,10.0,margin_plus_prior_30s_momentum,anchor_points,30,10.0,54,14,11,10,10,4.0,1.9,0.7777777777777778,2.5185185185185186,0.09259259259259259,0.7116666666666667,0.7083333333333333,0.4525,0.5,0.3,0.7516666666666667,1.0,0.4925,0.5,0.6
kraken,XBTUSD,5,10.0,margin_plus_prior_30s_momentum,mid_window,30,10.0,54,14,11,8,8,3.0,1.625,0.6296296296296297,1.8703703703703705,0.07407407407407407,0.875,1.0,0.6770833333333334,0.75,0.75,0.7083333333333334,0.75,0.5104166666666666,0.5,0.5
kraken,XBTUSD,5,10.0,margin_plus_prior_30s_momentum,nonoverlap,30,10.0,54,14,11,11,11,179.0,72.45454545454545,38.74074074074074,99.98148148148148,6.092592592592593,0.5804485389273583,0.5,0.5006193297858398,0.37058823529411766,0.09090909090909091,0.5753635794417744,0.6153846153846154,0.495534370300256,0.4166666666666667,0.2727272727272727
kraken,XBTUSD,5,20.0,margin_only,anchor_points,30,,54,21,21,16,16,4.0,2.75,0.7777777777777778,1.962962962962963,0.0,0.628125,0.6,0.4375,0.5,0.25,0.6114583333333333,0.55,0.42083333333333334,0.4375,0.25
kraken,XBTUSD,5,20.0,margin_only,mid_window,30,,54,21,21,12,12,3.0,2.5833333333333335,0.6296296296296297,1.2037037037037037,0.0,0.8263888888888888,0.75,0.6666666666666666,0.625,0.4166666666666667,0.6527777777777778,0.75,0.4930555555555556,0.625,0.3333333333333333
kraken,XBTUSD,5,20.0,margin_only,nonoverlap,30,,54,21,21,20,20,179.0,103.0,38.74074074074074,65.72222222222223,0.0,0.5961758007690063,0.5730334254837899,0.5272083635937028,0.5694144257351093,0.1,0.5940014400575127,0.6129331683168318,0.5250340028822091,0.44270833333333337,0.2
kraken,XBTUSD,5,20.0,margin_plus_prior_30s_momentum,anchor_points,30,10.0,54,21,16,14,14,4.0,2.7142857142857144,0.7777777777777778,1.962962962962963,0.14814814814814814,0.6607142857142857,0.6333333333333333,0.4660714285714286,0.5,0.2857142857142857,0.6511904761904762,0.7083333333333333,0.45654761904761904,0.5,0.2857142857142857
kraken,XBTUSD,5,20.0,margin_plus_prior_30s_momentum,mid_window,30,10.0,54,21,16,11,11,3.0,2.6363636363636362,0.6296296296296297,1.2037037037037037,0.12962962962962962,0.8106060606060606,0.75,0.6553030303030303,0.625,0.36363636363636365,0.6287878787878788,0.75,0.47348484848484845,0.625,0.2727272727272727
kraken,XBTUSD,5,20.0,margin_plus_prior_30s_momentum,nonoverlap,30,10.0,54,21,16,16,16,179.0,109.4375,38.74074074074074,65.72222222222223,12.24074074074074,0.5807285078215252,0.571656050955414,0.520024899726596,0.5186351228389445,0.0,0.5808587573697283,0.6190476190476191,0.5201551492747991,0.4163752913752914,0.1875
kraken,XBTUSD,10,5.0,margin_only,anchor_points,30,,54,8,8,4,4,4.0,2.0,0.7777777777777778,2.888888888888889,0.0,0.7083333333333333,0.6666666666666666,0.53125,0.5,0.25,0.5416666666666666,0.41666666666666663,0.3645833333333333,0.20833333333333331,0.25
kraken,XBTUSD,10,5.0,margin_only,mid_window,30,,54,8,8,2,2,3.0,1.5,0.6296296296296297,2.0925925925925926,0.0,1.0,1.0,0.7916666666666667,0.7916666666666667,1.0,0.6666666666666666,0.6666666666666666,0.4583333333333333,0.4583333333333333,0.5
kraken,XBTUSD,10,5.0,margin_only,nonoverlap,30,,54,8,8,8,8,89.0,19.125,19.27777777777778,59.48148148148148,0.0,0.7196075697780828,0.7333333333333334,0.6383970701784488,0.6569148936170213,0.25,0.48257013555250516,0.37765957446808507,0.4013596359528712,0.24734042553191488,0.25
kraken,XBTUSD,10,5.0,margin_plus_prior_30s_momentum,anchor_points,30,10.0,54,8,6,4,4,4.0,1.75,0.7777777777777778,2.888888888888889,0.07407407407407407,0.7083333333333333,0.6666666666666666,0.5208333333333334,0.5,0.25,0.5416666666666666,0.41666666666666663,0.3541666666666667,0.20833333333333331,0.25
kraken,XBTUSD,10,5.0,margin_plus_prior_30s_momentum,mid_window,30,10.0,54,8,6,2,2,3.0,1.0,0.6296296296296297,2.0925925925925926,0.05555555555555555,1.0,1.0,0.75,0.75,1.0,0.75,0.75,0.5,0.5,0.5
kraken,XBTUSD,10,5.0,margin_plus_prior_30s_momentum,nonoverlap,30,10.0,54,8,6,6,6,89.0,21.833333333333332,19.27777777777778,59.48148148148148,1.4814814814814814,0.6982059159478514,0.6852770885028949,0.6340002683248651,0.6684981684981686,0.16666666666666666,0.4275264386151483,0.3653846153846154,0.3633207909921619,0.23397435897435898,0.16666666666666666
kraken,XBTUSD,10,10.0,margin_only,anchor_points,30,,54,14,14,11,11,4.0,1.9090909090909092,0.7777777777777778,2.5185185185185186,0.0,0.7227272727272728,0.6,0.5227272727272727,0.5,0.36363636363636365,0.7318181818181819,1.0,0.5318181818181817,0.75,0.5454545454545454
kraken,XBTUSD,10,10.0,margin_only,mid_window,30,,54,14,14,8,8,3.0,1.75,0.6296296296296297,1.8703703703703705,0.0,0.8541666666666666,1.0,0.6614583333333334,0.75,0.625,0.6979166666666666,0.6666666666666666,0.5052083333333334,0.5,0.375
kraken,XBTUSD,10,10.0,margin_only,nonoverlap,30,,54,14,14,14,14,89.0,33.142857142857146,19.27777777777778,49.907407407407405,0.0,0.7033474403867305,0.6833333333333333,0.6534830839387037,0.64453125,0.2857142857142857,0.597576752261878,0.5933634992458522,0.5477123958138513,0.5846153846153845,0.2857142857142857
kraken,XBTUSD,10,10.0,margin_plus_prior_30s_momentum,anchor_points,30,10.0,54,14,11,10,10,4.0,1.9,0.7777777777777778,2.5185185185185186,0.09259259259259259,0.6950000000000001,0.6,0.4958333333333333,0.5,0.3,0.705,0.8,0.5058333333333334,0.625,0.5
kraken,XBTUSD,10,10.0,margin_plus_prior_30s_momentum,mid_window,30,10.0,54,14,11,8,8,3.0,1.625,0.6296296296296297,1.8703703703703705,0.07407407407407407,0.8541666666666666,1.0,0.65625,0.75,0.625,0.7083333333333334,0.6666666666666666,0.5104166666666666,0.5,0.375
kraken,XBTUSD,10,10.0,margin_plus_prior_30s_momentum,nonoverlap,30,10.0,54,14,11,11,11,89.0,36.27272727272727,19.27777777777778,49.907407407407405,2.925925925925926,0.6565437533351971,0.6666666666666666,0.6209039475082256,0.5952380952380952,0.18181818181818182,0.5462484336815888,0.5098039215686274,0.5106086278546171,0.5,0.18181818181818182
kraken,XBTUSD,10,20.0,margin_only,anchor_points,30,,54,21,21,16,16,4.0,2.75,0.7777777777777778,1.962962962962963,0.0,0.6416666666666667,0.6,0.48854166666666665,0.5,0.25,0.7,0.7,0.546875,0.6,0.4375
kraken,XBTUSD,10,20.0,margin_only,mid_window,30,,54,21,21,12,12,3.0,2.5833333333333335,0.6296296296296297,1.2037037037037037,0.0,0.7361111111111112,0.75,0.5868055555555556,0.625,0.4166666666666667,0.6736111111111112,0.75,0.5243055555555556,0.625,0.3333333333333333
kraken,XBTUSD,10,20.0,margin_only,nonoverlap,30,,54,21,21,20,20,89.0,51.15,19.27777777777778,32.74074074074074,0.0,0.6684020732017893,0.6666666666666666,0.6194411010600448,0.6183584079223006,0.15,0.6112864828536068,0.6948275862068966,0.5623255107118623,0.689176245210728,0.25
kraken,XBTUSD,10,20.0,margin_plus_prior_30s_momentum,anchor_points,30,10.0,54,21,16,14,14,4.0,2.7142857142857144,0.7777777777777778,1.962962962962963,0.14814814814814814,0.6357142857142858,0.6,0.48392857142857143,0.5,0.21428571428571427,0.7119047619047619,0.7333333333333334,0.5601190476190476,0.6,0.42857142857142855
kraken,XBTUSD,10,20.0,margin_plus_prior_30s_momentum,mid_window,30,10.0,54,21,16,11,11,3.0,2.6363636363636362,0.6296296296296297,1.2037037037037037,0.12962962962962962,0.7575757575757577,0.75,0.6136363636363636,0.625,0.45454545454545453,0.6515151515151515,0.75,0.5075757575757576,0.625,0.2727272727272727
kraken,XBTUSD,10,20.0,margin_plus_prior_30s_momentum,nonoverlap,30,10.0,54,21,16,16,16,89.0,54.5625,19.27777777777778,32.74074074074074,6.055555555555555,0.6361385134820858,0.6379310344827587,0.6071971824456511,0.5917241379310345,0.0625,0.5680746264131742,0.6064102564102564,0.5391332953767395,0.6004273504273504,0.125
kraken,XBTUSD,15,5.0,margin_only,anchor_points,30,,54,8,8,4,4,4.0,2.0,0.7777777777777778,2.888888888888889,0.0,0.75,0.8333333333333333,0.5729166666666666,0.625,0.5,0.625,0.5833333333333333,0.4479166666666667,0.375,0.25
kraken,XBTUSD,15,5.0,margin_only,mid_window,30,,54,8,8,2,2,3.0,1.5,0.6296296296296297,2.0925925925925926,0.0,1.0,1.0,0.7916666666666667,0.7916666666666667,1.0,0.6666666666666666,0.6666666666666666,0.4583333333333333,0.4583333333333333,0.5
kraken,XBTUSD,15,5.0,margin_only,nonoverlap,30,,54,8,8,8,8,59.0,12.0,12.87037037037037,39.53703703703704,0.0,0.7157738095238095,0.7380952380952381,0.6004464285714286,0.6964285714285714,0.25,0.5125,0.5,0.397172619047619,0.25,0.25
kraken,XBTUSD,15,5.0,margin_plus_prior_30s_momentum,anchor_points,30,10.0,54,8,6,4,4,4.0,1.75,0.7777777777777778,2.888888888888889,0.07407407407407407,0.75,0.8333333333333333,0.5625,0.625,0.5,0.625,0.5833333333333333,0.4375,0.375,0.25
kraken,XBTUSD,15,5.0,margin_plus_prior_30s_momentum,mid_window,30,10.0,54,8,6,2,2,3.0,1.0,0.6296296296296297,2.0925925925925926,0.05555555555555555,1.0,1.0,0.75,0.75,1.0,0.75,0.75,0.5,0.5,0.5
kraken,XBTUSD,15,5.0,margin_plus_prior_30s_momentum,nonoverlap,30,10.0,54,8,6,5,5,59.0,16.2,12.87037037037037,39.53703703703704,1.0185185185185186,0.6807058823529412,0.65,0.6358235294117647,0.625,0.2,0.4062352941176471,0.25,0.36135294117647054,0.22,0.2
kraken,XBTUSD,15,10.0,margin_only,anchor_points,30,,54,14,14,11,11,4.0,1.9090909090909092,0.7777777777777778,2.5185185185185186,0.0,0.7045454545454546,0.6,0.5045454545454545,0.5,0.36363636363636365,0.75,1.0,0.5499999999999999,0.75,0.5454545454545454
kraken,XBTUSD,15,10.0,margin_only,mid_window,30,,54,14,14,8,8,3.0,1.75,0.6296296296296297,1.8703703703703705,0.0,0.7916666666666666,0.8333333333333333,0.5989583333333334,0.625,0.5,0.6979166666666666,0.6666666666666666,0.5052083333333334,0.5,0.375
kraken,XBTUSD,15,10.0,margin_only,nonoverlap,30,,54,14,14,14,14,59.0,21.857142857142858,12.87037037037037,32.851851851851855,0.0,0.6114470496786796,0.6011904761904763,0.5456899448682965,0.5863095238095237,0.21428571428571427,0.5966739866908423,0.5554035567715458,0.5309168818804592,0.5422366621067032,0.2857142857142857
kraken,XBTUSD,15,10.0,margin_plus_prior_30s_momentum,anchor_points,30,10.0,54,14,11,10,10,4.0,1.9,0.7777777777777778,2.5185185185185186,0.09259259259259259,0.675,0.55,0.4758333333333334,0.4,0.3,0.725,0.8,0.5258333333333334,0.625,0.5
kraken,XBTUSD,15,10.0,margin_plus_prior_30s_momentum,mid_window,30,10.0,54,14,11,8,8,3.0,1.625,0.6296296296296297,1.8703703703703705,0.07407407407407407,0.7916666666666666,0.8333333333333333,0.59375,0.625,0.5,0.7083333333333334,0.6666666666666666,0.5104166666666666,0.5,0.375
kraken,XBTUSD,15,10.0,margin_plus_prior_30s_momentum,nonoverlap,30,10.0,54,14,11,11,11,59.0,23.727272727272727,12.87037037037037,32.851851851851855,2.0555555555555554,0.5864525070898808,0.5365853658536586,0.5316183820055745,0.524390243902439,0.18181818181818182,0.5811914281142111,0.5813953488372093,0.5263573030299047,0.5147058823529411,0.18181818181818182
kraken,XBTUSD,15,20.0,margin_only,anchor_points,30,,54,21,21,16,16,4.0,2.75,0.7777777777777778,1.962962962962963,0.0,0.6166666666666667,0.6,0.4635416666666667,0.5,0.25,0.696875,0.7,0.54375,0.6,0.4375
kraken,XBTUSD,15,20.0,margin_only,mid_window,30,,54,21,21,12,12,3.0,2.5833333333333335,0.6296296296296297,1.2037037037037037,0.0,0.6944444444444445,0.625,0.545138888888889,0.5,0.3333333333333333,0.6736111111111112,0.75,0.5243055555555556,0.625,0.3333333333333333
kraken,XBTUSD,15,20.0,margin_only,nonoverlap,30,,54,21,21,19,19,59.0,35.63157894736842,12.87037037037037,21.51851851851852,0.0,0.5450719896651021,0.5084745762711864,0.49473843248185634,0.5,0.10526315789473684,0.5931284174900715,0.6,0.5427948603068259,0.5909090909090909,0.15789473684210525
kraken,XBTUSD,15,20.0,margin_plus_prior_30s_momentum,anchor_points,30,10.0,54,21,16,14,14,4.0,2.7142857142857144,0.7777777777777778,1.962962962962963,0.14814814814814814,0.6071428571428571,0.6,0.45535714285714285,0.5,0.21428571428571427,0.7023809523809524,0.7,0.550595238095238,0.6,0.42857142857142855
kraken,XBTUSD,15,20.0,margin_plus_prior_30s_momentum,mid_window,30,10.0,54,21,16,11,11,3.0,2.6363636363636362,0.6296296296296297,1.2037037037037037,0.12962962962962962,0.712121212121212,0.75,0.5681818181818182,0.625,0.36363636363636365,0.6515151515151515,0.75,0.5075757575757576,0.625,0.2727272727272727
kraken,XBTUSD,15,20.0,margin_plus_prior_30s_momentum,nonoverlap,30,10.0,54,21,16,16,16,59.0,36.0625,12.87037037037037,21.51851851851852,4.037037037037037,0.5470393426678378,0.513157894736842,0.5041242232578387,0.4833482010110021,0.125,0.5877863922547095,0.602165725047081,0.5448712728447104,0.5736228813559322,0.0625
kraken,XBTUSD,30,5.0,margin_only,anchor_points,30,,54,8,8,4,4,4.0,2.0,0.7777777777777778,2.888888888888889,0.0,0.7083333333333334,0.75,0.53125,0.5416666666666667,0.5,0.6875,0.75,0.5104166666666667,0.5416666666666667,0.5
kraken,XBTUSD,30,5.0,margin_only,mid_window,30,,54,8,8,2,2,3.0,1.5,0.6296296296296297,2.0925925925925926,0.0,1.0,1.0,0.7916666666666667,0.7916666666666667,1.0,0.75,0.75,0.5416666666666667,0.5416666666666667,0.5
kraken,XBTUSD,30,5.0,margin_only,nonoverlap,30,,54,8,8,5,5,29.0,8.8,6.407407407407407,19.555555555555557,0.0,0.7733333333333333,0.6666666666666666,0.7042424242424243,0.5666666666666667,0.4,0.6448484848484848,0.6666666666666666,0.5757575757575758,0.55,0.2
kraken,XBTUSD,30,5.0,margin_plus_prior_30s_momentum,anchor_points,30,10.0,54,8,6,4,4,4.0,1.75,0.7777777777777778,2.888888888888889,0.07407407407407407,0.7083333333333334,0.75,0.5208333333333334,0.5416666666666667,0.5,0.7083333333333334,0.75,0.5208333333333334,0.5416666666666667,0.5
kraken,XBTUSD,30,5.0,margin_plus_prior_30s_momentum,mid_window,30,10.0,54,8,6,2,2,3.0,1.0,0.6296296296296297,2.0925925925925926,0.05555555555555555,1.0,1.0,0.75,0.75,1.0,0.75,0.75,0.5,0.5,0.5
kraken,XBTUSD,30,5.0,margin_plus_prior_30s_momentum,nonoverlap,30,10.0,54,8,6,5,5,29.0,7.0,6.407407407407407,19.555555555555557,0.48148148148148145,0.8290909090909091,1.0,0.7363888888888889,0.75,0.6,0.6268181818181817,0.6,0.5341161616161616,0.55,0.4
kraken,XBTUSD,30,10.0,margin_only,anchor_points,30,,54,14,14,11,11,4.0,1.9090909090909092,0.7777777777777778,2.5185185185185186,0.0,0.7545454545454546,1.0,0.5545454545454546,0.75,0.5454545454545454,0.759090909090909,0.8,0.5590909090909091,0.7,0.45454545454545453
kraken,XBTUSD,30,10.0,margin_only,mid_window,30,,54,14,14,8,8,3.0,1.75,0.6296296296296297,1.8703703703703705,0.0,0.7083333333333334,0.6666666666666666,0.515625,0.5,0.375,0.8125,1.0,0.6197916666666666,0.75,0.625
kraken,XBTUSD,30,10.0,margin_only,nonoverlap,30,,54,14,14,12,12,29.0,11.916666666666666,6.407407407407407,16.333333333333332,0.0,0.5994606505316223,0.5326086956521738,0.5295219696354606,0.48764822134387353,0.16666666666666666,0.6739130665441407,0.7321428571428572,0.603974385647979,0.6688311688311688,0.16666666666666666
kraken,XBTUSD,30,10.0,margin_plus_prior_30s_momentum,anchor_points,30,10.0,54,14,11,10,10,4.0,1.9,0.7777777777777778,2.5185185185185186,0.09259259259259259,0.73,0.75,0.5308333333333334,0.525,0.5,0.7433333333333334,0.8,0.5441666666666667,0.7,0.4
kraken,XBTUSD,30,10.0,margin_plus_prior_30s_momentum,mid_window,30,10.0,54,14,11,8,8,3.0,1.625,0.6296296296296297,1.8703703703703705,0.07407407407407407,0.7083333333333334,0.6666666666666666,0.5104166666666666,0.5,0.375,0.8125,1.0,0.6145833333333334,0.75,0.625
kraken,XBTUSD,30,10.0,margin_plus_prior_30s_momentum,nonoverlap,30,10.0,54,14,11,10,10,29.0,12.3,6.407407407407407,16.333333333333332,0.9259259259259259,0.6089150014072614,0.5964912280701754,0.5458556149732621,0.5,0.2,0.6521202739468993,0.7159090909090908,0.5890608875128999,0.6837121212121212,0.2
kraken,XBTUSD,30,20.0,margin_only,anchor_points,30,,54,21,21,16,16,4.0,2.75,0.7777777777777778,1.962962962962963,0.0,0.6302083333333334,0.5,0.47708333333333336,0.3,0.3125,0.6572916666666667,0.5833333333333333,0.5041666666666667,0.4375,0.3125
kraken,XBTUSD,30,20.0,margin_only,mid_window,30,,54,21,21,12,12,3.0,2.5833333333333335,0.6296296296296297,1.2037037037037037,0.0,0.638888888888889,0.5833333333333333,0.4895833333333333,0.4375,0.3333333333333333,0.6527777777777778,0.75,0.5034722222222222,0.625,0.3333333333333333
kraken,XBTUSD,30,20.0,margin_only,nonoverlap,30,,54,21,21,17,17,29.0,19.352941176470587,6.407407407407407,10.61111111111111,0.0,0.5020164872851715,0.5,0.4483631278658722,0.375,0.058823529411764705,0.6088787940448024,0.6666666666666666,0.555225434625503,0.5625,0.17647058823529413
kraken,XBTUSD,30,20.0,margin_plus_prior_30s_momentum,anchor_points,30,10.0,54,21,16,14,14,4.0,2.7142857142857144,0.7777777777777778,1.962962962962963,0.14814814814814814,0.6166666666666666,0.5,0.4648809523809524,0.3,0.2857142857142857,0.6607142857142857,0.5833333333333333,0.5089285714285714,0.4375,0.2857142857142857
kraken,XBTUSD,30,20.0,margin_plus_prior_30s_momentum,mid_window,30,10.0,54,21,16,11,11,3.0,2.6363636363636362,0.6296296296296297,1.2037037037037037,0.12962962962962962,0.6515151515151515,0.6666666666666666,0.5075757575757576,0.5,0.36363636363636365,0.6212121212121212,0.75,0.4772727272727273,0.625,0.2727272727272727
kraken,XBTUSD,30,20.0,margin_plus_prior_30s_momentum,nonoverlap,30,10.0,54,21,16,15,15,29.0,18.666666666666668,6.407407407407407,10.61111111111111,1.962962962962963,0.5382155094613865,0.5,0.48238908155812205,0.38333333333333336,0.06666666666666667,0.6138687414534492,0.6071428571428571,0.5580423135501846,0.5892857142857143,0.2
kraken,XBTUSD,60,5.0,margin_only,anchor_points,30,,54,8,8,4,4,4.0,2.0,0.7777777777777778,2.888888888888889,0.0,0.7083333333333334,0.75,0.53125,0.5416666666666667,0.5,0.875,1.0,0.6979166666666667,0.8333333333333334,0.75
kraken,XBTUSD,60,5.0,margin_only,mid_window,30,,54,8,8,2,2,3.0,1.5,0.6296296296296297,2.0925925925925926,0.0,0.8333333333333333,0.8333333333333333,0.625,0.625,0.5,1.0,1.0,0.7916666666666667,0.7916666666666667,1.0
kraken,XBTUSD,60,5.0,margin_only,nonoverlap,30,,54,8,8,4,4,14.0,5.0,3.1481481481481484,9.518518518518519,0.0,0.7083333333333334,0.75,0.6173611111111111,0.6375,0.5,0.7777777777777778,0.8055555555555556,0.6868055555555556,0.7361111111111112,0.25
kraken,XBTUSD,60,5.0,margin_plus_prior_30s_momentum,anchor_points,30,10.0,54,8,6,4,4,4.0,1.75,0.7777777777777778,2.888888888888889,0.07407407407407407,0.7083333333333334,0.75,0.5208333333333334,0.5416666666666667,0.5,0.875,1.0,0.6875,0.8333333333333334,0.75
kraken,XBTUSD,60,5.0,margin_plus_prior_30s_momentum,mid_window,30,10.0,54,8,6,2,2,3.0,1.0,0.6296296296296297,2.0925925925925926,0.05555555555555555,1.0,1.0,0.75,0.75,1.0,1.0,1.0,0.75,0.75,1.0
kraken,XBTUSD,60,5.0,margin_plus_prior_30s_momentum,nonoverlap,30,10.0,54,8,6,4,4,14.0,4.0,3.1481481481481484,9.518518518518519,0.2037037037037037,0.7321428571428571,0.75,0.6267857142857143,0.625,0.5,0.8392857142857143,0.9285714285714286,0.7339285714285715,0.8303571428571428,0.5
kraken,XBTUSD,60,10.0,margin_only,anchor_points,30,,54,14,14,11,11,4.0,1.9090909090909092,0.7777777777777778,2.5185185185185186,0.0,0.7363636363636363,1.0,0.5363636363636364,0.75,0.5454545454545454,0.8727272727272727,1.0,0.6727272727272727,0.75,0.6363636363636364
kraken,XBTUSD,60,10.0,margin_only,mid_window,30,,54,14,14,8,8,3.0,1.75,0.6296296296296297,1.8703703703703705,0.0,0.6354166666666666,0.5833333333333333,0.4427083333333333,0.375,0.25,0.8541666666666666,1.0,0.6614583333333334,0.75,0.625
kraken,XBTUSD,60,10.0,margin_only,nonoverlap,30,,54,14,14,11,11,14.0,6.0,3.1481481481481484,7.962962962962963,0.0,0.5922865013774105,0.5,0.4796946740128558,0.3,0.36363636363636365,0.7351928374655649,0.7,0.6226010101010101,0.65,0.2727272727272727
kraken,XBTUSD,60,10.0,margin_plus_prior_30s_momentum,anchor_points,30,10.0,54,14,11,10,10,4.0,1.9,0.7777777777777778,2.5185185185185186,0.09259259259259259,0.76,1.0,0.5608333333333333,0.75,0.6,0.86,1.0,0.6608333333333334,0.75,0.6
kraken,XBTUSD,60,10.0,margin_plus_prior_30s_momentum,mid_window,30,10.0,54,14,11,8,8,3.0,1.625,0.6296296296296297,1.8703703703703705,0.07407407407407407,0.6666666666666666,0.5833333333333333,0.46875,0.375,0.375,0.8541666666666666,1.0,0.65625,0.75,0.625
kraken,XBTUSD,60,10.0,margin_plus_prior_30s_momentum,nonoverlap,30,10.0,54,14,11,10,10,14.0,5.7,3.1481481481481484,7.962962962962963,0.3888888888888889,0.6215151515151515,0.55,0.503080808080808,0.45,0.4,0.7512121212121212,0.7,0.6327777777777778,0.65,0.4
kraken,XBTUSD,60,20.0,margin_only,anchor_points,30,,54,21,21,16,16,4.0,2.75,0.7777777777777778,1.962962962962963,0.0,0.640625,0.5833333333333333,0.4875,0.4,0.375,0.7333333333333334,0.8,0.5802083333333333,0.7,0.375
kraken,XBTUSD,60,20.0,margin_only,mid_window,30,,54,21,21,12,12,3.0,2.5833333333333335,0.6296296296296297,1.2037037037037037,0.0,0.5972222222222222,0.5833333333333333,0.4479166666666667,0.375,0.25,0.6944444444444445,0.75,0.545138888888889,0.625,0.3333333333333333
kraken,XBTUSD,60,20.0,margin_only,nonoverlap,30,,54,21,21,16,16,14.0,9.625,3.1481481481481484,5.203703703703703,0.0,0.502229020979021,0.5,0.42313944735819736,0.31196581196581197,0.125,0.6326825951825952,0.5666666666666667,0.5535930215617716,0.5333333333333333,0.1875
kraken,XBTUSD,60,20.0,margin_plus_prior_30s_momentum,anchor_points,30,10.0,54,21,16,14,14,4.0,2.7142857142857144,0.7777777777777778,1.962962962962963,0.14814814814814814,0.6523809523809524,0.625,0.5005952380952381,0.4625,0.42857142857142855,0.7476190476190476,0.8,0.5958333333333333,0.7,0.35714285714285715
kraken,XBTUSD,60,20.0,margin_plus_prior_30s_momentum,mid_window,30,10.0,54,21,16,11,11,3.0,2.6363636363636362,0.6296296296296297,1.2037037037037037,0.12962962962962962,0.6287878787878788,0.6666666666666666,0.4848484848484848,0.5,0.36363636363636365,0.6666666666666666,0.75,0.5227272727272727,0.625,0.2727272727272727
kraken,XBTUSD,60,20.0,margin_plus_prior_30s_momentum,nonoverlap,30,10.0,54,21,16,14,14,14.0,9.428571428571429,3.1481481481481484,5.203703703703703,0.8148148148148148,0.5539769754055468,0.5714285714285714,0.4765175300889587,0.4766483516483516,0.21428571428571427,0.6578885400313972,0.5769230769230769,0.580429094714809,0.5384615384615384,0.2857142857142857
kraken,XBTUSD,120,5.0,margin_only,anchor_points,30,,54,8,8,3,3,3.0,1.6666666666666667,0.6296296296296297,2.0925925925925926,0.0,0.8333333333333334,1.0,0.625,0.75,0.6666666666666666,1.0,1.0,0.7916666666666666,0.75,1.0
kraken,XBTUSD,120,5.0,margin_only,mid_window,30,,54,8,8,2,2,3.0,1.5,0.6296296296296297,2.0925925925925926,0.0,0.8333333333333333,0.8333333333333333,0.625,0.625,0.5,0.8333333333333333,0.8333333333333333,0.625,0.625,0.5
kraken,XBTUSD,120,5.0,margin_only,nonoverlap,30,,54,8,8,3,3,6.0,2.6666666666666665,1.3888888888888888,4.0,0.0,0.7333333333333334,1.0,0.5888888888888889,0.8333333333333334,0.6666666666666666,0.8666666666666667,1.0,0.7222222222222223,0.8333333333333334,0.6666666666666666
kraken,XBTUSD,120,5.0,margin_plus_prior_30s_momentum,anchor_points,30,10.0,54,8,6,3,3,3.0,1.3333333333333333,0.6296296296296297,2.0925925925925926,0.07407407407407407,0.8333333333333334,1.0,0.6111111111111112,0.75,0.6666666666666666,1.0,1.0,0.7777777777777778,0.75,1.0
kraken,XBTUSD,120,5.0,margin_plus_prior_30s_momentum,mid_window,30,10.0,54,8,6,2,2,3.0,1.0,0.6296296296296297,2.0925925925925926,0.05555555555555555,1.0,1.0,0.75,0.75,1.0,0.75,0.75,0.5,0.5,0.5
kraken,XBTUSD,120,5.0,margin_plus_prior_30s_momentum,nonoverlap,30,10.0,54,8,6,3,3,6.0,2.6666666666666665,1.3888888888888888,4.0,0.05555555555555555,0.7333333333333334,1.0,0.5888888888888889,0.8333333333333334,0.6666666666666666,0.8666666666666667,1.0,0.7222222222222223,0.8333333333333334,0.6666666666666666
kraken,XBTUSD,120,10.0,margin_only,anchor_points,30,,54,14,14,4,4,3.0,2.75,0.6296296296296297,1.8703703703703705,0.0,0.75,0.875,0.6145833333333334,0.7291666666666667,0.5,0.875,1.0,0.7395833333333334,0.8541666666666667,0.75
kraken,XBTUSD,120,10.0,margin_only,mid_window,30,,54,14,14,8,8,3.0,1.75,0.6296296296296297,1.8703703703703705,0.0,0.6458333333333334,0.5833333333333333,0.453125,0.4375,0.25,0.7083333333333334,0.6666666666666666,0.515625,0.5,0.375
kraken,XBTUSD,120,10.0,margin_only,nonoverlap,30,,54,14,14,8,8,6.0,3.125,1.3888888888888888,3.388888888888889,0.0,0.6645833333333333,0.7,0.5229166666666667,0.6,0.375,0.7625,0.75,0.6208333333333333,0.625,0.375
kraken,XBTUSD,120,10.0,margin_plus_prior_30s_momentum,anchor_points,30,10.0,54,14,11,4,4,3.0,2.5,0.6296296296296297,1.8703703703703705,0.07407407407407407,0.75,0.875,0.6041666666666667,0.7291666666666667,0.5,0.875,1.0,0.7291666666666667,0.8333333333333334,0.75
kraken,XBTUSD,120,10.0,margin_plus_prior_30s_momentum,mid_window,30,10.0,54,14,11,8,8,3.0,1.625,0.6296296296296297,1.8703703703703705,0.07407407407407407,0.6666666666666666,0.6666666666666666,0.46875,0.5,0.25,0.6875,0.6666666666666666,0.4895833333333333,0.5,0.375
kraken,XBTUSD,120,10.0,margin_plus_prior_30s_momentum,nonoverlap,30,10.0,54,14,11,7,7,6.0,3.4285714285714284,1.3888888888888888,3.388888888888889,0.14814814814814814,0.6880952380952381,0.8,0.5619047619047619,0.7,0.42857142857142855,0.7285714285714285,0.75,0.6023809523809524,0.625,0.2857142857142857
kraken,XBTUSD,120,20.0,margin_only,anchor_points,30,,54,21,21,13,13,3.0,2.230769230769231,0.6296296296296297,1.462962962962963,0.0,0.5769230769230769,0.5,0.40705128205128205,0.25,0.23076923076923078,0.7115384615384616,0.75,0.5416666666666667,0.625,0.46153846153846156
kraken,XBTUSD,120,20.0,margin_only,mid_window,30,,54,21,21,12,12,3.0,2.5833333333333335,0.6296296296296297,1.2037037037037037,0.0,0.5972222222222222,0.5,0.4479166666666667,0.375,0.16666666666666666,0.638888888888889,0.5833333333333333,0.4895833333333333,0.4375,0.3333333333333333
kraken,XBTUSD,120,20.0,margin_only,nonoverlap,30,,54,21,21,13,13,6.0,4.846153846153846,1.3888888888888888,2.2222222222222223,0.0,0.5036630036630036,0.42857142857142855,0.40201465201465203,0.25,0.07692307692307693,0.6098901098901099,0.5714285714285714,0.5082417582417583,0.5,0.3076923076923077
kraken,XBTUSD,120,20.0,margin_plus_prior_30s_momentum,anchor_points,30,10.0,54,21,16,12,12,3.0,2.1666666666666665,0.6296296296296297,1.462962962962963,0.09259259259259259,0.5902777777777778,0.5,0.4201388888888889,0.3125,0.25,0.6944444444444445,0.7083333333333333,0.5243055555555556,0.5625,0.4166666666666667
kraken,XBTUSD,120,20.0,margin_plus_prior_30s_momentum,mid_window,30,10.0,54,21,16,11,11,3.0,2.6363636363636362,0.6296296296296297,1.2037037037037037,0.12962962962962962,0.6212121212121212,0.6666666666666666,0.4772727272727273,0.5,0.18181818181818182,0.5909090909090909,0.5,0.446969696969697,0.375,0.2727272727272727
kraken,XBTUSD,120,20.0,margin_plus_prior_30s_momentum,nonoverlap,30,10.0,54,21,16,12,12,6.0,4.75,1.3888888888888888,2.2222222222222223,0.2962962962962963,0.5376984126984127,0.4642857142857143,0.4367063492063492,0.32857142857142857,0.16666666666666666,0.5956349206349206,0.5357142857142857,0.49464285714285716,0.4285714285714286,0.25
kraken,XBTUSD,300,5.0,margin_only,anchor_points,30,,54,8,8,1,1,1.0,1.0,0.2037037037037037,0.7037037037037037,0.0,0.5,0.5,0.25,0.25,0.0,0.5,0.5,0.25,0.25,0.0
kraken,XBTUSD,300,5.0,margin_only,mid_window,30,,54,8,8,2,2,3.0,1.5,0.6296296296296297,2.0925925925925926,0.0,0.41666666666666663,0.41666666666666663,0.20833333333333331,0.20833333333333331,0.0,0.41666666666666663,0.41666666666666663,0.20833333333333331,0.20833333333333331,0.0
kraken,XBTUSD,300,5.0,margin_only,nonoverlap,30,,54,8,8,2,2,2.0,1.0,0.4074074074074074,1.3703703703703705,0.0,0.5,0.5,0.25,0.25,0.0,0.5,0.5,0.25,0.25,0.0
kraken,XBTUSD,300,5.0,margin_plus_prior_30s_momentum,anchor_points,30,10.0,54,8,6,1,1,1.0,1.0,0.2037037037037037,0.7037037037037037,0.018518518518518517,0.5,0.5,0.25,0.25,0.0,0.5,0.5,0.25,0.25,0.0
kraken,XBTUSD,300,5.0,margin_plus_prior_30s_momentum,mid_window,30,10.0,54,8,6,2,2,3.0,1.0,0.6296296296296297,2.0925925925925926,0.05555555555555555,0.5,0.5,0.25,0.25,0.0,0.5,0.5,0.25,0.25,0.0
kraken,XBTUSD,300,5.0,margin_plus_prior_30s_momentum,nonoverlap,30,10.0,54,8,6,2,2,2.0,1.0,0.4074074074074074,1.3703703703703705,0.037037037037037035,0.5,0.5,0.25,0.25,0.0,0.5,0.5,0.25,0.25,0.0
kraken,XBTUSD,300,10.0,margin_only,anchor_points,30,,54,14,14,4,4,1.0,1.0,0.2037037037037037,0.6111111111111112,0.0,0.625,0.5,0.375,0.25,0.25,0.75,0.75,0.5,0.5,0.5
kraken,XBTUSD,300,10.0,margin_only,mid_window,30,,54,14,14,8,8,3.0,1.75,0.6296296296296297,1.8703703703703705,0.0,0.53125,0.5,0.3385416666666667,0.25,0.125,0.6979166666666666,0.8333333333333333,0.5052083333333334,0.625,0.5
kraken,XBTUSD,300,10.0,margin_only,nonoverlap,30,,54,14,14,7,7,2.0,1.1428571428571428,0.4074074074074074,1.2222222222222223,0.0,0.5476190476190477,0.5,0.3095238095238095,0.25,0.14285714285714285,0.6904761904761905,0.5,0.4523809523809524,0.25,0.42857142857142855
kraken,XBTUSD,300,10.0,margin_plus_prior_30s_momentum,anchor_points,30,10.0,54,14,11,4,4,1.0,1.0,0.2037037037037037,0.6111111111111112,0.018518518518518517,0.625,0.5,0.375,0.25,0.25,0.75,0.75,0.5,0.5,0.5
kraken,XBTUSD,300,10.0,margin_plus_prior_30s_momentum,mid_window,30,10.0,54,14,11,8,8,3.0,1.625,0.6296296296296297,1.8703703703703705,0.07407407407407407,0.5416666666666666,0.5,0.34375,0.25,0.125,0.7083333333333334,0.8333333333333333,0.5104166666666666,0.625,0.5
kraken,XBTUSD,300,10.0,margin_plus_prior_30s_momentum,nonoverlap,30,10.0,54,14,11,7,7,2.0,1.1428571428571428,0.4074074074074074,1.2222222222222223,0.05555555555555555,0.5476190476190477,0.5,0.3095238095238095,0.25,0.14285714285714285,0.6904761904761905,0.5,0.4523809523809524,0.25,0.42857142857142855
kraken,XBTUSD,300,20.0,margin_only,anchor_points,30,,54,21,21,9,9,1.0,1.0,0.2037037037037037,0.46296296296296297,0.0,0.6666666666666666,0.5,0.4166666666666667,0.25,0.3333333333333333,0.6666666666666666,0.5,0.4166666666666667,0.25,0.3333333333333333
kraken,XBTUSD,300,20.0,margin_only,mid_window,30,,54,21,21,12,12,3.0,2.5833333333333335,0.6296296296296297,1.2037037037037037,0.0,0.5277777777777778,0.5,0.37847222222222227,0.375,0.0,0.6041666666666666,0.625,0.4548611111111111,0.5,0.3333333333333333
kraken,XBTUSD,300,20.0,margin_only,nonoverlap,30,,54,21,21,11,11,2.0,1.8181818181818181,0.4074074074074074,0.8148148148148148,0.0,0.5757575757575757,0.6666666666666666,0.3939393939393939,0.5,0.0,0.606060606060606,0.6666666666666666,0.42424242424242425,0.5,0.2727272727272727
kraken,XBTUSD,300,20.0,margin_plus_prior_30s_momentum,anchor_points,30,10.0,54,21,16,9,9,1.0,1.0,0.2037037037037037,0.46296296296296297,0.018518518518518517,0.6666666666666666,0.5,0.4166666666666667,0.25,0.3333333333333333,0.6666666666666666,0.5,0.4166666666666667,0.25,0.3333333333333333
kraken,XBTUSD,300,20.0,margin_plus_prior_30s_momentum,mid_window,30,10.0,54,21,16,11,11,3.0,2.6363636363636362,0.6296296296296297,1.2037037037037037,0.12962962962962962,0.537878787878788,0.5,0.3939393939393939,0.375,0.0,0.5757575757575757,0.5,0.4318181818181818,0.375,0.2727272727272727
kraken,XBTUSD,300,20.0,margin_plus_prior_30s_momentum,nonoverlap,30,10.0,54,21,16,10,10,2.0,1.9,0.4074074074074074,0.8148148148148148,0.07407407407407407,0.5833333333333333,0.6666666666666666,0.4083333333333333,0.5,0.0,0.5666666666666667,0.5,0.39166666666666666,0.3333333333333333,0.2
