underlying_source,underlying_symbol,group,window_seconds,markets,mean_final_quote_volume,median_final_quote_volume,mean_volume_multiple_prior,median_volume_multiple_prior,mean_volume_z_prior,final_above_prior_p90_rate,aligned_taker_flow_markets,aligned_taker_flow_rate,aligned_taker_flow_binom_p_gt_50,mean_aligned_taker_share,median_aligned_taker_share
binanceus,BTCUSDT,razor,5,11,94.38593353636362,0.0,6.196547106393467,0.0,0.8945049943827471,0.18181818181818182,2,0.18181818181818182,0.994140625,0.3333333333333333,1.0
binanceus,BTCUSDT,at_risk_non_razor,5,35,91.27395501999997,0.0,0.15102095724312384,0.0,-0.12533125928228536,0.17142857142857143,2,0.05714285714285714,0.9999999989522621,-0.35735063435704284,-1.0
binanceus,BTCUSDT,at_risk_all,5,46,92.01812379565217,0.0,1.5966902537790755,0.0,0.11854262746370064,0.17391304347826086,4,0.08695652173913043,0.9999999997689031,-0.15014544404993,-0.75072722024965
binanceus,BTCUSDT,non_razor,5,191,482.4204012900523,0.0,35.85899629345946,0.0,6.153801949254582,0.09947643979057591,14,0.07329842931937172,1.0,0.10081640039834534,1.0
binanceus,BTCUSDT,final_margin_lte_10bps,5,42,24.720125449999998,0.0,1.6229051945316224,0.0,0.12455009549896146,0.047619047619047616,2,0.047619047619047616,0.9999999999902229,0.3333333333333333,1.0
binanceus,BTCUSDT,final_margin_gt_50bps,5,38,11.155531928947369,0.0,0.08486136297112008,0.0,-0.14099597948061765,0.07894736842105263,2,0.05263157894736842,0.9999999998581188,-0.2,-1.0
binanceus,BTCUSDT,all,5,202,461.2898114618812,0.0,34.24371440703508,0.0,5.867404590325918,0.10396039603960396,16,0.07920792079207921,1.0,0.12572892892709406,1.0
binanceus,BTCUSDT,razor,10,11,4650.407976699999,0.0,4.862732850261894,0.0,0.8280060962513502,0.2727272727272727,2,0.18181818181818182,0.994140625,-0.2,-1.0
binanceus,BTCUSDT,at_risk_non_razor,10,35,105.54259051999999,0.0,0.07989891539307403,0.0,-0.19150359410095663,0.11428571428571428,2,0.05714285714285714,0.9999999989522621,-0.3969256963513284,-1.0
binanceus,BTCUSDT,at_risk_all,10,46,1192.3582263456522,0.0,1.2236200737312704,0.0,0.052292201418073295,0.15217391304347827,4,0.08695652173913043,0.9999999997689031,-0.31487332287160824,-1.0
binanceus,BTCUSDT,non_razor,10,191,512.7698392842932,0.0,18.05910457401585,0.0,4.334537101715587,0.12041884816753927,21,0.1099476439790576,1.0,0.03550191568083118,0.5109322252289666
binanceus,BTCUSDT,final_margin_lte_10bps,10,42,1317.5847226642857,0.0,1.4058990446706152,0.0,0.09695526134947562,0.14285714285714285,3,0.07142857142857142,0.9999999997944542,-0.2279134935956734,-0.9116539743826936
binanceus,BTCUSDT,final_margin_gt_50bps,10,38,22.804714436842108,0.0,0.0572450443777675,0.0,-0.20124495266017786,0.05263157894736842,6,0.15789473684210525,0.9999978720188665,0.2,1.0
binanceus,BTCUSDT,all,10,202,738.0867675594059,0.0,17.340490272227267,0.0,4.143587393497238,0.12871287128712872,23,0.11386138613861387,1.0,0.009335036160738828,0.02186445045793328
binanceus,BTCUSDT,razor,15,11,18417.527109827268,0.0,15.169848102933427,0.0,5.876883260288303,0.2727272727272727,2,0.18181818181818182,0.994140625,-0.2,-1.0
binanceus,BTCUSDT,at_risk_non_razor,15,35,116.96785648857141,0.0,0.055528780866819526,0.0,-0.24377605726604945,0.05714285714285714,2,0.05714285714285714,0.9999999989522621,-0.4066703152467384,-1.0
binanceus,BTCUSDT,at_risk_all,15,46,4493.188547504347,0.0,3.669822531795791,0.0,1.219859866496948,0.10869565217391304,4,0.08695652173913043,0.9999999997689031,-0.32055768389393074,-1.0
binanceus,BTCUSDT,non_razor,15,191,1550.309645643979,0.0,12.244821190143531,0.0,3.0871776432055897,0.09947643979057591,27,0.14136125654450263,1.0,0.08881355704010974,1.0
binanceus,BTCUSDT,final_margin_lte_10bps,15,42,4926.805477311904,0.0,4.115151990495584,0.0,1.3847310493220224,0.11904761904761904,4,0.09523809523809523,0.9999999971842044,-0.09147866097393191,-0.8233079487653872
binanceus,BTCUSDT,final_margin_gt_50bps,15,38,5088.068893747368,0.0,0.679552674997191,0.0,-0.09804483207253605,0.07894736842105263,7,0.18421052631578946,0.9999878287198953,0.07692307692307693,1.0
binanceus,BTCUSDT,all,15,202,2468.82148775297,0.0,12.404104833909319,0.0,3.2390923055219747,0.10891089108910891,29,0.14356435643564355,1.0,0.06207156101787735,1.0
binanceus,BTCUSDT,razor,30,11,19857.894586963634,67.650896,8.641257394495158,0.03021744305587279,4.663006030608793,0.45454545454545453,5,0.45454545454545453,0.7255859375,0.271629041798175,0.7739140319576574
binanceus,BTCUSDT,at_risk_non_razor,30,35,672.4336405257143,0.0,0.25855925753835535,0.0,-0.2542867188780213,0.11428571428571428,5,0.14285714285714285,0.9999982672743499,-0.2763266791730288,-1.0
binanceus,BTCUSDT,at_risk_all,30,46,5260.2612581521735,0.0,2.263117507680199,0.0,0.92158763426013,0.1956521739130435,10,0.21739130434782608,0.9999797198193363,-0.09367477218262751,-0.8483696283817
binanceus,BTCUSDT,non_razor,30,191,4067.1522236183246,0.0,7.656940251954064,0.0,2.6319013689252833,0.14136125654450263,46,0.24083769633507854,0.9999999999999399,0.05523307188370648,0.1813397373188278
binanceus,BTCUSDT,final_margin_lte_10bps,30,42,5371.454642711904,0.0,2.4483628239361637,0.0,1.044170272965965,0.19047619047619047,11,0.2619047619047619,0.9995296629858785,0.109696618547176,0.45070164629361253
binanceus,BTCUSDT,final_margin_gt_50bps,30,38,10481.20619228158,17.702146,1.0256761961870133,0.010429636862313588,-0.018475145992349618,0.13157894736842105,13,0.34210526315789475,0.9832237801601877,0.05648422433138023,0.48640408613004055
binanceus,BTCUSDT,all,30,202,4927.044134493564,0.0,7.710541680508283,0.0,2.74250607822488,0.15841584158415842,51,0.2524752475247525,0.9999999999998156,0.0713476653879754,0.44323066039384645
binanceus,BTCUSDT,razor,60,11,20317.20508491818,1007.3326893,4.517251438643407,0.9735198851175876,3.9517079300950924,0.36363636363636365,5,0.45454545454545453,0.7255859375,0.061681756806015904,0.2000672607656221
binanceus,BTCUSDT,at_risk_non_razor,60,35,1170.2674124571429,49.580084,0.37722729880176387,0.023481568761430836,-0.31848846710821377,0.05714285714285714,12,0.34285714285714286,0.9795202042441815,-0.07832315566393827,-0.0003144307534799551
binanceus,BTCUSDT,at_risk_all,60,46,5748.882942828262,77.6695537,1.3672330713725918,0.03946449927025329,0.702645453962142,0.13043478260869565,17,0.3695652173913043,0.9729619840705652,-0.04126303177483275,-6.467137273436646e-05
binanceus,BTCUSDT,non_razor,60,191,5884.562401240838,109.445004,5.14044989290348,0.049950521036692994,2.31898688218556,0.14659685863874344,77,0.4031413612565445,0.9970883103317734,0.11974144594438987,0.5350197804610697
binanceus,BTCUSDT,final_margin_lte_10bps,60,42,5710.663701378571,76.740403,1.4413015947772216,0.08878761129774171,0.7920489393988925,0.14285714285714285,16,0.38095238095238093,0.9557852265061229,0.04052576597963234,0.2000672607656221
binanceus,BTCUSDT,final_margin_gt_50bps,60,38,18157.410966363157,289.8998342,5.370250010231733,0.04467818852856738,2.381866572937919,0.21052631578947367,20,0.5263157894736842,0.43570733968226705,0.2865532246640704,0.7187558131144098
binanceus,BTCUSDT,all,60,202,6670.4983889658415,109.9382439,5.10651334341407,0.050623226227695176,2.4078974342994455,0.15841584158415842,82,0.40594059405940597,0.9970340298508152,0.11606160649195772,0.5105027520093314
binanceus,BTCUSDT,razor,120,11,20562.221609881817,1503.4535712,2.252184847156962,0.4628281154194697,2.7718211475372603,0.36363636363636365,4,0.36363636363636365,0.88671875,-0.20136282840198713,-0.5301638611627686
binanceus,BTCUSDT,at_risk_non_razor,120,35,5069.499621862858,215.29131200000003,24.006928203834757,0.07858056783547848,36.652095439811056,0.22857142857142856,14,0.4,0.912267375504598,-0.05153261726398912,-0.03346864487751185
binanceus,BTCUSDT,at_risk_all,120,46,8774.280966823913,258.50848614999995,18.804706966368325,0.10781171028590227,28.550290717745582,0.2608695652173913,18,0.391304347826087,0.9480973222479463,-0.08610881983429634,-0.0669138776047526
binanceus,BTCUSDT,non_razor,120,191,8000.0440545968595,435.3571171,7.219340961919345,0.17964528257277795,8.41979993883514,0.27225130890052357,92,0.4816753926701571,0.7186007571044527,0.048549668761958376,0.1571046534263838
binanceus,BTCUSDT,final_margin_lte_10bps,120,42,6292.848832161904,159.88190785,0.817526173895529,0.17728031709779157,0.23890173781281757,0.21428571428571427,14,0.3333333333333333,0.9902397636087699,-0.20574960320891142,-0.7074391856653911
binanceus,BTCUSDT,final_margin_gt_50bps,120,38,24272.86709484737,2814.0015579,24.67307978221075,0.18118415002193514,35.853342059531144,0.2631578947368421,21,0.5526315789473685,0.31355128507857444,0.13402152366915765,0.24202908711745408
binanceus,BTCUSDT,all,120,202,8684.123030379702,509.7483087,6.9488522626006,0.183166005900479,8.112236737328821,0.27722772277227725,96,0.4752475247524752,0.7804834468188157,0.035842253651927246,0.14455968546789394
binanceus,BTCUSDT,razor,300,11,25221.455601127273,4204.8619971,1.0658719915227073,0.44677735087809406,5.654215904972539,0.09090909090909091,5,0.45454545454545453,0.7255859375,-0.09418222218553098,-0.19531220181911513
binanceus,BTCUSDT,at_risk_non_razor,300,35,12073.503653954285,6328.8881575,11.046041525626698,0.31155447145691384,201.6174755831172,0.34285714285714286,20,0.5714285714285714,0.24977991660125554,0.06365973315199613,0.06130545384018299
binanceus,BTCUSDT,at_risk_all,300,46,15217.579119582608,5242.426461,8.659479245732266,0.39822565936068116,154.7566960948652,0.2826086956521739,25,0.5434782608695652,0.3293690385118282,0.025914917745196185,0.05086230409273922
binanceus,BTCUSDT,non_razor,300,191,23178.67375350262,3533.3439471,6.989448724606651,0.45481600542540673,47.11508359636921,0.29842931937172773,111,0.581151832460733,0.014842558189201703,0.11350959038541528,0.16845406393493775
binanceus,BTCUSDT,final_margin_lte_10bps,300,42,21085.079102135714,1385.3982344,5.693547858698885,0.45295498793984534,5.921869709057008,0.19047619047619047,22,0.5238095238095238,0.43880716437615774,0.02617297607969195,0.08432894326794466
binanceus,BTCUSDT,final_margin_gt_50bps,300,38,53385.03931693684,14989.2288884,10.41218511066649,0.6279447317038651,196.6301574718594,0.3684210526315789,24,0.631578947368421,0.07165332714794204,0.25402163574419284,0.2798631882874459
binanceus,BTCUSDT,all,300,202,23289.91434916535,3606.33124255,6.666877714389208,0.45161685635696924,44.857313573570394,0.2871287128712871,116,0.5742574257425742,0.02052069136924875,0.10208654069401323,0.1628825695260861
kraken,XBTUSD,razor,5,9,2421.3664823554445,1088.763421016,0.3434532299428125,0.08899881806359322,-0.18374970281148345,0.0,5,0.5555555555555556,0.5,-0.017815260611844675,0.050013620925734845
kraken,XBTUSD,at_risk_non_razor,5,27,4886.358864415963,916.930938584,0.4245250913672536,0.11233025541693276,-0.16838692844732708,0.1111111111111111,13,0.48148148148148145,0.6494459807872772,0.06893054443962056,0.20753415315906262
kraken,XBTUSD,at_risk_all,5,36,4270.110768900833,965.809915488,0.4042571260111434,0.10066453674026299,-0.17222762203836617,0.08333333333333333,18,0.5,0.5660302997857798,0.04790125836653807,0.07342604594975756
kraken,XBTUSD,non_razor,5,45,4641.930299223222,408.2686786,0.31193288938463687,0.029002792364173847,-0.1688440683195066,0.08888888888888889,20,0.4444444444444444,0.8143509827644948,0.11245774306975899,0.5147964020142975
kraken,XBTUSD,final_margin_lte_10bps,5,14,1699.8768140643572,589.4060605905,0.30252403161500135,0.016853165674773064,-0.1750196738118092,0.0,5,0.35714285714285715,0.91021728515625,-0.12624997221073225,0.02660119590171213
kraken,XBTUSD,final_margin_gt_50bps,5,12,8791.77940313225,1753.831967142,0.316089720302363,0.04863203452553419,-0.1505827469412562,0.08333333333333333,8,0.6666666666666666,0.19384765625,0.27591821094234864,0.6699269119810738
kraken,XBTUSD,all,5,54,4271.836329745259,485.47655752899993,0.31718627947766614,0.03605287562555335,-0.17132834073483608,0.07407407407407407,25,0.46296296296296297,0.7516912823410331,0.08877174240037651,0.3563912561470631
kraken,XBTUSD,razor,10,9,14994.681638791888,3064.484642525,0.8343725865828591,0.30908770168011246,0.03561097010805993,0.1111111111111111,6,0.6666666666666666,0.25390625,0.3750145036960725,0.9657810120284122
kraken,XBTUSD,at_risk_non_razor,10,27,13317.589237700779,3336.4750973600003,0.545570331542059,0.1510072451923458,-0.16165428998744188,0.037037037037037035,17,0.6296296296296297,0.12389428168535233,0.18403614134380583,0.48767024781921237
kraken,XBTUSD,at_risk_all,10,36,13736.862337973556,3285.4340178945004,0.617770895302259,0.15386781102644095,-0.11233797496356643,0.05555555555555555,23,0.6388888888888888,0.06624908198136836,0.23178073193187249,0.636986750923759
kraken,XBTUSD,non_razor,10,45,16098.296366691067,3176.5849526049997,0.48330035213259565,0.15036116247152956,-0.1583110003877099,0.044444444444444446,26,0.5777777777777777,0.1856490172355052,0.11431689063581228,0.3436202914277065
kraken,XBTUSD,final_margin_lte_10bps,10,14,9996.558946107356,1876.919781954,0.6220069562406755,0.25199283805875405,-0.053635471089801046,0.07142857142857142,8,0.5714285714285714,0.395263671875,0.1211868442869937,0.600775215478057
kraken,XBTUSD,final_margin_gt_50bps,10,12,29876.39046562108,6480.1905489455,0.5754173886821692,0.19891440539680427,-0.11841179658944061,0.08333333333333333,9,0.75,0.072998046875,0.37885338378240047,0.636986750923759
kraken,XBTUSD,all,10,54,15914.36057870787,3120.5347975649997,0.5418123912076395,0.15185411533901239,-0.12599067197174826,0.05555555555555555,32,0.5925925925925926,0.11016424708830552,0.1577664928125223,0.49645930347713796
kraken,XBTUSD,razor,15,9,15798.970833431444,3108.5867970249997,0.5945708266783553,0.25516204756591965,-0.11832401161915117,0.0,6,0.6666666666666666,0.25390625,0.3695140154056599,0.9664578662748036
kraken,XBTUSD,at_risk_non_razor,15,27,80513.66768141156,4491.787118429,5.988105486972638,0.14943152032638266,2.5445086400038566,0.14814814814814814,16,0.5925925925925926,0.22103416919708252,0.07544005291653395,0.25403436539214436
kraken,XBTUSD,at_risk_all,15,36,64334.99346941653,4387.561566074,4.639721821899068,0.1686245408005457,1.8788004770981044,0.1111111111111111,22,0.6111111111111112,0.1214924770174548,0.14895854353881544,0.2726293090563148
kraken,XBTUSD,non_razor,15,45,58610.58811936724,3895.218866125,3.706408143675824,0.13869289329275164,1.436275973065591,0.1111111111111111,25,0.5555555555555556,0.2757421649012599,0.050719707240855935,0.25403436539214436
kraken,XBTUSD,final_margin_lte_10bps,15,14,10525.21723770843,1925.9993231140002,0.4409748080119022,0.21726647237755925,-0.1777982073812244,0.0,8,0.5714285714285714,0.395263671875,0.1267603859025638,0.6032302557943188
kraken,XBTUSD,final_margin_gt_50bps,15,12,186685.97482923258,25142.8927211305,12.8903100839349,0.33621662543762587,6.034005154636024,0.25,8,0.6666666666666666,0.19384765625,0.28473205273229,0.5529747877973183
kraken,XBTUSD,all,15,54,51475.31857171128,3634.6683051045,3.1877685908429125,0.14889324596587933,1.177175975618134,0.09259259259259259,31,0.5740740740740741,0.17044547061004867,0.10385209193498993,0.26296597208879197
kraken,XBTUSD,razor,30,9,52832.86059676211,26179.455585937,1.2508735467355225,0.33534076971335186,0.32156716086971926,0.1111111111111111,7,0.7777777777777778,0.08984375,0.45170460878488583,0.8434913586023595
kraken,XBTUSD,at_risk_non_razor,30,27,117120.2796823295,26814.736676502,3.9718742406263456,0.24361930104508686,2.1055572910803404,0.18518518518518517,16,0.5925925925925926,0.22103416919708252,0.10584762891881748,0.17561709136527434
kraken,XBTUSD,at_risk_all,30,36,101048.42491093767,26497.0961312195,3.2916240671536396,0.28948003537921935,1.6595597585276851,0.16666666666666666,23,0.6388888888888888,0.06624908198136836,0.19231187388533455,0.3307220630664964
kraken,XBTUSD,non_razor,30,45,158878.08168066363,23370.919345939998,2.771178856074048,0.223406992708422,1.2478229358431552,0.17777777777777778,27,0.6,0.11634659595415542,0.1668361631321155,0.17561709136527434
kraken,XBTUSD,final_margin_lte_10bps,30,14,37901.31572404136,14478.498676509,1.1543564491877518,0.2921447121514871,0.22490837084617027,0.14285714285714285,10,0.7142857142857143,0.08978271484375,0.3144037710763519,0.7795026745452152
kraken,XBTUSD,final_margin_gt_50bps,30,12,235565.76281881824,112860.7161226935,7.65492508469429,0.3335661524551473,4.810336848819124,0.25,10,0.8333333333333334,0.019287109375,0.46463863406460687,0.6562903198244533
kraken,XBTUSD,all,30,54,141203.87816668002,24596.787129308,2.5177946378509604,0.22921494822308636,1.0934469733475825,0.16666666666666666,34,0.6296296296296297,0.037952364744550715,0.21431423740757724,0.3307220630664964
kraken,XBTUSD,razor,60,9,107204.96506226122,34966.154125498,0.8897132641216987,0.19408525698900556,0.10601575517023724,0.2222222222222222,9,1.0,0.001953125,0.5204576523672599,0.6327758620677291
kraken,XBTUSD,at_risk_non_razor,60,27,209384.1839933381,52817.87347836,2.686426680638971,0.3776259806721805,1.4655501419788366,0.14814814814814814,15,0.5555555555555556,0.3505540192127228,0.07152590309013825,0.12309859584139683
kraken,XBTUSD,at_risk_all,60,36,183839.37926056888,47815.6431190815,2.2372483265096528,0.37700930564540025,1.125666545276687,0.16666666666666666,24,0.6666666666666666,0.03262266761157662,0.1837588404094187,0.31630856553280784
kraken,XBTUSD,non_razor,60,45,248511.75961231987,52817.87347836,2.049400828229954,0.3776259806721805,0.9377509636706446,0.1111111111111111,28,0.6222222222222222,0.0675782254228352,0.1599368320754001,0.25950644365042685
kraken,XBTUSD,final_margin_lte_10bps,60,14,78351.0798344772,34834.280865394,0.9636453289084742,0.2953068374402508,0.14999747367322525,0.14285714285714285,11,0.7857142857142857,0.0286865234375,0.2691911845475912,0.3805346803283165
kraken,XBTUSD,final_margin_gt_50bps,60,12,501399.8772143079,326336.69798919244,5.640346880638556,0.5597377828432858,4.074550448546092,0.3333333333333333,10,0.8333333333333334,0.019287109375,0.6074144738733894,0.8162094491773815
kraken,XBTUSD,all,60,54,224960.6271873101,47815.6431190815,1.8561195675452444,0.37700930564540025,0.7991284289205767,0.12962962962962962,37,0.6851851851851852,0.0045366701697935885,0.22002363545737677,0.3844839258772277
kraken,XBTUSD,razor,120,9,166808.65049487824,77208.293106474,0.7514050287383905,0.3487201823032479,-0.153786441778328,0.3333333333333333,6,0.6666666666666666,0.25390625,0.2738835963408375,0.3856296183668736
kraken,XBTUSD,at_risk_non_razor,120,27,595679.5590129858,148081.795903894,2.6559792764855095,0.41504366404391363,2.5196864026416033,0.18518518518518517,16,0.5925925925925926,0.22103416919708252,-0.010057011689349669,0.08964924160876354
kraken,XBTUSD,at_risk_all,120,36,488461.8318834588,111102.7947533465,2.1798357145487293,0.4082895139471802,1.8513181915366204,0.2222222222222222,22,0.6111111111111112,0.1214924770174548,0.06092814031819712,0.0913413742738525
kraken,XBTUSD,non_razor,120,45,590115.4773230901,146036.445071135,1.9647222176317165,0.39766312610227306,1.5076128175789671,0.2,27,0.6,0.11634659595415542,0.06175273440749851,0.09303350693894144
kraken,XBTUSD,final_margin_lte_10bps,120,14,126546.02810225185,67258.473005202,0.8353937319733843,0.5315004171188136,-0.05299414052928316,0.2857142857142857,7,0.5,0.604736328125,0.08928325169691663,-0.023958566521110582
kraken,XBTUSD,final_margin_gt_50bps,120,12,1280816.213852058,627756.5062604339,5.017803766349076,0.7506554699439876,5.90343001273667,0.4166666666666667,10,0.8333333333333334,0.019287109375,0.4247608566801339,0.6648886918512067
kraken,XBTUSD,all,120,54,519564.3395183882,96690.192234255,1.7625026861494957,0.3953762380323652,1.230712941019418,0.2222222222222222,33,0.6111111111111112,0.06683711768205264,0.097107878063055,0.1275361789599076
kraken,XBTUSD,razor,300,9,441076.3376419091,157645.406386134,0.6182649327711744,0.6034962898211289,-0.6304251128215422,0.0,6,0.6666666666666666,0.25390625,0.16688267361068376,0.23150222313641264
kraken,XBTUSD,at_risk_non_razor,300,27,1008608.5048747334,702797.451229522,2.0025830281999966,0.7812725877995823,4.996577462029912,0.37037037037037035,15,0.5555555555555556,0.3505540192127228,0.09429661565678649,0.12879823751932862
kraken,XBTUSD,at_risk_all,300,36,866725.4630665274,467110.7052947585,1.656503504342791,0.775258901251649,3.5898268183170483,0.2777777777777778,21,0.5833333333333334,0.20251612307038158,0.1124431301452608,0.17020395955550163
kraken,XBTUSD,non_razor,300,45,1135091.341395924,502125.447405009,1.6184678748782197,0.6484217542526362,5.417390104176082,0.28888888888888886,26,0.5777777777777777,0.1856490172355052,0.10041568119175912,0.1047389428986525
kraken,XBTUSD,final_margin_lte_10bps,300,14,318213.81453659106,136506.77794616998,0.6258698126623882,0.5712954915642239,-0.6249755131456839,0.0,8,0.5714285714285714,0.395263671875,0.10797179396198542,0.08310125002939005
kraken,XBTUSD,final_margin_gt_50bps,300,12,1992129.8302753111,1352481.510930119,3.094450417099091,1.341236593888669,17.633620375974008,0.5,11,0.9166666666666666,0.003173828125,0.4394648176869796,0.4595835474443737
kraken,XBTUSD,all,300,54,1019422.1741035881,417705.835852609,1.4517673845270453,0.6450967831234109,4.409420901343145,0.24074074074074073,32,0.5925925925925926,0.11016424708830552,0.1114935132615799,0.11676859020899055
