flat_margin_bps_lte,score,slug,condition_id,end_utc,winner,margin_bps_abs,post_close_reversion_15s_bps,post_close_reversion_60s_bps,kraken_present,kraken_pressure_candidate,kraken_crossing_pressure_candidate,kraken_crossed_to_winner,kraken_aligned_final_move_bps,kraken_final_volume_midrank_pct,kraken_final_aligned_midrank_pct,kraken_final_quote_volume,kraken_control_median_quote_volume,kraken_final_aligned_signed_taker_quote,binanceus_present,binanceus_pressure_candidate,binanceus_crossing_pressure_candidate,binanceus_crossed_to_winner,binanceus_aligned_final_move_bps,binanceus_final_volume_midrank_pct,binanceus_final_aligned_midrank_pct,binanceus_final_quote_volume,binanceus_control_median_quote_volume,binanceus_final_aligned_signed_taker_quote
20.0,19.45398628840187,btc-updown-5m-1780665900,0x4144ecc009fd6382da966742f318cbbb9d19d565d6dd441841ea187640dfa18d,2026-06-05T13:30:00Z,Down,1.3016283633380068,-20.89109138755932,-30.87464945166077,1,1,1,1,2.805645727723643,0.9375,0.9553571428571429,33705.708051025,389.861540753,27712.396349975003,1,1,1,1,2.805645727723643,0.9196428571428571,0.9732142857142857,279.62253,0,279.62253
20.0,11.750668363957265,btc-updown-5m-1780768200,0xd80be5141fb979dcfb443a3f0be8892374e7f4861bb163f898b82f0ef49c88e7,2026-06-06T17:55:00Z,Down,1.8106946935522337,-3.558933609864688,-7.312926499468171,1,0,0,1,4.486100440475989,0.8189655172413793,0.9396551724137931,540.077841418,49.019356766,540.077841418,1,1,1,1,4.486100440475989,0.9568965517241379,0.9913793103448276,215.0993635,0,215.0993635
20.0,11.171970550510066,btc-updown-5m-1780602900,0xceae3ec88a2c3ce768a17eca36b23e5494889a10faa6888f9c62a694f9c6c59f,2026-06-04T20:00:00Z,Down,3.5022967928751045,-0.5011849723443388,,1,1,1,1,3.833990683584817,0.9396551724137931,0.9568965517241379,29796.585333523,489.067670669,29753.339977977,1,0,0,1,3.833990683584817,0.41379310344827586,0.5,0,0,0
20.0,8.795991684118833,btc-updown-5m-1780786500,0xe3b0ec75199b5d46ae5b5473c81fe10aedcd3f7f349fb460b328a0f65916f1d7,2026-06-06T23:00:00Z,Down,26.678656715274485,-0.14878689618496677,1.3311629720902352,1,1,0,0,9.158529849165594,0.9732142857142857,0.9732142857142857,35401.181886447004,9.1412118,35263.188061407,1,1,0,0,9.158529849165594,0.9910714285714286,0.9910714285714286,281.59796850000004,0,148.3938645
20.0,4.494684783826425,btc-updown-5m-1780837200,0x9f229dc284fd68397b3ed312b4b795d02e7248430bb8224c6e903359902bc343,2026-06-07T13:05:00Z,Down,21.85307936349089,2.9486523034526217,,1,0,0,0,3.789213392816333,0.7280701754385965,0.8333333333333334,415.92365013,79.59033506,415.92365013,1,1,0,0,3.789213392816333,0.9385964912280702,0.9736842105263158,130.9893516,0.0,130.9893516
20.0,3.870840713751994,btc-updown-5m-1780660500,0x3a642d855643234adb4cfdc50becc477fd84c9c12751af76cf2a7d72a8fca282,2026-06-05T12:00:00Z,Down,6.998202111676494,-3.569764697917625,,1,0,0,0,2.7708702354266346,0.49166666666666664,0.275,484.64059012599995,623.0334906569999,-194.66748934599997,1,1,0,0,2.7708702354266346,0.9083333333333333,0.9583333333333334,11.776352000000001,0,11.776352000000001
20.0,3.6666666666666665,btc-updown-5m-1780666200,0xda84504142cb98759cbb8cca3cb46da9eb469e67e029ada9d05e10ac98733e2d,2026-06-05T13:35:00Z,Up,10.692292018884556,1.864515311679897,-4.205885815414543,1,0,0,0,-6.7545118268926965,0.8333333333333334,0.5952380952380952,6814.0946118150005,1465.9423217859999,1355.1049356150002,1,1,0,0,-6.7545118268926965,0.9285714285714286,0.9761904761904762,9102.4697197,0.0,9102.4697197
20.0,3.625,btc-updown-5m-1780664100,0x59dce16a7db16a4196ad73a5ca78008def3815394879f01620c789e6e2976512,2026-06-05T13:00:00Z,Up,5.470035063994358,-5.342935671705685,-10.45834296682522,1,0,0,0,-0.5127771817794323,0.6339285714285714,0.8125,978.0305076500001,431.396750467,978.0305076500001,1,1,0,0,-0.5127771817794323,0.9017857142857143,0.9017857142857143,13.012784400000001,0,13.012784400000001
20.0,3.523973520203208,btc-updown-5m-1780659300,0xfa8b26b11d703c44b1bed973d4ee0bc96268a072b7ace45597cec6ae38f74664,2026-06-05T11:40:00Z,Down,9.134954252784711,-4.771858560880603,-8.85388744718787,1,1,0,0,0.2865342676827049,0.9916666666666667,0.9916666666666667,56513.275085024,103.140423526,55479.227080286,1,0,0,0,0.2865342676827049,0.45,0.5,0,0,0
20.0,3.518793179525664,btc-updown-5m-1780634100,0x17debeb696b91a0d0577fcaaa68c8cb138ac71fc817436471cda7ce00e903991,2026-06-05T04:40:00Z,Up,1.212751674351358,6.670205198789419,1.7930364815288256,1,0,0,1,1.5439658976283208,0.63,0.81,812.307356516,487.719785411,812.307356516,1,0,0,1,1.5439658976283208,0.46,0.52,0,0,0
20.0,3.5131316846457694,btc-updown-5m-1780663200,0xbef5306cec2fba03daa428ea113b28e2e6b5a01500d0369bc04c8e7f555ce216,2026-06-05T12:45:00Z,Up,7.197198532021694,-1.350030331864307,-5.906803674683849,1,1,0,0,0.4942298518002743,0.9,0.9285714285714286,17762.480507403,837.94529938,16741.923363027003,1,0,0,0,0.4942298518002743,0.4857142857142857,0.5142857142857142,0,0.0,0
20.0,3.466666666666667,btc-updown-5m-1780779000,0x3fc9b845919bfeaf4447cae21a3ef366d2616d06dbf497af4ed0e1071d2b35fa,2026-06-06T20:55:00Z,Up,3.620011944636572,0.7133118432666382,-1.8050232178407764,1,1,0,0,-0.9065583871458611,0.975,0.975,16672.269982989998,14.469867054,16471.77009614,1,0,0,0,-0.9065583871458611,0.49166666666666664,0.49166666666666664,0,0,0
20.0,3.4475693517280823,btc-updown-5m-1780788600,0x1b5ad3de7d86bf98090ed6bc10fa4bd9138e8c376e1cd648e8512e564c541d6e,2026-06-06T23:35:00Z,Up,3.869953058740599,0.6284114485589862,1.2793057108538748,1,1,0,0,0.07118009197374651,0.925,0.9416666666666667,1929.626596711,4.298689135,1917.4851367110002,1,0,0,0,0.07118009197374651,0.5,0.5,0,0,0
20.0,3.441666666666667,btc-updown-5m-1780606200,0x3e58336da2c1551f24d346f748f77cbd0e8098f4d65afc05a51ce860f0350f0b,2026-06-04T20:55:00Z,Up,4.535087453901814,0.2104225163550974,-4.08109776156426,1,1,0,0,-0.0008246057976705614,0.9583333333333334,0.9583333333333334,8713.064834810999,312.546137756,8083.072166927,1,0,0,0,-0.0008246057976705614,0.9083333333333333,0.058333333333333334,24.789768900000002,0,-24.789768900000002
20.0,3.4067796610169494,btc-updown-5m-1780764900,0xed750077e4d780d95f107867ff67dd3f1604bf29784eda4eb608b8ea5c28a33e,2026-06-06T17:00:00Z,Down,6.944622836889837,1.1967272221244358,6.596729338289521,1,1,0,0,-1.2916355747816346,0.9067796610169492,0.940677966101695,2528.1182290849997,127.67538761349999,2128.519134115,1,0,0,0,-1.2916355747816346,0.4576271186440678,0.5084745762711864,0,0.0,0
20.0,3.37788143685724,btc-updown-5m-1780787400,0x2d9ab1920dea712d8277df4a6b6f2c87c4e18aa64108de7b12d16b9bec3a8d25,2026-06-06T23:15:00Z,Down,0.49677299334445985,-1.2403309584184459,2.578752529120552,1,0,0,1,0.5144071842862039,0.6916666666666667,0.8583333333333333,133.867793715,31.70056083,96.43016848500002,1,0,0,1,0.5144071842862039,0.475,0.525,0,0,0
20.0,3.2857142857142856,btc-updown-5m-1780659900,0x6f8267319f60d258e81ea784cb6385c7da59cb4946e45216073a70c99513fb52,2026-06-05T11:50:00Z,Up,11.497204135581807,-3.5782293392919438,-4.2190752064995465,1,0,0,0,-1.937176841798923,0.023809523809523808,0.5952380952380952,0,305.99978895,0,1,1,0,0,-1.937176841798923,0.9642857142857143,0.9880952380952381,47.9072209,0,47.9072209
20.0,3.2386363636363638,btc-updown-5m-1780666800,0xeac1de3e35103f6ba3dc0c59f6e0ac56aac7b0c041aab464c4dea28231fd6d7f,2026-06-05T13:45:00Z,Up,5.8862586383665745,4.407032353232347,12.605284448676342,1,0,0,0,-0.30176516076863,0.045454545454545456,0.45454545454545453,0,2814.173483183,0,1,1,0,0,-0.30176516076863,0.9886363636363636,0.9886363636363636,4992.375968300001,0,4992.375968300001
20.0,3.1862745098039214,btc-updown-5m-1780664400,0xc23161de5e645d78656f1dd3a4bc255eb57e3b214aa437f07b03daea5ab8a241,2026-06-05T13:05:00Z,Up,17.81624544226854,-5.59227223685843,3.516909858901488,1,0,0,0,-0.22022236061589065,0.12745098039215685,0.3431372549019608,44.141010428,1236.4471720024999,-5.1184583639999985,1,1,0,0,-0.22022236061589065,0.9313725490196079,0.9705882352941176,250.13210559999996,0.0,250.13210559999996
20.0,2.878321295231056,btc-updown-5m-1780768800,0x516606640340e67aa5659c6eea1ae64d4968b58ca2ef980f27e65b2564812c82,2026-06-06T18:05:00Z,Down,0.043691133049463655,-2.5963348488649283,-5.176297475991551,1,0,0,1,0.09993980948861333,0.20833333333333334,0.5083333333333333,14.927634909000002,145.632944238,-14.927634909000002,1,0,0,1,0.09993980948861333,0.48333333333333334,0.5166666666666667,0,0,0
20.0,2.036913230878076,btc-updown-5m-1780665600,0x1db8f91cc84b9914c6aa1c7c812b0582a53bb0daa4b8155eea9869506613b846,2026-06-05T13:25:00Z,Up,9.593056154186355,3.4652290655942384,-10.969499675311312,1,0,0,0,3.566919095566851,0.8088235294117647,0.8382352941176471,2069.774568826,251.96451520799997,1951.6966732700002,1,0,0,0,3.566919095566851,0.9852941176470589,0.014705882352941176,9206.8619724,0,-9206.8619724
20.0,1.9835860874840723,btc-updown-5m-1780780200,0x110b9a1e57dcbae17d72242d28ceacad7778c408ff2c441d8f0b20e523011291,2026-06-06T21:15:00Z,Up,18.568892753996266,-4.880169014709496,-5.5215588143916055,1,0,0,0,3.759393852054507,0.7682926829268293,0.7926829268292683,1059.789826477,74.03996278449999,1040.429431635,1,0,0,0,3.759393852054507,0.45121951219512196,0.45121951219512196,0,0.0,0
20.0,1.952666282560346,btc-updown-5m-1780594500,0x0919ce2b997251c83f9927635f8eafef29c036859763d325bece50fc5cd1b20e,2026-06-04T17:40:00Z,Down,11.963442467814573,0.12386034831618473,-5.5501867025565685,1,0,0,0,3.3117185095759223,0.7903225806451613,0.8225806451612904,31324.729579711,942.2173391050001,31225.758637398998,1,0,0,0,3.3117185095759223,0.41935483870967744,0.5483870967741935,0,0.0,0
20.0,1.879186830171002,btc-updown-5m-1780784100,0xed7688f48d7bab4d99ec731c74e316d7848b49fc8aea1efab0558509815b0dc1,2026-06-06T22:20:00Z,Up,18.95933742672072,1.3723699960017406,1.1811858777517499,1,0,0,0,3.9611515421593575,0.4891304347826087,0.7282608695652174,49.999873428,50.971290771999996,49.999873428,1,0,0,0,3.9611515421593575,0.4782608695652174,0.4782608695652174,0,0,0
20.0,1.6446064208209359,btc-updown-5m-1780599300,0xf74af914461cf4ceab9f78f478ea4d2135a31a07016af25dba8d032ef526ef84,2026-06-04T19:00:00Z,Down,17.37199462748361,-5.319900403242535,-5.86413731461871,1,0,0,0,2.204513585586161,0.6018518518518519,0.8055555555555556,953.5893233259999,251.450697615,953.5893233259999,1,0,0,0,2.204513585586161,0.9907407407407407,0.009259259259259259,2313.5421012999996,0,-2313.5421012999996
20.0,1.6320711786771813,btc-updown-5m-1780598700,0x82ea9af8419a69f3a1af47422aa51a76849d7397791194318b3978af649b59a6,2026-06-04T18:50:00Z,Up,13.841960147920183,-1.161331534563543,-4.642590507353882,1,0,0,0,2.465911448941462,0.5648148148148148,0.8055555555555556,766.9621735000001,603.6618079240001,766.9621735000001,1,0,0,0,2.465911448941462,0.4537037037037037,0.4537037037037037,0,0,0
20.0,1.6086436967508386,btc-updown-5m-1780599000,0xe67bceb93cd5c3b30edec7cdd9b8e27bd153efe9f0872531bcbd77b5956a8034,2026-06-04T18:55:00Z,Down,12.569556593192559,2.7163776199013756,11.65828102689685,1,0,0,0,1.0886730292087385,0.8818181818181818,0.9363636363636364,32882.557743225,433.449915627,32545.689974385004,1,0,0,0,1.0886730292087385,0.4,0.5636363636363636,0,0.0,0
20.0,1.4920408181887606,btc-updown-5m-1780658700,0x340c1c1cb9033d1802378b2c4057ce53ea48ab6e55cc20bdf0acbb62c368c7b7,2026-06-05T11:30:00Z,Up,20.250236784752914,-2.401264612479342,-7.033033967304048,1,0,0,0,0.7414540909438025,0.8020833333333334,0.8854166666666666,989.392394968,99.009944092,989.392394968,1,0,0,0,0.7414540909438025,0.5,0.5,0,0,0
20.0,1.458550500376281,btc-updown-5m-1780763700,0x7efe8e3c39686e12449daff21dc272f5c013ce20f52f928a818cc7aa55e7dde8,2026-06-06T16:40:00Z,Up,12.984028819886099,-2.565949135553477,-16.396892664345867,1,0,0,0,1.3875800880883025,0.6293103448275862,0.7844827586206896,245.07556108200004,132.265162664,245.07556108200004,1,0,0,0,1.3875800880883025,0.47413793103448276,0.47413793103448276,0,0,0
20.0,1.3966750270932233,btc-updown-5m-1780605900,0x9695b3370669729d7201492de637f9876d874b6360bd79795dacd033ee03ea6b,2026-06-04T20:50:00Z,Down,3.408002036351275,-0.1560936336501659,0.30947445517598793,1,0,0,0,2.271836673927655,0.8173076923076923,0.10576923076923077,1945.941066814,333.58148950000003,-1888.570775186,1,0,0,0,2.271836673927655,0.4519230769230769,0.5096153846153846,0,0,0
20.0,1.391835254454564,btc-updown-5m-1780633200,0xbf3c938ec62ecab044a46fd42d8d0ac7c1a7a8acd087bdc8fc2b6098ccd42275,2026-06-05T04:25:00Z,Up,18.762820896250958,-17.880866159200384,-41.39096609511578,1,0,0,0,1.0663191294156775,0.7053571428571429,0.7767857142857143,656.9748218530001,251.2653122,656.9748218530001,1,0,0,0,1.0663191294156775,0.41964285714285715,0.45535714285714285,0,0,0
20.0,1.3814838488642516,btc-updown-5m-1780767900,0x34ee658f228d1e4dd3a04d2b463538cdaca9307ba551823d96ffa27126a7960f,2026-06-06T17:50:00Z,Down,17.972139636761945,1.4411483684525275,-0.6778006861867141,1,0,0,0,1.1346919715939852,0.5545454545454546,0.8272727272727273,150.03032669799998,109.1498358,68.079473302,1,0,0,0,1.1346919715939852,0.44545454545454544,0.4818181818181818,0,0.0,0
20.0,1.3733824236005445,btc-updown-5m-1780836600,0xfc7b800b86c68dc7bf5e141de05900fb492af4268ac30027211f2c49b8f9901f,2026-06-07T12:55:00Z,Up,0.11808088040798696,1.2565606404976428,4.145480671199936,1,0,0,0,0.003275754366358837,0.8272727272727273,0.9363636363636364,2058.430385346,33.550184234,2058.430385346,1,0,0,0,0.003275754366358837,0.4818181818181818,0.5,0,0.0,0
20.0,1.371093340738872,btc-updown-5m-1780779300,0x28e3951613c273e9db21fd9acb591736af9399ec0e82c46eedb4a5cf2061439d,2026-06-06T21:00:00Z,Up,3.556032310089982,-0.4377794811816137,-1.4463133377962722,1,0,0,0,1.2721333703610265,0.575,0.6916666666666667,49.006766453999994,19.60466298,33.407486258,1,0,0,0,1.2721333703610265,0.4666666666666667,0.5,0,0,0
20.0,1.3493412385557542,btc-updown-5m-1780836900,0x6b61b0d23c29318e74b29878daf105566bb2d31814e06a9e58331ff3bbfcb258,2026-06-07T13:00:00Z,Up,7.933504179679187,2.536412065064716,11.574816206773043,1,0,0,0,1.1584708986611236,0.5784313725490197,0.7745098039215687,98.09212406399999,47.519911699999994,98.09212406399999,1,0,0,0,1.1584708986611236,0.43137254901960786,0.45098039215686275,0,0.0,0
20.0,1.3292682926829267,btc-updown-5m-1780670400,0x8c00cfdf71677004f34900773fe415335216438c0e64b7ab69625de33bc5d58a,2026-06-05T14:45:00Z,Down,8.798411980597525,11.617105422756412,39.62601314682358,1,0,0,0,-8.503771012431846,0.8658536585365854,0.9634146341463414,63147.42045507499,7952.9646479620005,62947.53931827499,1,0,0,0,-8.503771012431846,0.3780487804878049,0.45121951219512196,0,0.0,0
20.0,1.3017241379310345,btc-updown-5m-1780636200,0xe470f67d07a4f296a61bbb81c7a0f907406f147e556efec61350366a1d4b7a11,2026-06-05T05:15:00Z,Down,1.7412979334457457,4.802018432938554,-4.2094444488856615,1,0,0,0,-0.15251659898826156,0.7327586206896551,0.9224137931034483,1271.125940204,198.591529835,1261.3220597959998,1,0,0,0,-0.15251659898826156,0.3793103448275862,0.5689655172413793,0,0,0
20.0,1.2995123692920285,btc-updown-5m-1780766400,0xe37fa948d09d56f4531bee225a5c1c084aabc99d5f8443b4bc12ab2d14d4b9f7,2026-06-06T17:25:00Z,Down,18.194644195755338,1.6606964929085413,6.7737445298288925,1,0,0,0,0.024347560745856756,0.7767857142857143,0.8660714285714286,1576.781790989,87.80731226200001,1492.1922818930002,1,0,0,0,0.024347560745856756,0.44642857142857145,0.5,0,0,0
20.0,1.2976190476190477,btc-updown-5m-1780606500,0x3407d9c4ec38f2d1edb069748380e50bc2c210b964045d21fd8dc0c5742013fa,2026-06-04T21:00:00Z,Up,10.80682170267813,3.8926741894293158,-6.8725213689843185,1,0,0,0,-0.30441730448605886,0.7738095238095238,0.8690476190476191,2754.080159019,317.049679,2663.444766777,1,0,0,0,-0.30441730448605886,0.4642857142857143,0.4880952380952381,0,0,0
20.0,1.25,btc-updown-5m-1780597800,0x51dcfba27586c391de127ab5a8e9baa4680d301a39f09db459e9b05f49102973,2026-06-04T18:35:00Z,Down,7.367803330075453,-1.339002234015454,5.7445729694415535,1,0,0,0,-3.608177696049299,0.6029411764705882,0.19117647058823528,3240.330779721,856.9369737530001,-2640.249257499,1,0,0,0,-3.608177696049299,0.8088235294117647,0.8970588235294118,17.875984,0,17.875984
20.0,1.2419539085074616,btc-updown-5m-1780783800,0x44ceac272939803432b3380c8c866758f104fd20ce5e25fbf497bc208db696f8,2026-06-06T22:15:00Z,Up,6.100789382320528,2.78293669864035,-0.6279084612831608,1,0,0,0,0.4597695425373078,0.575,0.7416666666666667,87.22096893999999,62.641408379999994,87.22096893999999,1,0,0,0,0.4597695425373078,0.49166666666666664,0.49166666666666664,0,0,0
20.0,1.2416666666666667,btc-updown-5m-1780781400,0x1866a7e12d08fb9523bc936177f98e619040657c551c70e2a55f01cca26d4f9c,2026-06-06T21:35:00Z,Up,16.0383841463501,-0.010526137923548612,7.9358812663121245,1,0,0,0,-0.015212860174613246,0.725,0.7916666666666666,275.344284238,21.34389015,273.294815762,1,0,0,0,-0.015212860174613246,0.48333333333333334,0.48333333333333334,0,0,0
20.0,1.2276668518632237,btc-updown-5m-1780663500,0xacbac43898802de76bef702fd1211222fd1ca6fd68a02434b90952c4b387f7d6,2026-06-05T12:50:00Z,Down,2.340035888597569,2.1031677805590827,-12.275948125540319,1,0,0,0,1.820152441134301,0.17045454545454544,0.5568181818181818,46.578930104,328.583012508,-35.729150006000005,1,0,0,0,1.820152441134301,0.48863636363636365,0.5113636363636364,0,0,0
20.0,1.2260648105551006,btc-updown-5m-1780782300,0xbf8c9a6641e23732eca4484d339f8f3610aee1e2c3bc25c324e56b8e8b2e5680,2026-06-06T21:50:00Z,Up,5.252314439709534,-0.5098507745685867,-0.00011506329822690631,1,0,0,0,0.13894474243067642,0.6293103448275862,0.7844827586206896,146.25238926100002,37.532410600000006,146.25238926100002,1,0,0,0,0.13894474243067642,0.4827586206896552,0.5,0,0,0
20.0,1.2236868162757708,btc-updown-5m-1780598400,0xc7259071fe8fb7c4ae2ada176c6ac6c83e69b8fed762156ca24a99a2264bc4a6,2026-06-04T18:45:00Z,Down,4.906821624541258,-1.321176378180537,-5.374334777392446,1,0,0,0,1.3184340813788535,0.87,0.09,12790.011008415,831.8549312189999,-12790.011008415,1,0,0,0,1.3184340813788535,0.91,0.05,17.899795199999996,0,-17.899795199999996
20.0,1.206248303856777,btc-updown-5m-1780787700,0x108dc5306c1e9319aa54d95fcbb47c0746bcc332172d786c0986202e6215df7b,2026-06-06T23:20:00Z,Down,10.155344651997872,0.07988593464980379,7.046728164577393,1,0,0,0,0.6145748526172191,0.4083333333333333,0.7583333333333333,7.726796445,19.897491564000003,4.398423555000001,1,0,0,0,0.6145748526172191,0.48333333333333334,0.5166666666666667,0,0,0
20.0,1.1723233680205183,btc-updown-5m-1780769100,0x5abd9356a483c2064b6a795d51f22a3c4ef6472b96b40ad20927e0f2e5061e1b,2026-06-06T18:10:00Z,Down,17.819471941758124,7.076640611208454,15.79191895149262,1,0,0,0,0.36161684010259115,0.525,0.6916666666666667,259.726291941,156.097445988,259.726291941,1,0,0,0,0.36161684010259115,0.48333333333333334,0.5,0,0,0
20.0,1.1673328119336608,btc-updown-5m-1780635900,0xac01e4ab1122de0fec3a3711c0ae0f4c4c1d268d8c737838a44e83bfbe94f91f,2026-06-05T05:10:00Z,Down,4.02906168151445,3.4874418204653947,,1,0,0,0,1.0289717519759962,0.6057692307692307,0.3557692307692308,472.196789279,260.411699716,-161.15121072099998,1,0,0,0,1.0289717519759962,0.8942307692307693,0.0673076923076923,3.17045,0,-3.17045
20.0,1.157001230350442,btc-updown-5m-1780785600,0x80e318c647ae88fe5ae9c9b83e048705e7b61a1ab249066ed41ac0d5445cb5ce,2026-06-06T22:45:00Z,Up,5.409698273833609,-3.99043473719052,-7.158021791282197,1,0,0,0,0.11833948508554351,0.5916666666666667,0.7083333333333334,98.277100251,8.144472454,98.277100251,1,0,0,0,0.11833948508554351,0.475,0.49166666666666664,0,0,0
20.0,1.1417009867779875,btc-updown-5m-1780594800,0xfa2c5e08adc508d8e54352471e41468e89a3bfaf2e339f0d55dcafb8a3e67e22,2026-06-04T17:45:00Z,Up,5.656938106216514,-3.606825880997283,7.034492851401315,1,0,0,0,1.2085049338899367,0.25833333333333336,0.625,177.7453959,985.2450187349999,177.7453959,1,0,0,0,1.2085049338899367,0.44166666666666665,0.475,0,0,0
20.0,1.129936957555492,btc-updown-5m-1780763100,0x8a49950675822f2949bda510ce39645324abf2ecef96af4f0a2b9786a085335b,2026-06-06T16:30:00Z,Down,15.79833146596257,-7.821741723843719,-1.0212665408851225,1,0,0,0,0.8457632191500096,0.28431372549019607,0.6764705882352942,3.8771624079999993,134.976641266,3.8771624079999993,1,0,0,0,0.8457632191500096,0.4803921568627451,0.4803921568627451,0,0.0,0
20.0,1.1164064452609577,btc-updown-5m-1780599900,0x32b21fb1d6f04d00162cf2270aaceccc12160c2b4e541d52df7492630f783ff3,2026-06-04T19:10:00Z,Down,4.296940520297582,-6.849467804569045,-10.042930559519629,1,0,0,0,0.20703222630478857,0.5416666666666666,0.6583333333333333,50080.473360979,50005.845588575,50075.180327641,1,0,0,0,0.20703222630478857,0.4583333333333333,0.49166666666666664,0,0,0
20.0,1.1119121859882855,btc-updown-5m-1780780500,0xbcdb944cd709578c08510b2d83f3d8067541602dfb7a7ea42369781dab75b630,2026-06-06T21:20:00Z,Up,3.0343687254642204,1.093373345358196,-1.3098262263501583,1,0,0,0,0.017894263274759854,0.5916666666666667,0.675,96.71598342,32.950045062,96.71598342,1,0,0,0,0.017894263274759854,0.4666666666666667,0.48333333333333334,0,0,0
20.0,1.0553841527702472,btc-updown-5m-1780764600,0xbc8eb427cc9ebcc9a3b1e56f829e6a21148ae08651d6d157c19eec5e0621d2b4,2026-06-06T16:55:00Z,Down,2.5746409750301704,-8.48178854576377,-10.924205630701522,1,0,0,0,0.443587430517903,0.7916666666666666,0.175,706.2638562320001,48.071807784,-687.905498632,1,0,0,0,0.443587430517903,0.4666666666666667,0.5,0,0,0
20.0,1.033898305084746,btc-updown-5m-1780596600,0x52940902342f9a084d245ac4c3f5c04c8acc4672306001074560fcc6ab308097,2026-06-04T18:15:00Z,Down,19.44445311037112,3.427962908159819,1.0774180565318021,1,0,0,0,-0.2760050900295021,0.3644067796610169,0.7711864406779662,169.426131696,280.467125239,113.50312521600002,1,0,0,0,-0.2760050900295021,0.4322033898305085,0.5,0,0.0,0
20.0,1.0189034983648337,btc-updown-5m-1780661400,0x4ac080f7f1e1deb7a64f311431fcf5d8c4068ba818bc74858204bbb8cb1755aa,2026-06-05T12:15:00Z,Up,16.26128185858122,-6.077533818433152,-14.9441874846843,1,0,0,0,0.016392491824168937,0.453125,0.609375,225.343663022,240.59825636099998,213.19550452599998,1,0,0,0,0.016392491824168937,0.484375,0.484375,0,0,0
20.0,1.013836498475617,btc-updown-5m-1780781100,0x9fd210f8d4418a045ec3438837bf5b34332f50edc0d8120eb72eaa4b72c7a797,2026-06-06T21:30:00Z,Down,2.097169523347994,1.525395585340183,5.37313642573372,1,0,0,0,0.1115553737340165,0.9576271186440678,0.025423728813559324,5009.925110084,8.107779526,-5009.925110084,1,0,0,0,0.1115553737340165,0.4915254237288136,0.5084745762711864,0,0.0,0
20.0,1.0,btc-updown-5m-1780777800,0x549f29843838a08885245c2e4933abe82a905e381ea8a63e34aae5587daffd4b,2026-06-06T20:35:00Z,Up,15.41648329969835,0.8377028086399,4.182856548513497,1,0,0,0,-0.34432810710642897,0.9915254237288136,0.00847457627118644,21517.87783595,61.93722573849999,-21517.87783595,1,0,0,0,-0.34432810710642897,0.4745762711864407,0.5254237288135594,0,0.0,0
20.0,0.9917990143214706,btc-updown-5m-1780788000,0x29a5ca1ad8263cc960ed531f903bfd72e19d48359cf2a7d5e3d472ee6edc3649,2026-06-06T23:25:00Z,Down,4.874685157696732,-3.890520863065875,-2.161063575526984,1,0,0,0,0.37566173827401916,0.24166666666666667,0.6083333333333333,0,3.0927114,0,1,0,0,0,0.37566173827401916,0.475,0.5083333333333333,0,0,0
20.0,0.9915254237288136,btc-updown-5m-1780765800,0x8bc5560c0f80e118ba611d44853b462b13935d46175cc5bb4dc6ef8f512aa27a,2026-06-06T17:15:00Z,Up,14.576575589925191,-0.03529348429925298,-4.552026845465991,1,0,0,0,-0.36995882284635684,0.3983050847457627,0.5847457627118644,63.046574325,95.462265106,63.046574325,1,0,0,0,-0.36995882284635684,0.9915254237288136,0.00847457627118644,1007.3326893,0.0,-1007.3326893
20.0,0.9777777777777779,btc-updown-5m-1780769400,0x94cc1afc5d17dc054cbb566060e5c7a6626e02810f6de546b8663e437ad12813,2026-06-06T18:15:00Z,Up,3.1067091816082018,-0.7640775284768017,3.0448195372704876,1,0,0,0,-0.24447958766623087,0.3888888888888889,0.5888888888888889,84.01373874999999,159.416154883,19.73794197,1,0,0,0,-0.24447958766623087,0.4777777777777778,0.5,0,0.0,0
20.0,0.9747193896971413,btc-updown-5m-1780766700,0x0f1959988b1ec5a207e59ba4e9be2260e7971c7d84d2d0e37fc052929cf6c915,2026-06-06T17:30:00Z,Up,10.404190772274893,0.6492398872020713,-5.253037172444902,1,0,0,0,0.7664540913428496,0.7410714285714286,0.008928571428571428,1088.763421016,102.98179278700002,-1088.763421016,1,0,0,0,0.7664540913428496,0.4375,0.45535714285714285,0,0,0
20.0,0.969913020361384,btc-updown-5m-1780788900,0x092c30e9f5638f25ed4854fb8233a91c935a966134b12153ee8bf57e2532820a,2026-06-06T23:40:00Z,Up,14.994845016019868,2.115076865453519,-3.268623515767306,1,0,0,0,0.5162317684735869,0.6583333333333333,0.14166666666666666,136.48367018000002,4.269415136999999,-136.48367018000002,1,0,0,0,0.5162317684735869,0.45,0.48333333333333334,0,0,0
20.0,0.9655172413793103,btc-updown-5m-1780600800,0xfe603bcc5a2b0a9f5d6b0f0f98c6ededa0d69cd60eea75b3354ee51faee5eac7,2026-06-04T19:25:00Z,Up,6.207579609782134,-2.1081967647763062,2.680500694553446,1,0,0,0,-0.1158879157286956,0.9051724137931034,0.07758620689655173,100053.177147469,2042.4552066820002,-99953.716890509,1,0,0,0,-0.1158879157286956,0.45689655172413796,0.49137931034482757,0,0,0
20.0,0.9584110913350516,btc-updown-5m-1780768500,0xc1a70b2472497431d6c187ecd2806ae12cc59c37d1c5dfabc410b45bf1b20868,2026-06-06T18:00:00Z,Down,0.7818193138869678,0.32187119285073407,2.7380678042145052,1,0,0,0,0.04205545667525865,0.675,0.225,366.389221077,222.597093106,-366.389221077,1,0,0,0,0.04205545667525865,0.4666666666666667,0.5333333333333333,0,0,0
20.0,0.9583333333333334,btc-updown-5m-1780769700,0x84f468b505b45d8fb74ae5de19cc607c7d8eb1f23cf0f10ecdf4958d7b2babd1,2026-06-06T18:20:00Z,Down,8.589648951344987,2.5942032296360726,,1,0,0,0,-0.16231749682077123,0.275,0.6416666666666667,8.40492276,93.975544012,8.40492276,1,0,0,0,-0.16231749682077123,0.4666666666666667,0.5333333333333333,0,0,0
20.0,0.9561403508771931,btc-updown-5m-1780785000,0xbc9d77e54170a410c55ff487cdfb37663787c8595aaae516d968535e1d021881,2026-06-06T22:35:00Z,Up,9.261840961386314,-5.846381285867442,-4.10873062492429,1,0,0,0,-0.8055485462435954,0.32456140350877194,0.6052631578947368,9.900332832,181.76856304249998,9.900332832,1,0,0,0,-0.8055485462435954,0.49122807017543857,0.49122807017543857,0,0.0,0
20.0,0.951219512195122,btc-updown-5m-1780662000,0x7c24dc60d97eeca08c07cd6b6bca95b9ba3fcf8d83f0ae5af060c690f65f5cc5,2026-06-05T12:25:00Z,Up,10.088062571599126,17.584997370442547,16.521609300576092,1,0,0,0,-1.6079905002654138,0.8902439024390244,0.06097560975609756,26376.944759499,953.0070947920001,-26089.816123831002,1,0,0,0,-1.6079905002654138,0.45121951219512196,0.5,0,0.0,0
20.0,0.9500000000000001,btc-updown-5m-1780634400,0xb80e0141c78f100cd8b13e8d78ae98015a6329ccee177909478b03645b489d5c,2026-06-05T04:45:00Z,Down,14.041672816303794,1.8346589299800542,6.262069088189757,1,0,0,0,-0.9548722012384945,0.7916666666666666,0.10833333333333334,309.014889625,94.50015,-309.014889625,1,0,0,0,-0.9548722012384945,0.45,0.55,0,0,0
20.0,0.9352159443923221,btc-updown-5m-1780780800,0x2da68770c1d971dad5837b4f6bfda3771820c2f7c79229301367f554d76b6a0b,2026-06-06T21:25:00Z,Up,5.300129151936346,0.6911800860674164,4.331464836765003,1,0,0,0,0.8625203999277126,0.16101694915254236,0.3983050847457627,0,50.244307835,0,1,0,0,0,0.8625203999277126,0.4661016949152542,0.5,0,0.0,0
20.0,0.9310344827586207,btc-updown-5m-1780785900,0x701566c65826b887434217624dd1bebef7c541c1d33bce9ce6c09079dfb73b43,2026-06-06T22:50:00Z,Up,11.621258885948134,0.38869209190675114,-0.9962380829302385,1,0,0,0,-0.40374926110313386,0.3706896551724138,0.5431034482758621,9.803652579,35.9900442,9.803652579,1,0,0,0,-0.40374926110313386,0.47413793103448276,0.47413793103448276,0,0,0
20.0,0.9285714285714286,btc-updown-5m-1780762500,0x80b2086ac0d1fc073b59f4a5c490635f165f16818a66a2cd3efc0a6ffad8e21e,2026-06-06T16:20:00Z,Down,1.099933388456353,-2.13117120342488,-6.572096057261873,1,0,0,0,-0.2654304456477554,0.8303571428571429,0.0625,3623.855852685,107.725506514,-3623.855852685,1,0,0,0,-0.2654304456477554,0.44642857142857145,0.5178571428571429,0,0,0
20.0,0.9210526315789473,btc-updown-5m-1780778400,0xe1d6f1abc9010c4c6dd7bd92eceb663b3b70bb0c391bac9beb8e5bb2e175e550,2026-06-06T20:45:00Z,Up,10.431511845435152,-1.9465752874354583,2.0920674883301595,1,0,0,0,-0.09157204820808001,0.8157894736842105,0.06140350877192982,1900.4082602999997,85.911450056,-1900.4082602999997,1,0,0,0,-0.09157204820808001,0.4649122807017544,0.5,0,0.0,0
20.0,0.9178542745394608,btc-updown-5m-1780783500,0xb862d8ac42449912b6a645b041aca52131e6cc8081e18f4906452af90a8bb78b,2026-06-06T22:10:00Z,Down,16.252950027070945,2.1607931119616386,8.20527661858084,1,0,0,0,0.14961620028351058,0.6810344827586207,0.12931034482758622,899.7553998420001,108.073169287,-899.7553998420001,1,0,0,0,0.14961620028351058,0.4224137931034483,0.5431034482758621,0,0,0
20.0,0.9123055918297374,btc-updown-5m-1780595700,0x1cbbe28330e3918d21c62c68a8b4b5089e4ac8c561e0d2f3d4339adf2684d088,2026-06-04T18:00:00Z,Down,9.434957731240734,1.6589404405085664,-0.41526332667207794,1,0,0,0,0.4825805907276337,0.06578947368421052,0.6447368421052632,9.582495100000001,824.595005567,9.582495100000001,1,0,0,0,0.4825805907276337,0.42105263157894735,0.5,0,0,0
20.0,0.9090909090909091,btc-updown-5m-1780667400,0x746f890097df50454733b9c9c8ad3b2d9df6c82e7db1727c6df23525adcef127,2026-06-05T13:55:00Z,Down,9.108840510898787,-10.55492185859834,-19.64841640706227,1,0,0,0,-1.4025215917673435,0.8939393939393939,0.045454545454545456,90057.899422435,4503.5744590505,-88897.383750307,1,0,0,0,-1.4025215917673435,0.3787878787878788,0.5,0,0.0,0
20.0,0.9078687101407976,btc-updown-5m-1780778700,0x5eb26c0006e0cad84dad9c27db43981a912f0c91f9c1e60982db6dd9be2553db,2026-06-06T20:50:00Z,Down,11.059636156939298,0.11946256571417847,7.840508800124178,1,0,0,0,0.20601021737065467,0.11666666666666667,0.6333333333333333,0,57.579944448,0,1,0,0,0,0.20601021737065467,0.48333333333333334,0.5,0,0,0
20.0,0.9060670071200427,btc-updown-5m-1780720800,0x1d052b6098587f7d5f82014f53a674fd298df1667f6de79d4bab915bb1141077,2026-06-06T04:45:00Z,Up,18.566300969456684,10.149250938853509,15.987658458383034,1,0,0,0,0.405335035600214,0.1625,0.5125,3416.583834786,4563.783433287,-3358.8795243179998,1,0,0,0,0.405335035600214,0.475,0.5,0,0,0
20.0,0.9003339324162855,btc-updown-5m-1780782600,0x8a8630e03c743a4b3afb5025677a5702251894df7db02fc2d7b9a1684ff9b1fc,2026-06-06T21:55:00Z,Down,4.220573428184744,-0.021341490408271845,-2.91758071137752,1,0,0,0,0.0016696620814272238,0.19166666666666668,0.6083333333333333,0,19.464799374,0,1,0,0,0,0.0016696620814272238,0.48333333333333334,0.5166666666666667,0,0,0
20.0,0.8983050847457628,btc-updown-5m-1780764300,0x3e00aad310bfd238995965f69a5b0bdf4ecc5421a9bafadbf92027dd721e9df9,2026-06-06T16:50:00Z,Up,11.867018601742187,0.4727673540933652,2.0996968564833547,1,0,0,0,-1.5110881585000058,0.2627118644067797,0.652542372881356,19.512623935999997,79.5870244195,19.512623935999997,1,0,0,0,-1.5110881585000058,0.4322033898305085,0.4491525423728814,0,0.0,0
20.0,0.8916666666666667,btc-updown-5m-1780782900,0xd2fcb621a07cc2aaf244f860229156d5b9bcc6d5fcb7a7d841468947ee55dcd7,2026-06-06T22:00:00Z,Down,12.333126578353655,-9.622559629422138,-4.222391426574462,1,0,0,0,-0.18126657621751396,0.2,0.6166666666666667,0,33.699206955,0,1,0,0,0,-0.18126657621751396,0.4666666666666667,0.5,0,0,0
20.0,0.8916666666666666,btc-updown-5m-1780762800,0x954e2764f2a3b053b33cf4f93c886c8158d72e3952beee5c4f623616e0c2f53b,2026-06-06T16:25:00Z,Down,9.598827431967973,-1.4514729857860709,5.313130079917264,1,0,0,0,-1.153039749110782,0.5583333333333333,0.24166666666666667,245.09783883000003,165.080737972,-245.09783883000003,1,0,0,0,-1.153039749110782,0.45,0.5333333333333333,0,0,0
20.0,0.8854301590262937,btc-updown-5m-1780784700,0xe516ad487154830b4fff361dd33c8e5443b188dc5036379ed8179ab391e59f9c,2026-06-06T22:30:00Z,Down,8.023386528351145,1.1619438058147018,-0.4178475550746524,1,0,0,0,0.1771507951314683,0.44166666666666665,0.30833333333333335,89.316028561,108.47237838999999,-89.316028561,1,0,0,0,0.1771507951314683,0.4666666666666667,0.48333333333333334,0,0,0
20.0,0.8765399340002118,btc-updown-5m-1780767000,0xde98c3bc0d84766d2db6750b3db99b54946394eded01c26d0a3f55ba3c2b598e,2026-06-06T17:35:00Z,Up,16.99882014131855,0.80060918200582,0.17525007727113856,1,0,0,0,1.0493663366677255,0.10833333333333334,0.2916666666666667,0,73.152594056,0,1,0,0,0,1.0493663366677255,0.45,0.48333333333333334,0,0,0
20.0,0.8728813559322033,btc-updown-5m-1780778100,0x86d6d28acb122deb6f3981a0da8eb25025d55f818ef04f813d145bd4c3100ec0,2026-06-06T20:40:00Z,Down,3.127771830765413,0.20499606596442962,-1.9317651832607867,1,0,0,0,-0.02287638603142009,0.2288135593220339,0.5338983050847458,9.829600928,33.716554949,-9.829600928,1,0,0,0,-0.02287638603142009,0.4830508474576271,0.5,0,0.0,0
20.0,0.8684886672900193,btc-updown-5m-1780663800,0x1a10d51eac5d030c7510e45edbaae87126adb468f6cc2b5504d70cc1bab6a311,2026-06-05T12:55:00Z,Down,5.99414196746235,0.45005827821808425,6.950417322452605,1,0,0,0,0.2559048749116348,0.14423076923076922,0.49038461538461536,18.719005048,264.20049176500004,-18.719005048,1,0,0,0,0.2559048749116348,0.4807692307692308,0.5192307692307693,0,0,0
20.0,0.8618490201995036,btc-updown-5m-1780664700,0x024961cb57eaa78ff05f26e319f3853fc95f9ab8681d2310b60727369eb25a8e,2026-06-05T13:10:00Z,Down,16.762855299352463,3.3181090454987996,4.588908878803112,1,0,0,0,0.17881031838882158,0.03260869565217391,0.6847826086956522,0,225.661345822,0,1,0,0,0,0.17881031838882158,0.8586956521739131,0.07608695652173914,1.859145,0,-1.859145
20.0,0.853448275862069,btc-updown-5m-1780787100,0x7ece59237d073f74e2728d7f4f6c6b6b3089d629dce0c42a758edfa99a747669,2026-06-06T23:10:00Z,Up,5.892630762845993,1.3205798309322727,-0.9739228526875426,1,0,0,0,-0.10708549355539064,0.5948275862068966,0.12931034482758622,36.009138367000006,6.371232,-36.009138367000006,1,0,0,0,-0.10708549355539064,0.49137931034482757,0.49137931034482757,0,0,0
20.0,0.8461538461538463,btc-updown-5m-1780659000,0xd37260dc022dbf9fcf9912bf4ece70c1f777b621a0a7da5b00932146c477a1dd,2026-06-05T11:35:00Z,Down,19.399163367099952,0.061745184477946746,2.514356207963844,1,0,0,0,-0.13274105614887538,0.5512820512820513,0.2692307692307692,221.710116208,106.917035538,-221.710116208,1,0,0,0,-0.13274105614887538,0.41025641025641024,0.46153846153846156,0,0.0,0
20.0,0.8348785818094353,btc-updown-5m-1780668900,0xc0323198f2a9c2a6ceabd4500aefb667ed4b6800924443c08ee80e0307d89029,2026-06-05T14:20:00Z,Down,10.402957347997845,8.822667473804078,17.908990008867338,1,0,0,0,0.03153576619003405,0.3,0.5,682.911890065,2030.130324835,-512.1678541269999,1,0,0,0,0.03153576619003405,0.34285714285714286,0.5142857142857142,0,0.0,0
20.0,0.8333333333333333,btc-updown-5m-1780785300,0x12c97094a80055137682df17dbd85f9bb63fc30b7bb5960bfc7b97c6d49ab1e6,2026-06-06T22:40:00Z,Up,5.759907249821354,-0.3976981636565802,-3.9826249782374274,1,0,0,0,-0.38935057552967856,0.525,0.15833333333333333,32.856237648000004,27.9769182,-32.856237648000004,1,0,0,0,-0.38935057552967856,0.475,0.5083333333333333,0,0,0
20.0,0.8329699448433037,btc-updown-5m-1780600500,0xe66768662542ad96ff572002d82e1bdb13664d398c3076171944742881c78f85,2026-06-04T19:20:00Z,Up,14.450793933052397,-1.775904910858714,-8.139458386945627,1,0,0,0,0.49463695825907134,0.07446808510638298,0.4574468085106383,50.509083093,1270.6391106355,50.509083093,1,0,0,0,0.49463695825907134,0.43617021276595747,0.5,0,0.0,0
20.0,0.8245614035087719,btc-updown-5m-1780605300,0xe2f4aa13f5b7f25e4f83ef283430d0f7b3244301f3f3fd8f6e230b348582b2fa,2026-06-04T20:40:00Z,Down,6.127812904016174,2.716398728257224,14.779749903057239,1,0,0,0,-0.34976782416504953,0.05263157894736842,0.631578947368421,0,316.1952286485,0,1,0,0,0,-0.34976782416504953,0.43859649122807015,0.5263157894736842,0,0.0,0
20.0,0.8189655172413793,btc-updown-5m-1780596300,0x31623f0e75100aff25ebe2a43b2b381e8b11feb582a9503f9c893b848fe67eff,2026-06-04T18:10:00Z,Down,9.985756450010976,-4.93528590537642,-9.789646896415606,1,0,0,0,-1.982265863471162,0.16379310344827586,0.5086206896551724,76.446583772,316.71591866299997,-76.446583772,1,0,0,0,-1.982265863471162,0.4482758620689655,0.5172413793103449,0,0,0
20.0,0.8181818181818181,btc-updown-5m-1780788300,0x9ec42799f6d916e6ffb3f9f81ad3907cd0a4074d4e77e796efd8a8cdf113b3d3,2026-06-06T23:30:00Z,Up,14.46616239719361,0.09245861652555998,0.8908482699782357,1,0,0,0,-0.004367712657269093,0.19090909090909092,0.44545454545454544,0,19.706512535999998,0,1,0,0,0,-0.004367712657269093,0.5,0.5,0,0.0,0
20.0,0.8166666666666667,btc-updown-5m-1780777500,0x0a84f7f1491ef1961541d58663513c029721c4648e901eb05b2dad4b3db1f2d0,2026-06-06T20:30:00Z,Down,1.0819045933458273,0.7178787281024294,-0.28033897609773756,1,0,0,0,-0.04862926098078939,0.075,0.575,0,18.65452259,0,1,0,0,0,-0.04862926098078939,0.48333333333333334,0.5,0,0,0
20.0,0.7926045748628913,btc-updown-5m-1780779900,0xc040c9a0d6c4190458e16115cd9e9e8a8e4033acc68b85510e5fe3ecb9faf04a,2026-06-06T21:10:00Z,Up,4.1238308021355445,-2.5928385976267765,-8.700916239499888,1,0,0,0,0.2992297708661808,0.4051724137931034,0.12931034482758622,5.922467383,52.288143336000005,-3.459980551,1,0,0,0,0.2992297708661808,0.46551724137931033,0.46551724137931033,0,0,0
20.0,0.7916666666666666,btc-updown-5m-1780786200,0x932626deb59fc2f617618b25eac26e02b84aba0c5953036fd29bca3d0c9be282,2026-06-06T22:55:00Z,Up,9.648478163474689,-0.08849307353452256,0.800248563591595,1,0,0,0,-0.08739729804629282,0.24166666666666667,0.35833333333333334,0,3.68892448,0,1,0,0,0,-0.08739729804629282,0.49166666666666664,0.49166666666666664,0,0,0
20.0,0.7844827586206897,btc-updown-5m-1780782000,0x1a0e9e1af94956a9d6f795f51f1378c6f4044d5cbfae7371555be66cddfad41e,2026-06-06T21:45:00Z,Up,3.34444039641525,0.5843212395859143,10.143377376172593,1,0,0,0,-0.23864437579272965,0.14655172413793102,0.4396551724137931,0,98.522092592,0,1,0,0,0,-0.23864437579272965,0.4827586206896552,0.5,0,0,0
20.0,0.7833333333333332,btc-updown-5m-1780604400,0xd091adbfa01dd8323a947b6cf7b51c68fed551791e2f313f90e7a4071bb4ac2c,2026-06-04T20:25:00Z,Down,6.103676047404939,1.3168245850526363,-0.9323273839838871,1,0,0,0,-1.9296875104540199,0.025,0.6083333333333333,43.212167637,668.485725867,-43.212167637,1,0,0,0,-1.9296875104540199,0.44166666666666665,0.49166666666666664,0,0,0
20.0,0.7757166036075056,btc-updown-5m-1780595100,0xee23c93cf12afc37d8eedbe31e2b0a1f535f0c3a5b63a477aa3daa80299691bb,2026-06-04T17:50:00Z,Up,7.610315693859584,-5.156454089164609,0.07260510618361507,1,0,0,0,0.1285830180375281,0.046296296296296294,0.4722222222222222,15.696159696,465.25097288499995,15.696159696,1,0,0,0,0.1285830180375281,0.4722222222222222,0.5092592592592593,0,0,0
20.0,0.76489608728947,btc-updown-5m-1780665300,0x1bcce209163be35f6938450111d7d000891669f0ae877a7cff1a437a0397e376,2026-06-05T13:20:00Z,Up,13.691565837105218,-5.1007836828678155,-35.11069949959321,1,0,0,0,0.6033265902935034,0.057692307692307696,0.3269230769230769,0,744.20441902,0,1,0,0,0,0.6033265902935034,0.4423076923076923,0.46153846153846156,0,0,0
20.0,0.7517064170215861,btc-updown-5m-1780779600,0x7b0d5c8274a4b3dbb0d9906e4cf2039143ba1afbb316b61ab286532b74217c22,2026-06-06T21:05:00Z,Up,1.0175725091562255,-3.029104965535256,-2.7375255797360913,1,0,0,0,0.21686541844126417,0.125,0.3416666666666667,0,52.20403636,0,1,0,0,0,0.21686541844126417,0.4583333333333333,0.49166666666666664,0,0,0
20.0,0.75,btc-updown-5m-1780766100,0x3bb3c702e6bc3218499d9961b2401628ee7d21fdaa3edc74e779ab463a08d0ac,2026-06-06T17:20:00Z,Up,1.2367631444772882,0.2364694174165335,-4.79240467826193,1,0,0,0,-0.100914715094461,0.13333333333333333,0.38333333333333336,0,48.347727631,0,1,0,0,0,-0.100914715094461,0.48333333333333334,0.5,0,0,0
20.0,0.75,btc-updown-5m-1780777200,0xa5014c531d1879a0168903895e0b182aa7688b43cb31b2b353f4e98632c279a2,2026-06-06T20:25:00Z,Up,3.760198845024754,-0.5594837050035123,-2.2289972705430383,1,0,0,0,-0.04478472440592315,0.28448275862068967,0.21551724137931033,23.119708945,82.41515771,-23.119708945,1,0,0,0,-0.04478472440592315,0.5,0.5,0,0,0
20.0,0.7321428571428572,btc-updown-5m-1780599600,0xe483bdb375db00ab7c543e0d516159e1e46130e9ec970acc2ad4c64bcadea79d,2026-06-04T19:05:00Z,Down,17.17525061070143,-1.636012919676236,-2.957006187077757,1,0,0,0,-2.013543832746044,0.026785714285714284,0.4732142857142857,9.232057821,1204.33284355,-9.232057821,1,0,0,0,-2.013543832746044,0.4642857142857143,0.5,0,0,0
20.0,0.7308050173472107,btc-updown-5m-1780789200,0x74cabce150c7b7902f45903aa150119ceeb9d26ee8726f67daf099f87bc29e13,2026-06-06T23:45:00Z,Up,4.657912643230243,-0.6212744593805041,-3.303695806343004,1,0,0,0,0.033335431563639835,0.15517241379310345,0.3793103448275862,0,72.001318441,0,1,0,0,0,0.033335431563639835,0.4396551724137931,0.47413793103448276,0,0,0
20.0,0.7254901960784315,btc-updown-5m-1780606800,0xb3ea5e2d42bd48df84385cc0f8863d3b7822aca40db0767c2c7a53e03e5a8434,2026-06-04T21:05:00Z,Up,18.221062680989647,-2.1758222007548147,-10.671728036240612,1,0,0,0,-0.9996125376200518,0.4411764705882353,0.14705882352941177,362.68128209,487.48715788950005,-311.75950209,1,0,0,0,-0.9996125376200518,0.4215686274509804,0.4411764705882353,0,0.0,0
20.0,0.7083333333333333,btc-updown-5m-1780767600,0xb6de2e59daaeb9a2a38ab8f060c2c9fbc0d9771509cd567e8d3dcc2d69c98696,2026-06-06T17:45:00Z,Up,9.615437968950014,-2.95756033318863,5.070357645518917,1,0,0,0,-0.17408937471817826,0.13333333333333333,0.31666666666666665,0,80.59503600299999,0,1,0,0,0,-0.17408937471817826,0.4666666666666667,0.5,0,0,0
20.0,0.684213886289512,btc-updown-5m-1780765200,0xbd12e02809bfdb771ce6c3a98e97b6076c2c7fcd34ad3d9be68e52f49c545499,2026-06-06T17:05:00Z,Up,1.3261921062621136,3.3982162937064433,9.708397206872355,1,0,0,0,0.1294027647808924,0.05,0.3333333333333333,0,204.891614318,0,1,0,0,0,0.1294027647808924,0.4666666666666667,0.4666666666666667,0,0,0
20.0,0.6666666666666667,btc-updown-5m-1780601700,0x2165d68999e27128db7249c2e3bd9b73da91fb41fe3c5e9f4fe58d2ea60bf52e,2026-06-04T19:40:00Z,Down,1.1371141906443762,-5.992139807542455,-9.592424491394645,1,0,0,0,-5.225819816576906,0.18055555555555555,0.18055555555555555,190.41406469999998,40359.734424613,-190.41406469999998,1,0,0,0,-5.225819816576906,0.9305555555555556,0.041666666666666664,28.7825715,0,-28.7825715
20.0,0.6545454545454545,btc-updown-5m-1780601100,0xde056189e7d9879d5e15e5aa3dbf8f7379d91387ad3a8ee57fd8501de02ce7b7,2026-06-04T19:30:00Z,Up,16.6003148392447,-0.9381669405024466,14.957311309395491,1,0,0,0,-2.4357705106127647,0.13636363636363635,0.3181818181818182,85.056908195,2962.9629761020005,-85.056908195,1,0,0,0,-2.4357705106127647,0.4,0.45454545454545453,0,0.0,0
20.0,0.65,btc-updown-5m-1780605600,0x79a4edea4176382f3bceadb44269c78f4aa68fa2c834afa285cb08acca357f7a,2026-06-04T20:45:00Z,Up,8.672832490534908,-0.04983804773540702,-6.860313508767435,1,0,0,0,-1.94607471885184,0.03,0.33,0,718.190299675,0,1,0,0,0,-1.94607471885184,0.45,0.49,0,0,0
