market_timeframe,market_duration_seconds,series_slug,slug_prefix,final_margin_bps_lte,prior_risk_margin_bps_lte,prior_risk_lookback_seconds,window_seconds,markets,trade_markets,price_markets,joint_markets,gross_notional,net_pro_notional,pro_winner_flow_markets,pro_winner_flow_rate,pro_winner_flow_binom_p_gt_50,price_aligned_markets,price_aligned_rate,price_aligned_binom_p_gt_50,joint_flow_and_price_aligned_markets,joint_flow_and_price_aligned_rate,flipped_to_winner_markets,flipped_to_winner_rate,mean_net_pro_share,mean_aligned_final_bps
5m,300,btc-up-or-down-5m,btc-updown-5m,50,100,60,5,180,138,168,128,137100.35982899996,83318.56915099999,52,0.37681159420289856,0.9986228300979367,94,0.5595238095238095,0.07122667279718271,31,0.2421875,7,0.041666666666666664,-0.2993895549615668,0.13017954606380794
5m,300,btc-up-or-down-5m,btc-updown-5m,50,100,60,10,180,166,170,157,253914.6926259999,155567.31632799996,66,0.39759036144578314,0.9967884689273809,101,0.5941176470588235,0.008584348672579461,46,0.2929936305732484,10,0.058823529411764705,-0.26933773210655065,0.1522661753331393
5m,300,btc-up-or-down-5m,btc-updown-5m,50,100,60,15,180,169,168,157,419493.6958949997,227548.8623249999,75,0.4437869822485207,0.9381586848977131,98,0.5833333333333334,0.018463402138528616,46,0.2929936305732484,16,0.09523809523809523,-0.2052194739117784,0.5212504768298587
5m,300,btc-up-or-down-5m,btc-updown-5m,50,100,60,30,180,176,171,167,820873.1913159993,441265.47624599974,97,0.5511363636363636,0.09995468169167643,98,0.5730994152046783,0.03307145507140595,52,0.31137724550898205,13,0.07602339181286549,-0.01016158659784056,0.77101918468111
5m,300,btc-up-or-down-5m,btc-updown-5m,50,100,60,60,180,176,180,176,1795006.7116969968,1009572.5177909991,142,0.8068181818181818,3.394879452037323e-17,107,0.5944444444444444,0.006841272467000833,84,0.4772727272727273,22,0.12222222222222222,0.4035648829766291,2.221488762861536
5m,300,btc-up-or-down-5m,btc-updown-5m,50,50,60,5,180,138,168,128,137100.35982899996,83318.56915099999,52,0.37681159420289856,0.9986228300979367,94,0.5595238095238095,0.07122667279718271,31,0.2421875,7,0.041666666666666664,-0.2993895549615668,0.13017954606380794
5m,300,btc-up-or-down-5m,btc-updown-5m,50,50,60,10,180,166,170,157,253914.6926259999,155567.31632799996,66,0.39759036144578314,0.9967884689273809,101,0.5941176470588235,0.008584348672579461,46,0.2929936305732484,10,0.058823529411764705,-0.26933773210655065,0.1522661753331393
5m,300,btc-up-or-down-5m,btc-updown-5m,50,50,60,15,180,169,168,157,419493.6958949997,227548.8623249999,75,0.4437869822485207,0.9381586848977131,98,0.5833333333333334,0.018463402138528616,46,0.2929936305732484,16,0.09523809523809523,-0.2052194739117784,0.5212504768298587
5m,300,btc-up-or-down-5m,btc-updown-5m,50,50,60,30,180,176,171,167,820873.1913159993,441265.47624599974,97,0.5511363636363636,0.09995468169167643,98,0.5730994152046783,0.03307145507140595,52,0.31137724550898205,13,0.07602339181286549,-0.01016158659784056,0.77101918468111
5m,300,btc-up-or-down-5m,btc-updown-5m,50,50,60,60,180,176,180,176,1795006.7116969968,1009572.5177909991,142,0.8068181818181818,3.394879452037323e-17,107,0.5944444444444444,0.006841272467000833,84,0.4772727272727273,22,0.12222222222222222,0.4035648829766291,2.221488762861536
5m,300,btc-up-or-down-5m,btc-updown-5m,50,20,60,5,140,117,129,108,131758.78404899998,81964.918947,49,0.4188034188034188,0.9680020446766026,75,0.5813953488372093,0.038924703376678034,30,0.2777777777777778,7,0.05426356589147287,-0.2146156182562121,0.3911765443572693
5m,300,btc-up-or-down-5m,btc-updown-5m,50,20,60,10,140,134,131,126,239815.1222529999,150879.90447499996,61,0.4552238805970149,0.8693248516875245,86,0.6564885496183206,0.00021526786924221206,44,0.3492063492063492,9,0.06870229007633588,-0.1504947946688601,0.6175826424205686
5m,300,btc-up-or-down-5m,btc-updown-5m,50,20,60,15,140,136,129,125,396420.39709499973,216294.2961109999,70,0.5147058823529411,0.39855116743445035,78,0.6046511627906976,0.010851476781418207,43,0.344,15,0.11627906976744186,-0.07299243163912235,0.9168044323433321
5m,300,btc-up-or-down-5m,btc-updown-5m,50,20,60,30,140,139,131,130,754456.9025049993,402461.87673899974,89,0.6402877697841727,0.000593965192739873,80,0.6106870229007634,0.007058937606257901,50,0.38461538461538464,12,0.0916030534351145,0.14202907082611516,1.1464208471697255
5m,300,btc-up-or-down-5m,btc-updown-5m,50,20,60,60,140,139,140,139,1565328.9177579968,838763.1707999993,125,0.8992805755395683,9.446244149669932e-24,90,0.6428571428571429,0.0004565564370007907,78,0.5611510791366906,21,0.15,0.5501346616943035,2.882503871068224
5m,300,btc-up-or-down-5m,btc-updown-5m,50,10,60,5,78,73,73,68,111326.87210399997,69132.40164,42,0.5753424657534246,0.12082236157037599,41,0.5616438356164384,0.17459091908529414,26,0.38235294117647056,6,0.0821917808219178,0.05977283030544574,0.29762881845838424
5m,300,btc-up-or-down-5m,btc-updown-5m,50,10,60,10,78,77,75,74,197608.0462499999,122094.28795199997,49,0.6363636363636364,0.01101672938241106,54,0.72,8.815461501514391e-05,39,0.527027027027027,8,0.10666666666666667,0.18132080372622486,0.7044922023585979
5m,300,btc-up-or-down-5m,btc-updown-5m,50,10,60,15,78,77,74,73,319273.4988559998,173439.7931979999,53,0.6883116883116883,0.0006316134355239179,48,0.6486486486486487,0.007039990714765029,35,0.4794520547945205,13,0.17567567567567569,0.23552001308056403,1.0099938479250854
5m,300,btc-up-or-down-5m,btc-updown-5m,50,10,60,30,78,77,75,74,557931.9504599995,271503.0440319998,60,0.7792207792207793,4.454923984167437e-07,45,0.6,0.05267113443730244,34,0.4594594594594595,10,0.13333333333333333,0.38102575457031285,0.9993862350427545
5m,300,btc-up-or-down-5m,btc-updown-5m,50,10,60,60,78,77,78,77,1023933.5693309978,455144.4430449996,68,0.8831168831168831,1.2244107541551658e-12,59,0.7564102564102564,3.207531953354585e-06,50,0.6493506493506493,19,0.24358974358974358,0.4861523756890983,4.13130017671461
5m,300,btc-up-or-down-5m,btc-updown-5m,20,100,60,5,138,119,128,111,136867.67952899996,83551.249451,52,0.4369747899159664,0.9289339859624707,69,0.5390625,0.2132197482220121,31,0.27927927927927926,7,0.0546875,-0.18752738306467406,0.020091988447843833
5m,300,btc-up-or-down-5m,btc-updown-5m,20,100,60,10,138,133,130,126,252694.38755599989,156787.62139799996,66,0.49624060150375937,0.5687982543664042,81,0.6230769230769231,0.0031643422553771345,46,0.36507936507936506,10,0.07692307692307693,-0.08804559044877754,0.1814277553263465
5m,300,btc-up-or-down-5m,btc-updown-5m,20,100,60,15,138,135,128,125,417883.1560689997,229129.4241589999,75,0.5555555555555556,0.11405173903300646,75,0.5859375,0.0315043913041671,46,0.368,16,0.125,-0.005696387910995112,0.5145305555819248
5m,300,btc-up-or-down-5m,btc-updown-5m,20,100,60,30,138,136,131,129,783556.3426459993,428414.77323599975,93,0.6838235294117647,1.0844842695429111e-05,71,0.5419847328244275,0.19117716067806748,50,0.3875968992248062,13,0.09923664122137404,0.22550001622081503,0.41298164031593887
5m,300,btc-up-or-down-5m,btc-updown-5m,20,100,60,60,138,136,138,136,1545546.110595997,827159.0208459992,119,0.875,2.4636833570518014e-20,76,0.5507246376811594,0.13419498600443708,64,0.47058823529411764,21,0.15217391304347827,0.5184133353270307,0.6962663554729783
5m,300,btc-up-or-down-5m,btc-updown-5m,20,50,60,5,138,119,128,111,136867.67952899996,83551.249451,52,0.4369747899159664,0.9289339859624707,69,0.5390625,0.2132197482220121,31,0.27927927927927926,7,0.0546875,-0.18752738306467406,0.020091988447843833
5m,300,btc-up-or-down-5m,btc-updown-5m,20,50,60,10,138,133,130,126,252694.38755599989,156787.62139799996,66,0.49624060150375937,0.5687982543664042,81,0.6230769230769231,0.0031643422553771345,46,0.36507936507936506,10,0.07692307692307693,-0.08804559044877754,0.1814277553263465
5m,300,btc-up-or-down-5m,btc-updown-5m,20,50,60,15,138,135,128,125,417883.1560689997,229129.4241589999,75,0.5555555555555556,0.11405173903300646,75,0.5859375,0.0315043913041671,46,0.368,16,0.125,-0.005696387910995112,0.5145305555819248
5m,300,btc-up-or-down-5m,btc-updown-5m,20,50,60,30,138,136,131,129,783556.3426459993,428414.77323599975,93,0.6838235294117647,1.0844842695429111e-05,71,0.5419847328244275,0.19117716067806748,50,0.3875968992248062,13,0.09923664122137404,0.22550001622081503,0.41298164031593887
5m,300,btc-up-or-down-5m,btc-updown-5m,20,50,60,60,138,136,138,136,1545546.110595997,827159.0208459992,119,0.875,2.4636833570518014e-20,76,0.5507246376811594,0.13419498600443708,64,0.47058823529411764,21,0.15217391304347827,0.5184133353270307,0.6962663554729783
5m,300,btc-up-or-down-5m,btc-updown-5m,20,20,60,5,125,108,116,101,131583.51864899998,82140.184347,49,0.4537037037037037,0.8551008922974692,63,0.5431034482758621,0.20173484982765583,30,0.297029702970297,7,0.0603448275862069,-0.14916691977756308,0.09920548466409282
5m,300,btc-up-or-down-5m,btc-updown-5m,20,20,60,10,125,121,118,115,239568.3227529999,151126.70397499995,61,0.5041322314049587,0.5,75,0.635593220338983,0.0020618519223497105,44,0.3826086956521739,9,0.07627118644067797,-0.05922564037708473,0.20134643066525892
5m,300,btc-up-or-down-5m,btc-updown-5m,20,20,60,15,125,123,116,114,395937.9640949997,216776.7291109999,70,0.5691056910569106,0.07440812311919251,69,0.5948275862068966,0.025364778341441647,43,0.37719298245614036,15,0.12931034482758622,0.024983978025035443,0.5716326074586221
5m,300,btc-up-or-down-5m,btc-updown-5m,20,20,60,30,125,124,118,117,738280.3937769993,405388.82721099973,87,0.7016129032258065,4.1370794845883765e-06,67,0.5677966101694916,0.08352555708690106,48,0.41025641025641024,12,0.1016949152542373,0.2538086175834721,0.6182139296185047
5m,300,btc-up-or-down-5m,btc-updown-5m,20,20,60,60,125,124,125,124,1448832.024647997,766147.0560299994,111,0.8951612903225806,7.287661380727553e-21,75,0.6,0.01570466678335,64,0.5161290322580645,20,0.16,0.546034962013904,1.56708991450614
5m,300,btc-up-or-down-5m,btc-updown-5m,20,10,60,5,75,70,70,65,111219.76080399998,69239.51294,42,0.6,0.059804667814942467,39,0.5571428571428572,0.20148153752303988,26,0.4,6,0.08571428571428572,0.10519166588996484,0.2726527441652265
5m,300,btc-up-or-down-5m,btc-updown-5m,20,10,60,10,75,74,72,71,197467.74514999992,122234.58905199997,49,0.6621621621621622,0.0035421263369402466,52,0.7222222222222222,0.00010385801511337024,39,0.5492957746478874,8,0.1111111111111111,0.22921218766107182,0.641202345417434
5m,300,btc-up-or-down-5m,btc-updown-5m,20,10,60,15,75,74,71,70,319056.6998559998,173656.5921979999,53,0.7162162162162162,0.00012824429711846084,46,0.647887323943662,0.008497326286718189,35,0.5,13,0.18309859154929578,0.2856086622595058,0.9979454638313126
5m,300,btc-up-or-down-5m,btc-updown-5m,20,10,60,30,75,74,72,71,548487.2996629995,279165.1798349998,59,0.7972972972972973,1.2767110037205525e-07,42,0.5833333333333334,0.09725258293369954,33,0.4647887323943662,10,0.1388888888888889,0.41911109694534054,0.8567599794607521
5m,300,btc-up-or-down-5m,btc-updown-5m,20,10,60,60,75,74,75,74,974307.6122039979,434571.7767059997,65,0.8783783783783784,6.754970176386148e-12,56,0.7466666666666667,1.1214821079485135e-05,47,0.6351351351351351,18,0.24,0.48734236940111153,3.0799878123760602
5m,300,btc-up-or-down-5m,btc-updown-5m,10,100,60,5,79,75,75,71,125679.51325599996,78267.036776,47,0.6266666666666667,0.018477452013684156,42,0.56,0.17784961954074374,28,0.39436619718309857,7,0.09333333333333334,0.17990995604665558,0.05794214256413531
5m,300,btc-up-or-down-5m,btc-updown-5m,10,100,60,10,79,78,77,76,219499.8083749999,134293.03980299996,55,0.7051282051282052,0.00018889600710338133,53,0.6883116883116883,0.0006316134355239179,39,0.5131578947368421,10,0.12987012987012986,0.31631415482189545,0.5303400825335358
5m,300,btc-up-or-down-5m,btc-updown-5m,10,100,60,15,79,78,76,75,346046.96519099973,176961.7984249999,62,0.7948717948717948,7.564890688771693e-08,49,0.6447368421052632,0.007720131010453181,39,0.52,16,0.21052631578947367,0.41881403801520417,0.9535140882387215
5m,300,btc-up-or-down-5m,btc-updown-5m,10,100,60,30,79,78,77,76,559477.4757959994,266921.1369699998,63,0.8076923076923077,1.874330584716349e-08,42,0.5454545454545454,0.24719113684775001,31,0.40789473684210525,13,0.16883116883116883,0.45768546399447774,0.3807129924056001
5m,300,btc-up-or-down-5m,btc-updown-5m,10,100,60,60,79,78,79,78,957692.7641919979,403204.70011999964,65,0.8333333333333334,9.03851552704276e-10,41,0.5189873417721519,0.41107212122609277,30,0.38461538461538464,20,0.25316455696202533,0.4482780638789498,0.3229508538463955
5m,300,btc-up-or-down-5m,btc-updown-5m,10,50,60,5,79,75,75,71,125679.51325599996,78267.036776,47,0.6266666666666667,0.018477452013684156,42,0.56,0.17784961954074374,28,0.39436619718309857,7,0.09333333333333334,0.17990995604665558,0.05794214256413531
5m,300,btc-up-or-down-5m,btc-updown-5m,10,50,60,10,79,78,77,76,219499.8083749999,134293.03980299996,55,0.7051282051282052,0.00018889600710338133,53,0.6883116883116883,0.0006316134355239179,39,0.5131578947368421,10,0.12987012987012986,0.31631415482189545,0.5303400825335358
5m,300,btc-up-or-down-5m,btc-updown-5m,10,50,60,15,79,78,76,75,346046.96519099973,176961.7984249999,62,0.7948717948717948,7.564890688771693e-08,49,0.6447368421052632,0.007720131010453181,39,0.52,16,0.21052631578947367,0.41881403801520417,0.9535140882387215
5m,300,btc-up-or-down-5m,btc-updown-5m,10,50,60,30,79,78,77,76,559477.4757959994,266921.1369699998,63,0.8076923076923077,1.874330584716349e-08,42,0.5454545454545454,0.24719113684775001,31,0.40789473684210525,13,0.16883116883116883,0.45768546399447774,0.3807129924056001
5m,300,btc-up-or-down-5m,btc-updown-5m,10,50,60,60,79,78,79,78,957692.7641919979,403204.70011999964,65,0.8333333333333334,9.03851552704276e-10,41,0.5189873417721519,0.41107212122609277,30,0.38461538461538464,20,0.25316455696202533,0.4482780638789498,0.3229508538463955
5m,300,btc-up-or-down-5m,btc-updown-5m,10,20,60,5,74,71,70,67,121290.30435599996,77095.944452,45,0.6338028169014085,0.015963581041606185,40,0.5714285714285714,0.14098946089682804,28,0.417910447761194,7,0.1,0.2021174919327512,0.14658356092478178
5m,300,btc-up-or-down-5m,btc-updown-5m,10,20,60,10,74,74,72,72,209413.2429189999,130451.67872899996,52,0.7027027027027027,0.00032140367452535153,50,0.6944444444444444,0.0006467924813381441,38,0.5277777777777778,9,0.125,0.3325925214533198,0.5226623109046522
5m,300,btc-up-or-down-5m,btc-updown-5m,10,20,60,15,74,74,71,71,332879.83575099974,171664.1529209999,59,0.7972972972972973,1.2767110037205525e-07,45,0.6338028169014085,0.015963581041606185,37,0.5211267605633803,15,0.2112676056338028,0.43568481332627507,0.9281535760863396
5m,300,btc-up-or-down-5m,btc-updown-5m,10,20,60,30,74,74,72,72,537227.9790399994,259490.25291599985,61,0.8243243243243243,6.968233759160437e-09,41,0.5694444444444444,0.14439214020705243,31,0.4305555555555556,12,0.16666666666666666,0.47800980488175954,0.5308940863904071
5m,300,btc-up-or-down-5m,btc-updown-5m,10,20,60,60,74,74,74,74,923412.152122998,386831.8941369997,63,0.8513513513513513,2.660650683333852e-10,40,0.5405405405405406,0.28069037214949094,30,0.40540540540540543,19,0.25675675675675674,0.4669627850325025,0.7299736884544323
5m,300,btc-up-or-down-5m,btc-updown-5m,10,10,60,5,57,55,54,52,103849.82550299997,65368.697839,39,0.7090909090909091,0.0013336311914299015,33,0.6111111111111112,0.06683711768205264,24,0.46153846153846156,6,0.1111111111111111,0.321112694371149,0.3461882295668817
5m,300,btc-up-or-down-5m,btc-updown-5m,10,10,60,10,57,57,56,56,176270.9884029999,107222.62770099998,44,0.7719298245614035,2.3552188046976896e-05,43,0.7678571428571429,3.666609198474391e-05,35,0.625,8,0.14285714285714285,0.44689923700651785,0.7992223969979803
5m,300,btc-up-or-down-5m,btc-updown-5m,10,10,60,15,57,57,55,55,274015.3141879998,139606.23851599992,47,0.8245614035087719,3.7565215485479975e-07,37,0.6727272727272727,0.007226916766913866,31,0.5636363636363636,13,0.23636363636363636,0.47610031256706936,1.259840720773206
5m,300,btc-up-or-down-5m,btc-updown-5m,10,10,60,30,57,57,56,56,439276.5688049996,203917.95449699988,47,0.8245614035087719,3.7565215485479975e-07,34,0.6071428571428571,0.07044771179924038,26,0.4642857142857143,10,0.17857142857142858,0.48078534898220915,0.8821422739017233
5m,300,btc-up-or-down-5m,btc-updown-5m,10,10,60,60,57,57,57,57,733999.8872159985,279285.62557599985,48,0.8421052631578947,7.60097614571631e-08,38,0.6666666666666666,0.008174051948688074,30,0.5263157894736842,17,0.2982456140350877,0.4350103934315539,1.9122085763731294
5m,300,btc-up-or-down-5m,btc-updown-5m,5,100,60,5,41,41,38,38,79889.60405599998,41036.777753999995,32,0.7804878048780488,0.0002154285211872775,26,0.6842105263157895,0.016776219839812256,19,0.5,7,0.18421052631578946,0.47217624306068867,0.44037633929999265
5m,300,btc-up-or-down-5m,btc-updown-5m,5,100,60,10,41,41,39,39,125150.16572299994,56587.36825099998,32,0.7804878048780488,0.0002154285211872775,30,0.7692307692307693,0.00053250981727615,23,0.5897435897435898,10,0.2564102564102564,0.47649232394775454,1.3854711839951623
5m,300,btc-up-or-down-5m,btc-updown-5m,5,100,60,15,41,41,39,39,192072.84248999986,71186.22807799999,33,0.8048780487804879,5.611071310340776e-05,27,0.6923076923076923,0.011851351235236507,20,0.5128205128205128,15,0.38461538461538464,0.42863710013575024,1.3484321762092701
5m,300,btc-up-or-down-5m,btc-updown-5m,5,100,60,30,41,41,39,39,292400.0651629998,90143.44160499997,30,0.7317073170731707,0.002162002467230195,23,0.5897435897435898,0.1683918175949657,13,0.3333333333333333,12,0.3076923076923077,0.36578806100305145,1.6933215812796159
5m,300,btc-up-or-down-5m,btc-updown-5m,5,100,60,60,41,41,41,41,488243.9269709991,115144.51730099996,30,0.7317073170731707,0.002162002467230195,25,0.6097560975609756,0.10551179880440031,15,0.36585365853658536,17,0.4146341463414634,0.3046036307666961,1.5389777527867698
5m,300,btc-up-or-down-5m,btc-updown-5m,5,50,60,5,41,41,38,38,79889.60405599998,41036.777753999995,32,0.7804878048780488,0.0002154285211872775,26,0.6842105263157895,0.016776219839812256,19,0.5,7,0.18421052631578946,0.47217624306068867,0.44037633929999265
5m,300,btc-up-or-down-5m,btc-updown-5m,5,50,60,10,41,41,39,39,125150.16572299994,56587.36825099998,32,0.7804878048780488,0.0002154285211872775,30,0.7692307692307693,0.00053250981727615,23,0.5897435897435898,10,0.2564102564102564,0.47649232394775454,1.3854711839951623
5m,300,btc-up-or-down-5m,btc-updown-5m,5,50,60,15,41,41,39,39,192072.84248999986,71186.22807799999,33,0.8048780487804879,5.611071310340776e-05,27,0.6923076923076923,0.011851351235236507,20,0.5128205128205128,15,0.38461538461538464,0.42863710013575024,1.3484321762092701
5m,300,btc-up-or-down-5m,btc-updown-5m,5,50,60,30,41,41,39,39,292400.0651629998,90143.44160499997,30,0.7317073170731707,0.002162002467230195,23,0.5897435897435898,0.1683918175949657,13,0.3333333333333333,12,0.3076923076923077,0.36578806100305145,1.6933215812796159
5m,300,btc-up-or-down-5m,btc-updown-5m,5,50,60,60,41,41,41,41,488243.9269709991,115144.51730099996,30,0.7317073170731707,0.002162002467230195,25,0.6097560975609756,0.10551179880440031,15,0.36585365853658536,17,0.4146341463414634,0.3046036307666961,1.5389777527867698
5m,300,btc-up-or-down-5m,btc-updown-5m,5,20,60,5,39,39,36,36,75670.15035099999,39793.644225,30,0.7692307692307693,0.00053250981727615,26,0.7222222222222222,0.005665492091793567,19,0.5277777777777778,7,0.19444444444444445,0.4840897725210567,0.6323008944568501
5m,300,btc-up-or-down-5m,btc-updown-5m,5,20,60,10,39,39,37,37,118522.47106699995,55209.47697699998,30,0.7692307692307693,0.00053250981727615,29,0.7837837837837838,0.0003764485300052911,22,0.5945945945945946,9,0.24324324324324326,0.4924048609736599,1.4688288374018819
5m,300,btc-up-or-down-5m,btc-updown-5m,5,20,60,15,39,39,37,37,184002.48911699987,69175.70944499997,31,0.7948717948717948,0.00014703843771712855,26,0.7027027027027027,0.010036925959866494,19,0.5135135135135135,14,0.3783783783783784,0.43325055356591935,1.3873977876092163
5m,300,btc-up-or-down-5m,btc-updown-5m,5,20,60,30,39,39,37,37,279111.8963059998,88601.58209599997,29,0.7435897435897436,0.0016889239559532143,22,0.5945945945945946,0.1620043000439182,13,0.35135135135135137,11,0.2972972972972973,0.3688854848792222,1.516224066300449
5m,300,btc-up-or-down-5m,btc-updown-5m,5,20,60,60,39,39,39,39,471235.62918299914,110900.67806099997,29,0.7435897435897436,0.0016889239559532143,24,0.6153846153846154,0.09979543345980346,15,0.38461538461538464,16,0.41025641025641024,0.3035166040594489,1.3004994242223114
5m,300,btc-up-or-down-5m,btc-updown-5m,5,10,60,5,34,34,32,32,66630.79341299999,35375.240127,27,0.7941176470588235,0.0004106976557523012,22,0.6875,0.025051229866221547,17,0.53125,6,0.1875,0.49569125858572094,0.6472611367687736
5m,300,btc-up-or-down-5m,btc-updown-5m,5,10,60,10,34,34,33,33,105184.56326399995,49463.471067999984,27,0.7941176470588235,0.0004106976557523012,26,0.7878787878787878,0.0006593635771423578,21,0.6363636363636364,8,0.24242424242424243,0.5084415345210147,1.4620747291380636
5m,300,btc-up-or-down-5m,btc-updown-5m,5,10,60,15,34,34,33,33,160579.98027699988,60251.076792999986,28,0.8235294117647058,9.756279177963734e-05,23,0.696969696969697,0.01754101668484509,18,0.5454545454545454,12,0.36363636363636365,0.44305959727428446,1.330375226869477
5m,300,btc-up-or-down-5m,btc-updown-5m,5,10,60,30,34,34,33,33,247187.8200909998,78905.53249699998,26,0.7647058823529411,0.0014675278216600418,20,0.6060606060606061,0.1481031842995435,13,0.3939393939393939,9,0.2727272727272727,0.3831882182920947,1.1885754788829925
5m,300,btc-up-or-down-5m,btc-updown-5m,5,10,60,60,34,34,34,34,406950.8995189993,92314.195599,26,0.7647058823529411,0.0014675278216600418,22,0.6470588235294118,0.06072474247775972,15,0.4411764705882353,14,0.4117647058823529,0.3123709472357725,1.2474377308151372
5m,300,btc-up-or-down-5m,btc-updown-5m,2,100,60,5,15,15,15,15,29088.75894399999,2502.2574579999987,8,0.5333333333333333,0.5,10,0.6666666666666666,0.15087890625,4,0.26666666666666666,6,0.4,0.17165192844599192,0.35144749106073975
5m,300,btc-up-or-down-5m,btc-updown-5m,2,100,60,10,15,15,15,15,46093.244075999966,1591.5959479999972,8,0.5333333333333333,0.5,12,0.8,0.017578125,6,0.4,7,0.4666666666666667,0.11704451995837778,1.3501420298856035
5m,300,btc-up-or-down-5m,btc-updown-5m,2,100,60,15,15,15,15,15,75462.90277699995,-3513.791753000001,8,0.5333333333333333,0.5,11,0.7333333333333333,0.059234619140625,5,0.3333333333333333,9,0.6,0.06317742101764762,1.9620487314138233
5m,300,btc-up-or-down-5m,btc-updown-5m,2,100,60,30,15,15,15,15,115528.98328199994,-5530.805436000021,6,0.4,0.84912109375,10,0.6666666666666666,0.15087890625,2,0.13333333333333333,7,0.4666666666666667,0.012851417358690635,2.3568953866695157
5m,300,btc-up-or-down-5m,btc-updown-5m,2,100,60,60,15,15,15,15,183217.24551499967,-25607.218159000015,7,0.4666666666666667,0.696380615234375,9,0.6,0.303619384765625,2,0.13333333333333333,9,0.6,-0.03612093490971201,2.122356685521767
5m,300,btc-up-or-down-5m,btc-updown-5m,2,50,60,5,15,15,15,15,29088.75894399999,2502.2574579999987,8,0.5333333333333333,0.5,10,0.6666666666666666,0.15087890625,4,0.26666666666666666,6,0.4,0.17165192844599192,0.35144749106073975
5m,300,btc-up-or-down-5m,btc-updown-5m,2,50,60,10,15,15,15,15,46093.244075999966,1591.5959479999972,8,0.5333333333333333,0.5,12,0.8,0.017578125,6,0.4,7,0.4666666666666667,0.11704451995837778,1.3501420298856035
5m,300,btc-up-or-down-5m,btc-updown-5m,2,50,60,15,15,15,15,15,75462.90277699995,-3513.791753000001,8,0.5333333333333333,0.5,11,0.7333333333333333,0.059234619140625,5,0.3333333333333333,9,0.6,0.06317742101764762,1.9620487314138233
5m,300,btc-up-or-down-5m,btc-updown-5m,2,50,60,30,15,15,15,15,115528.98328199994,-5530.805436000021,6,0.4,0.84912109375,10,0.6666666666666666,0.15087890625,2,0.13333333333333333,7,0.4666666666666667,0.012851417358690635,2.3568953866695157
5m,300,btc-up-or-down-5m,btc-updown-5m,2,50,60,60,15,15,15,15,183217.24551499967,-25607.218159000015,7,0.4666666666666667,0.696380615234375,9,0.6,0.303619384765625,2,0.13333333333333333,9,0.6,-0.03612093490971201,2.122356685521767
5m,300,btc-up-or-down-5m,btc-updown-5m,2,20,60,5,14,14,14,14,28182.20333099999,2371.8518429999986,7,0.5,0.604736328125,10,0.7142857142857143,0.08978271484375,4,0.2857142857142857,6,0.42857142857142855,0.17363797035904086,0.7498237273205717
5m,300,btc-up-or-down-5m,btc-updown-5m,2,20,60,10,14,14,14,14,45157.43136299997,1490.4474329999973,7,0.5,0.604736328125,12,0.8571428571428571,0.0064697265625,6,0.42857142857142855,7,0.5,0.11768439423538513,1.9154979611416607
5m,300,btc-up-or-down-5m,btc-updown-5m,2,20,60,15,14,14,14,14,73709.78022599996,-4385.129306000002,7,0.5,0.604736328125,11,0.7857142857142857,0.0286865234375,5,0.35714285714285715,9,0.6428571428571429,0.03218864163465884,2.776667174096507
5m,300,btc-up-or-down-5m,btc-updown-5m,2,20,60,30,14,14,14,14,111941.80034899994,-8102.627173000019,5,0.35714285714285715,0.91021728515625,10,0.7142857142857143,0.08978271484375,2,0.14285714285714285,7,0.5,-0.037441158004374406,3.206005560148086
5m,300,btc-up-or-down-5m,btc-updown-5m,2,20,60,60,14,14,14,14,176448.8064509997,-30342.14682700001,6,0.42857142857142855,0.78802490234375,9,0.6428571428571429,0.21197509765625,2,0.14285714285714285,9,0.6428571428571429,-0.0886695671696501,3.8123824293927675
5m,300,btc-up-or-down-5m,btc-updown-5m,2,10,60,5,12,12,12,12,24335.74695399999,2609.2223099999987,7,0.5833333333333334,0.38720703125,8,0.6666666666666666,0.19384765625,4,0.3333333333333333,5,0.4166666666666667,0.23580801864086587,0.7725743065656507
5m,300,btc-up-or-down-5m,btc-updown-5m,2,10,60,10,12,12,12,12,40016.677765999964,2417.808753999997,7,0.5833333333333334,0.38720703125,10,0.8333333333333334,0.019287109375,6,0.5,6,0.5,0.17252829556151816,1.809355378252299
5m,300,btc-up-or-down-5m,btc-updown-5m,2,10,60,15,12,12,12,12,64916.19737399997,-1524.7092899999998,7,0.5833333333333334,0.38720703125,9,0.75,0.072998046875,5,0.4166666666666667,7,0.5833333333333334,0.07889632282843752,2.3136267285269914
5m,300,btc-up-or-down-5m,btc-updown-5m,2,10,60,30,12,12,12,12,100197.63260399995,-5267.644534000017,5,0.4166666666666667,0.80615234375,8,0.6666666666666666,0.19384765625,2,0.16666666666666666,5,0.4166666666666667,-0.008710699863419396,1.7407820711835553
5m,300,btc-up-or-down-5m,btc-updown-5m,2,10,60,60,12,12,12,12,152591.69390099973,-19765.271149000015,6,0.5,0.61279296875,7,0.5833333333333334,0.38720703125,2,0.16666666666666666,7,0.5833333333333334,-0.036008085500972814,1.5360282114087438
5m,300,btc-up-or-down-5m,btc-updown-5m,1,100,60,5,5,5,5,5,12766.958538999994,308.5935110000012,2,0.4,0.8125,5,1.0,0.03125,2,0.4,3,0.6,0.11250628049932923,0.37660859083005405
5m,300,btc-up-or-down-5m,btc-updown-5m,1,100,60,10,5,5,5,5,21120.06047099998,-10.619229000002406,2,0.4,0.8125,4,0.8,0.1875,2,0.4,2,0.4,0.06506291791037144,2.139850426916971
5m,300,btc-up-or-down-5m,btc-updown-5m,1,100,60,15,5,5,5,5,38183.19445899996,-3344.400511000001,2,0.4,0.8125,4,0.8,0.1875,2,0.4,4,0.8,-0.039948670475330454,3.2493931153132514
5m,300,btc-up-or-down-5m,btc-updown-5m,1,100,60,30,5,5,5,5,53050.13403399997,-6731.419946,1,0.2,0.96875,3,0.6,0.5,0,0.0,3,0.6,-0.09890046613446296,5.472244523719993
5m,300,btc-up-or-down-5m,btc-updown-5m,1,100,60,60,5,5,5,5,76423.07535599986,-15103.798285999997,1,0.2,0.96875,4,0.8,0.1875,1,0.2,4,0.8,-0.16627770682332726,7.944999148471503
5m,300,btc-up-or-down-5m,btc-updown-5m,1,50,60,5,5,5,5,5,12766.958538999994,308.5935110000012,2,0.4,0.8125,5,1.0,0.03125,2,0.4,3,0.6,0.11250628049932923,0.37660859083005405
5m,300,btc-up-or-down-5m,btc-updown-5m,1,50,60,10,5,5,5,5,21120.06047099998,-10.619229000002406,2,0.4,0.8125,4,0.8,0.1875,2,0.4,2,0.4,0.06506291791037144,2.139850426916971
5m,300,btc-up-or-down-5m,btc-updown-5m,1,50,60,15,5,5,5,5,38183.19445899996,-3344.400511000001,2,0.4,0.8125,4,0.8,0.1875,2,0.4,4,0.8,-0.039948670475330454,3.2493931153132514
5m,300,btc-up-or-down-5m,btc-updown-5m,1,50,60,30,5,5,5,5,53050.13403399997,-6731.419946,1,0.2,0.96875,3,0.6,0.5,0,0.0,3,0.6,-0.09890046613446296,5.472244523719993
5m,300,btc-up-or-down-5m,btc-updown-5m,1,50,60,60,5,5,5,5,76423.07535599986,-15103.798285999997,1,0.2,0.96875,4,0.8,0.1875,1,0.2,4,0.8,-0.16627770682332726,7.944999148471503
5m,300,btc-up-or-down-5m,btc-updown-5m,1,20,60,5,5,5,5,5,12766.958538999994,308.5935110000012,2,0.4,0.8125,5,1.0,0.03125,2,0.4,3,0.6,0.11250628049932923,0.37660859083005405
5m,300,btc-up-or-down-5m,btc-updown-5m,1,20,60,10,5,5,5,5,21120.06047099998,-10.619229000002406,2,0.4,0.8125,4,0.8,0.1875,2,0.4,2,0.4,0.06506291791037144,2.139850426916971
5m,300,btc-up-or-down-5m,btc-updown-5m,1,20,60,15,5,5,5,5,38183.19445899996,-3344.400511000001,2,0.4,0.8125,4,0.8,0.1875,2,0.4,4,0.8,-0.039948670475330454,3.2493931153132514
5m,300,btc-up-or-down-5m,btc-updown-5m,1,20,60,30,5,5,5,5,53050.13403399997,-6731.419946,1,0.2,0.96875,3,0.6,0.5,0,0.0,3,0.6,-0.09890046613446296,5.472244523719993
5m,300,btc-up-or-down-5m,btc-updown-5m,1,20,60,60,5,5,5,5,76423.07535599986,-15103.798285999997,1,0.2,0.96875,4,0.8,0.1875,1,0.2,4,0.8,-0.16627770682332726,7.944999148471503
5m,300,btc-up-or-down-5m,btc-updown-5m,1,10,60,5,3,3,3,3,8920.502161999993,545.9639780000011,2,0.6666666666666666,0.5,3,1.0,0.125,2,0.6666666666666666,2,0.6666666666666666,0.3204320137201549,0.21880081681669197
5m,300,btc-up-or-down-5m,btc-updown-5m,1,10,60,10,3,3,3,3,15979.30687399998,916.7420919999975,2,0.6666666666666666,0.5,2,0.6666666666666666,0.5,2,0.6666666666666666,1,0.3333333333333333,0.24935753899822777,1.8648484058763974
5m,300,btc-up-or-down-5m,btc-updown-5m,1,10,60,15,3,3,3,3,29389.611606999977,-483.98049499999956,2,0.6666666666666666,0.5,2,0.6666666666666666,0.5,2,0.6666666666666666,2,0.6666666666666666,0.09879051289312472,1.7123819605130188
5m,300,btc-up-or-down-5m,btc-updown-5m,1,10,60,30,3,3,3,3,41305.96628899998,-3896.437306999999,1,0.3333333333333333,0.875,1,0.3333333333333333,0.875,0,0.0,1,0.3333333333333333,-0.024951505657368634,1.122176543576475
5m,300,btc-up-or-down-5m,btc-updown-5m,1,10,60,60,3,3,3,3,52565.9628059999,-4526.922607999999,1,0.3333333333333333,0.875,2,0.6666666666666666,0.5,1,0.3333333333333333,2,0.6666666666666666,-0.007370539917736216,1.594660089254565
