market_timeframe,market_duration_seconds,series_slug,slug_prefix,slug,condition_id,start_epoch,end_epoch,start_utc,end_utc,closed,price_to_beat,settlement_final_price,final_price_source,chainlink_start_price,start_price_lag_s,chainlink_end_price,end_price_lag_s,rtds_end_price,rtds_end_price_lag_s,final_vs_rtds_end_delta_usd,final_vs_rtds_end_delta_bps,winner,margin_usd_signed,margin_usd_abs,margin_bps_abs,market_volume,last_trade_price,best_bid,best_ask,late_trade_raw_count_300s,late_trade_unique_count_300s,duplicate_late_trades_300s,late_trade_fetch_status,price_minus_5s,price_minus_5s_lag_s,margin_minus_5s_signed,margin_minus_5s_bps_abs,side_minus_5s,flipped_to_winner_5s,aligned_final_5s_bps,trades_5s,gross_notional_5s,pro_notional_5s,anti_notional_5s,net_pro_notional_5s,pro_share_5s,pro_trade_share_5s,net_pro_share_5s,largest_signed_second_notional_5s,price_minus_10s,price_minus_10s_lag_s,margin_minus_10s_signed,margin_minus_10s_bps_abs,side_minus_10s,flipped_to_winner_10s,aligned_final_10s_bps,trades_10s,gross_notional_10s,pro_notional_10s,anti_notional_10s,net_pro_notional_10s,pro_share_10s,pro_trade_share_10s,net_pro_share_10s,largest_signed_second_notional_10s,price_minus_15s,price_minus_15s_lag_s,margin_minus_15s_signed,margin_minus_15s_bps_abs,side_minus_15s,flipped_to_winner_15s,aligned_final_15s_bps,trades_15s,gross_notional_15s,pro_notional_15s,anti_notional_15s,net_pro_notional_15s,pro_share_15s,pro_trade_share_15s,net_pro_share_15s,largest_signed_second_notional_15s,price_minus_30s,price_minus_30s_lag_s,margin_minus_30s_signed,margin_minus_30s_bps_abs,side_minus_30s,flipped_to_winner_30s,aligned_final_30s_bps,trades_30s,gross_notional_30s,pro_notional_30s,anti_notional_30s,net_pro_notional_30s,pro_share_30s,pro_trade_share_30s,net_pro_share_30s,largest_signed_second_notional_30s,price_minus_60s,price_minus_60s_lag_s,margin_minus_60s_signed,margin_minus_60s_bps_abs,side_minus_60s,flipped_to_winner_60s,aligned_final_60s_bps,trades_60s,gross_notional_60s,pro_notional_60s,anti_notional_60s,net_pro_notional_60s,pro_share_60s,pro_trade_share_60s,net_pro_share_60s,largest_signed_second_notional_60s,post_close_price_plus_15s,post_close_price_plus_15s_lag_s,post_close_aligned_move_15s_bps,post_close_reversion_15s_bps,post_close_price_plus_60s,post_close_price_plus_60s_lag_s,post_close_aligned_move_60s_bps,post_close_reversion_60s_bps,post_close_price_plus_300s,post_close_price_plus_300s_lag_s,post_close_aligned_move_300s_bps,post_close_reversion_300s_bps,prior_risk_lookback_seconds,prior_risk_margin_bps_abs,prior_risk_side,prior_risk_aligned_final_move_bps,pressure_windows_seconds,max_late_net_pro_share,max_late_gross_notional,max_late_aligned_final_bps
5m,300,btc-up-or-down-5m,btc-updown-5m,btc-updown-5m-1780768500,0xc1a70b2472497431d6c187ecd2806ae12cc59c37d1c5dfabc410b45bf1b20868,1780768500,1780768800,2026-06-06T17:55:00Z,2026-06-06T18:00:00Z,True,60558.7728,60554.038198179966,gamma_finalPrice,60558.7728,0,60554.038198179966,0,60554.038198179966,0,0.0,0.0,Down,-4.7346018200332765,4.7346018200332765,0.7818193138869678,89521.07155399994,0.01,0.49,0.5,3146,3146,0,ok,60554.29286148846,0,-4.47993851154024,0.739767056762458,Down,0,0.04205545667525865,75,1399.9249869999994,1234.372098,165.55288899999996,1068.819209,0.8817416000590327,0.6266666666666667,0.7634832001180649,591.1649899999999,60555.87660345112,0,-2.896196548877924,0.4782455811056205,Down,0,0.30359286014007164,192,2484.701301,2177.1992290000017,307.502072,1869.697156999999,0.8762418356378531,0.7083333333333334,0.7524836712757044,591.1649899999999,60564.60706549289,0,5.834265492892882,0.9634055023144198,Up,1,1.7452089753390339,290,3068.8705500000005,2496.1734100000017,572.69714,1923.4762700000013,0.8133850448660994,0.6517241379310345,0.6267700897321984,591.1649899999999,60549.103723852975,0,-9.669076147023588,1.5966433433115388,Down,0,-0.8149209428266815,524,5459.051730999997,3401.7962660000007,2057.255464999998,1344.5408010000028,0.6231478347571648,0.5248091603053435,0.24629566951432935,591.1649899999999,60574.42465052539,0,15.651850525391637,2.5845719458488827,Up,1,3.3660878803320307,885,8707.656337999982,5545.021636000001,3162.634702000001,2382.3869340000024,0.6367984014024156,0.5480225988700564,0.2735968028048292,591.1649899999999,60555.98728959829,0,-0.32187119285073407,0.32187119285073407,60570.62057450046,0,-2.7380678042145052,2.7380678042145052,60553.773630726006,0,0.043691228495284014,-0.043691228495284014,60,2.5845719458488827,Up,3.3660878803320307,15;60,0.6267700897321984,8707.656337999982,3.3660878803320307
5m,300,btc-up-or-down-5m,btc-updown-5m,btc-updown-5m-1780762500,0x80b2086ac0d1fc073b59f4a5c490635f165f16818a66a2cd3efc0a6ffad8e21e,1780762500,1780762800,2026-06-06T16:15:00Z,2026-06-06T16:20:00Z,True,60754.61260238204,60747.92999969163,gamma_finalPrice,60754.61260238204,0,60747.92999969163,0,60747.92999969163,0,0.0,0.0,Down,-6.682602690409112,6.682602690409112,1.099933388456353,86029.51626899988,0.01,0.45,0.46,3309,3309,0,truncated_http_400_at_offset_3500,60746.317586077705,0,-8.29501630433515,1.3653311162764163,Down,0,-0.2654304456477554,101,1482.6554919999999,1324.8886929999999,157.766799,1167.1218939999999,0.8935917346603671,0.8415841584158416,0.7871834693207341,672.0395160000002,60748.310996942615,0,-6.301605439424748,1.0372225530704278,Down,0,0.06271753724390276,151,2054.152668999999,1784.0879719999994,270.064697,1514.0232749999996,0.8685274463404551,0.7748344370860927,0.7370548926809102,672.0395160000002,60746.77780104485,0,-7.834801337186946,1.2895813176298259,Down,0,-0.18967059021248459,283,3578.6257189999983,2876.430641999997,702.1950769999997,2174.2355649999986,0.8037807996315913,0.6784452296819788,0.6075615992631834,672.0395160000002,60752.12151738577,0,-2.49108499626891,0.41002401127502874,Down,0,0.6899614680767382,481,6831.629748999999,5192.661514999996,1638.9682339999977,3553.6932809999935,0.7600911796720378,0.6424116424116424,0.5201823593440754,712.3253989999998,60770.69974076488,0,16.08713838284166,2.6478875749116244,Up,1,3.7475309569183373,946,12428.394986999974,8024.417737999985,4403.977248999994,3620.440488999996,0.6456519724705786,0.5655391120507399,0.2913039449411573,969.1105850000001,60734.984955237625,0,2.13117120342488,-2.13117120342488,60708.0189929529,0,6.572096057261873,-6.572096057261873,60689.61911,0,9.603437256534939,-9.603437256534939,60,2.6478875749116244,Up,3.7475309569183373,30;60,0.5201823593440754,12428.394986999974,3.7475309569183373
5m,300,btc-up-or-down-5m,btc-updown-5m,btc-updown-5m-1780636200,0xe470f67d07a4f296a61bbb81c7a0f907406f147e556efec61350366a1d4b7a11,1780636200,1780636500,2026-06-05T05:10:00Z,2026-06-05T05:15:00Z,True,63325.22659196711,63314.199783347154,gamma_finalPrice,63325.22659196711,0,63314.199783347154,0,63314.199783347154,0,0.0,0.0,Down,-11.026808619957592,11.026808619957592,1.7412979334457457,82456.45630099994,0.01,0.23,0.24,2512,2512,0,ok,63313.23414406911,0,-11.992447898002865,1.8937868118934016,Down,0,-0.15251659898826156,93,2436.928149999999,2412.0261499999997,24.901999999999997,2387.12415,0.9897813975352538,0.9139784946236559,0.9795627950705076,2226.5589609999997,63314.57385573714,0,-10.652736229974835,1.6822263106321278,Down,0,0.05908173620190551,118,2654.525294999999,2549.8760949999996,104.6492,2445.226895,0.9605770567727819,0.8813559322033898,0.9211541135455636,2226.5589609999997,63315.77720104362,0,-9.44939092349523,1.4922000965558169,Down,0,0.24913811628292265,170,3141.8732380000006,2940.4426430000003,201.43059500000004,2739.0120479999996,0.9358883762197155,0.8411764705882353,0.8717767524394309,2226.5589609999997,63322.53694553266,0,-2.689646434453607,0.42473538259629257,Down,0,1.3167051541132058,378,5666.639354999996,4597.443001999999,1069.1963529999998,3528.2466489999965,0.8113173812523318,0.6349206349206349,0.6226347625046625,2226.5589609999997,63282.92513236387,0,-42.30145960324444,6.680032884179278,Down,0,-4.940815463278036,596,8677.16156199999,6062.531028999992,2614.6305329999986,3447.900495999994,0.6986767488057056,0.6560402684563759,0.39735349761141137,2226.5589609999997,63344.6106798897,0,-4.802018432938554,4.802018432938554,63287.553631334085,0,4.2094444488856615,-4.2094444488856615,,,,,60,6.680032884179278,Down,-4.940815463278036,15;30,0.8717767524394309,5666.639354999996,1.3167051541132058
5m,300,btc-up-or-down-5m,btc-updown-5m,btc-updown-5m-1780781100,0x9fd210f8d4418a045ec3438837bf5b34332f50edc0d8120eb72eaa4b72c7a797,1780781100,1780781400,2026-06-06T21:25:00Z,2026-06-06T21:30:00Z,True,60877.41158214286,60864.64455691982,gamma_finalPrice,60877.41158214286,0,60864.64455691982,0,60864.64455691982,0,0.0,0.0,Down,-12.767025223038218,12.767025223038218,2.097169523347994,70166.87591300007,0.01,0.25,0.26,2159,2159,0,ok,60865.323538524084,0,-12.088043618772645,1.9856369225656147,Down,0,0.1115553737340165,96,5199.828550999999,5152.895752999999,46.932798,5105.962955,0.9909741643325963,0.8333333333333334,0.9819483286651928,4151.560069000001,60872.552620801944,0,-4.858961340913083,0.7981550487501936,Down,0,1.2992025570789638,173,6269.189831,6149.073437,120.11639399999999,6028.957043000001,0.9808402046774775,0.8265895953757225,0.961680409354955,4151.560069000001,60870.22067345601,0,-7.190908686847251,1.1812113064538634,Down,0,0.9161083851435201,206,7060.827900999995,6750.9322109999985,309.89569000000006,6441.036521000003,0.9561105731020427,0.7815533980582524,0.9122211462040855,4151.560069000001,60865.7919508065,0,-11.61963133635436,1.9086933945402402,Down,0,0.18851388685293596,331,8660.19229499999,8077.710427999996,582.4818670000002,7495.2285610000035,0.9327403079333131,0.7039274924471299,0.8654806158666264,4151.560069000001,60869.851326659824,0,-7.560255483032961,1.2418818879695286,Down,0,0.8554304522130652,567,11886.994879999971,10615.012557999979,1271.9823219999992,9343.03023599999,0.8929937856589709,0.6402116402116402,0.7859875713179421,4151.560069000001,60873.92953107579,0,-1.525395585340183,1.525395585340183,60897.356748356986,0,-5.37313642573372,5.37313642573372,60962.26161195331,0,-16.02553639336151,16.02553639336151,60,1.2418818879695286,Down,0.8554304522130652,15;30;60,0.9122211462040855,11886.994879999971,0.9161083851435201
5m,300,btc-up-or-down-5m,btc-updown-5m,btc-updown-5m-1780663500,0xacbac43898802de76bef702fd1211222fd1ca6fd68a02434b90952c4b387f7d6,1780663500,1780663800,2026-06-05T12:45:00Z,2026-06-05T12:50:00Z,True,61929.56150029209,61915.06976064451,gamma_finalPrice,61929.5615002921,0,61915.06976064451,0,61915.06976064451,0,0.0,0.0,Down,-14.49173964757938,14.49173964757938,2.340035888597569,20603.22496699999,0.01,0.5,0.51,486,486,0,ok,61926.34027285269,0,-3.2212274393968983,0.5201437506354224,Down,0,1.820152441134301,111,1687.6153319999999,1552.5541449999998,135.06118700000002,1417.4929580000005,0.9199692107324372,0.7837837837837838,0.8399384214648749,1075.7605509999999,61927.80810851153,0,-1.7533917805631063,0.28312678760931265,Down,0,2.057178923990526,195,2615.6718010000004,2180.624036999999,435.047764,1745.5762730000013,0.8336764712477774,0.6666666666666666,0.6673529424955562,1075.7605509999999,61932.636890043614,0,3.075389751524199,0.4965947888246704,Up,1,2.836892178628391,394,4267.872291000002,2695.3189060000004,1572.5533849999981,1122.7655210000028,0.6315369163420919,0.5304568527918782,0.2630738326841847,1075.7605509999999,61935.47845337636,0,5.916953084270062,0.9554327434148157,Up,1,3.295696823450079,486,5080.606256999999,3328.7950850000007,1751.8111719999972,1576.983913000004,0.6551964306255039,0.5452674897119342,0.31039286125100807,1075.7605509999999,61942.76936811706,0,13.207867824967252,2.1327242604333563,Up,1,4.472806586840418,486,5080.606256999999,3328.7950850000007,1751.8111719999972,1576.983913000004,0.6551964306255039,0.5452674897119342,0.31039286125100807,1075.7605509999999,61928.09290807487,0,-2.1031677805590827,2.1031677805590827,61839.10977576836,0,12.275948125540319,-12.275948125540319,61877.95698883744,0,5.99593917257598,-5.99593917257598,60,2.1327242604333563,Up,4.472806586840418,15;30;60,0.31039286125100807,5080.606256999999,4.472806586840418
5m,300,btc-up-or-down-5m,btc-updown-5m,btc-updown-5m-1780764600,0xbc8eb427cc9ebcc9a3b1e56f829e6a21148ae08651d6d157c19eec5e0621d2b4,1780764600,1780764900,2026-06-06T16:50:00Z,2026-06-06T16:55:00Z,True,60807.07968992718,60791.42405003302,gamma_finalPrice,60807.07968992718,0,60791.42405003302,0,60791.42405003302,0,0.0,0.0,Down,-15.65563989416114,15.65563989416114,2.5746409750301704,59086.1028389999,0.01,0.5,0.51,2544,2544,0,ok,60794.12074100268,0,-12.958948924504512,2.1311579162469116,Down,0,0.443587430517903,108,2844.995211999999,2189.524512,655.4706999999999,1534.0538119999992,0.7696056931008997,0.9074074074074074,0.5392113862017985,942.455992,60795.63929851902,0,-11.440391408163123,1.8814242464037043,Down,0,0.6933712142721781,160,3208.585662,2493.521467,715.0641949999999,1778.4572719999987,0.7771403757522619,0.80625,0.5542807515045234,942.455992,60795.435633185436,0,-11.644056741744862,1.9149179340828835,Down,0,0.6598711677104193,215,3952.890698999999,3194.788505999999,758.1021929999999,2436.6863129999974,0.8082157462153495,0.7953488372093023,0.6164314924306987,942.455992,60800.99777436343,0,-6.081915563750954,1.0001985944341338,Down,0,1.5747238531068717,324,4671.694237999999,3637.226958,1034.46728,2602.7596779999976,0.7785669979029138,0.7438271604938271,0.557133995805827,942.455992,60812.731750658444,0,5.652060731263191,0.9295070179467058,Up,1,3.504436292196792,577,6760.656531999993,5013.432078999998,1747.2244529999991,3266.2076259999976,0.741559943959597,0.6707105719237435,0.48311988791919314,942.455992,60739.883910332384,0,8.48178854576377,-8.48178854576377,60725.05050885381,0,10.924205630701522,-10.924205630701522,60749.20669885853,0,6.947035343201438,-6.947035343201438,60,0.9295070179467058,Up,3.504436292196792,15;30;60,0.6164314924306987,6760.656531999993,3.504436292196792
5m,300,btc-up-or-down-5m,btc-updown-5m,btc-updown-5m-1780715100,0x245d09cafec05b2a511e8f8455e2fddd615cce489465d32fc43cb62fce2dfd9f,1780715100,1780715400,2026-06-06T03:05:00Z,2026-06-06T03:10:00Z,True,60813.1906538041,60795.6108256797,gamma_finalPrice,,,,,,,,,Down,-17.579828124398773,17.579828124398773,2.8907919376368203,,,0.5,0.51,3195,3195,0,ok,,,,,,,,91,1582.9573140000005,1531.3544150000002,51.60289900000001,1479.7515160000003,0.9674009535547083,0.8461538461538461,0.9348019071094168,995.587914,60795.43931196269,-1,-17.751341841409157,2.918995311800622,Down,0,-0.028211569325251762,141,2138.6894589999997,2048.4671649999996,90.22229399999998,1958.2448710000003,0.9578142148593252,0.7730496453900709,0.9156284297186507,995.587914,60796.92816477603,0,-16.262489028071286,2.674171319286633,Down,0,0.21668090942341459,212,2445.8094869999995,2258.1103989999983,187.69908799999996,2070.411311000001,0.9232568648549031,0.7075471698113207,0.8465137297098078,995.587914,60792.78091049888,-1,-20.409743305222946,3.356137555980421,Down,0,-0.46549101290438694,438,4602.431841000003,3739.0830699999997,863.348771,2875.7342990000006,0.8124146536383214,0.6461187214611872,0.6248293072766439,995.587914,60786.87264264514,0,-26.31801115896087,4.327681359260267,Down,0,-1.4374082187391513,771,7018.465190999985,5589.790443999994,1428.6747469999987,4161.115696999998,0.7964405738120596,0.6498054474708171,0.5928811476241184,995.587914,,,,,,,,,,,,,60,4.327681359260267,Down,-1.4374082187391513,15,0.8465137297098078,2445.8094869999995,0.21668090942341459
5m,300,btc-up-or-down-5m,btc-updown-5m,btc-updown-5m-1780780500,0xbcdb944cd709578c08510b2d83f3d8067541602dfb7a7ea42369781dab75b630,1780780500,1780780800,2026-06-06T21:15:00Z,2026-06-06T21:20:00Z,True,60826.705794626374,60845.16286,gamma_finalPrice,60826.705794626374,0,60845.16286,0,60845.16286,0,0.0,0.0,Up,18.457065373622754,18.457065373622754,3.0343687254642204,81099.56026800012,0.99,0.57,0.58,3292,3292,0,truncated_http_400_at_offset_3500,60845.053982161095,0,18.348187534720637,3.016469048426025,Up,0,0.017894263274759854,337,3445.5104159999973,2674.7419189999996,770.7684970000007,1903.9734220000003,0.776297731267692,0.5370919881305638,0.5525954625353835,857.2008150000001,60828.79540949196,0,2.0896148655883735,0.34353576086196286,Up,0,2.6903785887365896,488,6143.891242999993,5037.739550999997,1106.1516920000001,3931.5878589999984,0.8199591027493719,0.6086065573770492,0.6399182054987432,1511.1052659999998,60823.111804115295,0,-3.593990511079028,0.5908573321747325,Down,1,3.6247832373745505,601,7739.8454809999885,6208.712811999999,1531.1326689999992,4677.580143000006,0.8021752924191237,0.6139767054908486,0.6043505848382469,1511.1052659999998,60820.22200292322,0,-6.483791703154566,1.0659449033860657,Down,1,4.099910168243413,696,8501.570936999982,6457.245901,2044.325035999997,4412.920865000015,0.7595356139295617,0.603448275862069,0.5190712278591229,1511.1052659999998,60821.79180841555,0,-4.91398621082044,0.8078665689067378,Down,1,3.8418076519775717,1097,11491.411707000003,7680.043670999982,3811.3680360000017,3868.675635000009,0.6683289979351864,0.5733819507748404,0.33665799587037704,1511.1052659999998,60838.51057575163,0,-1.093373345358196,1.093373345358196,60853.13304097226,0,1.3098262263501583,-1.3098262263501583,60877.41158214286,0,5.298725079581615,-5.298725079581615,60,0.8078665689067378,Down,3.8418076519775717,15;30;60,0.6043505848382469,11491.411707000003,4.099910168243413
5m,300,btc-up-or-down-5m,btc-updown-5m,btc-updown-5m-1780778100,0x86d6d28acb122deb6f3981a0da8eb25025d55f818ef04f813d145bd4c3100ec0,1780778100,1780778400,2026-06-06T20:35:00Z,2026-06-06T20:40:00Z,True,60662.09470768558,60643.12098858339,gamma_finalPrice,60662.09470768558,0,60643.12098858339,0,60643.12098858339,0,0.0,0.0,Down,-18.973719102192263,18.973719102192263,3.127771830765413,56586.42261700004,0.01,0.5,0.51,2461,2461,0,ok,60642.98225919748,0,-19.1124484881002,3.150641035427144,Down,0,-0.02287638603142009,81,1077.5430500000007,978.7905500000003,98.75250000000001,880.0380500000002,0.9083540096147431,0.8148148148148148,0.8167080192294867,478.5310690000001,60641.627854801525,0,-20.466852884055697,3.373911333375478,Down,0,-0.24621954469557256,137,1779.874976,1619.0825769999997,160.79239900000002,1458.290178,0.909660846313286,0.8248175182481752,0.8193216926265724,478.5310690000001,60640.37546327678,0,-21.719244408799568,3.580365055552203,Down,0,-0.45274507866227937,214,2598.617979,2102.2360819999985,496.3818969999999,1605.8541849999983,0.8089823509991186,0.7476635514018691,0.6179647019982379,478.5310690000001,60634.88515462151,0,-27.20955306407268,4.485429195148674,Down,0,-1.358174369194837,338,5293.6822639999955,4650.133869999996,643.5483939999999,4006.585475999995,0.8784308611840025,0.7810650887573964,0.7568617223680048,860.007331,60644.600993129956,0,-17.493714555625047,2.8837966509271697,Down,0,0.2440485355748629,652,8614.879447999985,6724.137377999988,1890.7420699999993,4833.395307999997,0.7805259979071502,0.7147239263803681,0.5610519958143012,860.007331,60644.36416144866,0,-0.20499606596442962,0.20499606596442962,60631.407293052274,0,1.9317651832607867,-1.9317651832607867,60706.380932077045,0,-10.426074804240956,10.426074804240956,60,2.8837966509271697,Down,0.2440485355748629,60,0.5610519958143012,8614.879447999985,0.2440485355748629
5m,300,btc-up-or-down-5m,btc-updown-5m,btc-updown-5m-1780782000,0x1a0e9e1af94956a9d6f795f51f1378c6f4044d5cbfae7371555be66cddfad41e,1780782000,1780782300,2026-06-06T21:40:00Z,2026-06-06T21:45:00Z,True,60773.68066210158,60794.006057366096,gamma_finalPrice,60773.68066210157,0,60794.006057366096,0,60794.006057366096,0,0.0,0.0,Up,20.325395264517283,20.325395264517283,3.34444039641525,55628.527078000036,0.99,0.49,0.51,2006,2006,0,ok,60795.45688944042,0,21.776227338843455,3.5831674339288613,Up,0,-0.23864437579272965,20,150.35130800000002,141.357908,8.9934,132.364508,0.9401840920466086,0.85,0.8803681840932172,131.057942,60799.82308991454,0,26.142427812963433,4.301603511282119,Up,0,-0.956797329877606,60,928.0161389999998,805.3190389999999,122.69709999999999,682.6219390000001,0.8677855967761354,0.6166666666666667,0.735571193552271,439.012014,60832.07558,0,58.3949178984185,9.608586687893913,Up,0,-6.260092138897772,73,976.1631389999995,805.3190389999999,170.84409999999997,634.4749390000004,0.8249840695941298,0.5068493150684932,0.6499681391882599,439.012014,60830.49165528955,0,56.81099318797351,9.347959934143137,Up,0,-5.9997121803731766,110,4435.843537,3999.247337,436.5961999999999,3562.6511370000007,0.9015753832707829,0.4636363636363636,0.8031507665415659,3027.319998,60790.21796225555,0,16.537300153970136,2.721128615842217,Up,0,0.6231228010566338,373,10357.462635999998,9544.829750000003,812.6328860000003,8732.196864000007,0.9215413161930719,0.6407506702412868,0.8430826323861438,3027.319998,60790.45383825108,0,-0.5843212395859143,0.5843212395859143,60732.37166712969,0,-10.143377376172593,10.143377376172593,60825.936980952385,0,5.250935582152951,-5.250935582152951,60,2.721128615842217,Up,0.6231228010566338,60,0.8430826323861438,10357.462635999998,0.6231228010566338
5m,300,btc-up-or-down-5m,btc-updown-5m,btc-updown-5m-1780605900,0x9695b3370669729d7201492de637f9876d874b6360bd79795dacd033ee03ea6b,1780605900,1780606200,2026-06-04T20:45:00Z,2026-06-04T20:50:00Z,True,63495.860635,63474.2212327656,gamma_finalPrice,63495.860635,0,63474.2212327656,0,63474.2212327656,0,0.0,0.0,Down,-21.639402234395675,21.639402234395675,3.408002036351275,99443.12380899994,0.01,0.56,0.57,3325,3325,0,ok,63488.64317728326,0,-7.217457716738863,1.136681611141196,Down,0,2.271836673927655,85,1353.8251760000003,1214.87878,138.946396,1075.932384,0.8973675490283538,0.7529411764705882,0.7947350980567078,526.596759,63491.462427958155,0,-4.398207041842397,0.692676183590152,Down,0,2.7158827175063176,137,1752.1598209999993,1575.351327999999,176.80849299999997,1398.542834999999,0.8990911155016148,0.7664233576642335,0.7981822310032297,526.596759,63498.88300818783,0,3.0223731878359104,0.47599531018403535,Up,1,3.8845668741866812,258,3361.158265000002,2816.7065009999997,544.4517639999999,2272.254736999998,0.8380166237128969,0.6666666666666666,0.6760332474257937,581.131101,63469.93570059186,0,-25.92493440813996,4.082932989469505,Down,0,-0.6751838412891832,706,7269.32365299999,4723.868363000001,2545.455290000001,2178.413072999995,0.6498360216841493,0.5169971671388102,0.2996720433682963,-668.9322920000001,63445.41464284772,0,-50.44599215227936,7.944768627086325,Down,0,-4.539343374853254,1062,10781.887699999976,7588.811936999998,3193.0757630000044,4395.736173999987,0.7038481709469127,0.5527306967984934,0.40769634189382226,-668.9322920000001,63473.23044831485,0,0.1560936336501659,-0.1560936336501659,63476.18562816532,0,-0.30947445517598793,0.30947445517598793,63503.00734720149,0,-4.534059413795059,4.534059413795059,60,7.944768627086325,Down,-4.539343374853254,15,0.6760332474257937,3361.158265000002,3.8845668741866812
5m,300,btc-up-or-down-5m,btc-updown-5m,btc-updown-5m-1780779300,0x28e3951613c273e9db21fd9acb591736af9399ec0e82c46eedb4a5cf2061439d,1780779300,1780779600,2026-06-06T20:55:00Z,2026-06-06T21:00:00Z,True,60661.19336151892,60682.76467787514,gamma_finalPrice,60661.19336151892,0,60682.76467787514,0,60682.76467787514,0,0.0,0.0,Up,21.57131635621772,21.57131635621772,3.556032310089982,56486.890133999885,0.999,0.98,0.99,2267,2267,0,ok,60675.04551188073,0,13.852150361810345,2.2835275064993374,Up,0,1.2721333703610265,109,1154.3257780000001,1120.978479,33.347299,1087.63118,0.971111015940597,0.908256880733945,0.9422220318811939,482.6612919999998,60666.30624155529,0,5.112880036373099,0.8428584656919245,Up,0,2.7125772444845673,194,1762.9360349999993,1474.9808549999998,287.95518000000004,1187.0256749999999,0.8366615836972215,0.6855670103092784,0.6733231673944429,482.6612919999998,60672.92205328377,0,11.728691764852556,1.9334752771765908,Up,0,1.6221118067174194,240,2019.8810009999988,1675.9468329999995,343.9341680000001,1332.0126649999997,0.8297255294595449,0.6708333333333333,0.6594510589190895,482.6612919999998,60684.76557615873,0,23.572214639811136,3.8858804671594913,Up,0,-0.32972546769088124,336,2572.6396159999995,1903.2814549999987,669.3581610000001,1233.9232939999993,0.7398165849437028,0.6458333333333334,0.47963316988740623,482.6612919999998,60718.839275174985,0,57.645913656066114,9.502931027505044,Up,0,-5.943018409472757,743,14456.633941,12380.495916000003,2076.1380249999993,10304.357891000012,0.8563885595033345,0.5827725437415882,0.7127771190066694,4137.019101000002,60685.42130294924,0,0.4377794811816137,-0.4377794811816137,60691.54194178633,0,1.4463133377962722,-1.4463133377962722,60688.939589186724,0,1.0175207399778992,-1.0175207399778992,60,9.502931027505044,Up,-5.943018409472757,15,0.6594510589190895,2019.8810009999988,1.6221118067174194
5m,300,btc-up-or-down-5m,btc-updown-5m,btc-updown-5m-1780757100,0x50ed161538e8e144e7a9841c1d1235e3a18fed072fb19f59d90651e001251c1b,1780757100,1780757400,2026-06-06T14:45:00Z,2026-06-06T14:50:00Z,True,60925.8585780219,60947.7388768966,gamma_finalPrice,,,,,,,,,Up,21.880298874697473,21.880298874697473,3.591299225874261,87105.97557499977,0.99,0.35,0.36,3051,3051,0,ok,,,,,,,,102,1579.1634639999997,1532.0689639999998,47.094500000000004,1484.974464,0.9701775648477137,0.9313725490196079,0.9403551296954272,1087.3003300000003,,,,,,,,174,2031.3304539999988,1904.5570559999987,126.77339799999999,1777.7836579999987,0.9375909528898344,0.8103448275862069,0.8751819057796688,1087.3003300000003,,,,,,,,242,3220.0027969999987,2470.7208,749.2819969999999,1721.4388029999989,0.7673039297673632,0.7479338842975206,0.5346078595347256,1087.3003300000003,,,,,,,,490,6269.7261309999985,4957.790939,1311.9351919999997,3645.855746999996,0.7907507976284206,0.7061224489795919,0.5815015952568402,1087.3003300000003,60918.86470342232,0,-6.993874599582341,1.1479320542731386,Down,1,4.738652455437878,847,10094.729128999983,7491.087782999998,2603.6413460000003,4887.446436999996,0.7420791273615966,0.6552538370720189,0.48415825472319163,1087.3003300000003,,,,,,,,,,,,,60,1.1479320542731386,Down,4.738652455437878,60,0.48415825472319163,10094.729128999983,4.738652455437878
5m,300,btc-up-or-down-5m,btc-updown-5m,btc-updown-5m-1780777200,0xa5014c531d1879a0168903895e0b182aa7688b43cb31b2b353f4e98632c279a2,1780777200,1780777500,2026-06-06T20:20:00Z,2026-06-06T20:25:00Z,True,60552.503764231355,60575.27270970312,gamma_finalPrice,60552.50376423135,0,60575.27270970312,0,60575.27270970312,0,0.0,0.0,Up,22.76894547176198,22.76894547176198,3.760198845024754,64538.70787100016,0.99,0.79,0.8,2568,2568,0,ok,60575.543995,0,23.040230768645415,3.805000509699054,Up,0,-0.04478472440592315,112,1817.0136449999995,1751.3395449999996,65.6741,1685.6654449999994,0.9638560226662469,0.8928571428571429,0.9277120453324939,1011.7633320000002,60571.56054703116,0,19.056782799802022,3.147150260541159,Up,0,0.6128369307442323,146,2371.604784999998,2301.3658849999983,70.2389,2231.1269849999985,0.9703833874664746,0.8972602739726028,0.9407667749329491,1011.7633320000002,60572.62347311968,0,20.119708888327295,3.3226881858867245,Up,0,0.4373557721313632,185,2537.678308999999,2431.8434119999993,105.83489700000001,2326.0085149999995,0.9582945968270875,0.8594594594594595,0.916589193654175,1011.7633320000002,60574.6301,0,22.12633576864755,3.6540744631797835,Up,0,0.10608505466675712,347,3860.0622279999975,3444.409541999998,415.65268600000013,3028.7568559999986,0.8923196929352716,0.7867435158501441,0.7846393858705432,1011.7633320000002,60585.15716966938,0,32.65340543802449,5.39257725248894,Up,0,-1.6316317130988822,718,6619.3693319999975,5251.110982000001,1368.2583499999992,3882.8526319999937,0.7932947564376822,0.6601671309192201,0.5865895128753628,1011.7633320000002,60578.66189231258,0,0.5594837050035123,-0.5594837050035123,60588.77642638783,0,2.2289972705430383,-2.2289972705430383,60568.719043124336,0,-1.0819631234454312,1.0819631234454312,60,5.39257725248894,Up,-1.6316317130988822,15;30,0.916589193654175,3860.0622279999975,0.4373557721313632
5m,300,btc-up-or-down-5m,btc-updown-5m,btc-updown-5m-1780788600,0x1b5ad3de7d86bf98090ed6bc10fa4bd9138e8c376e1cd648e8512e564c541d6e,1780788600,1780788900,2026-06-06T23:30:00Z,2026-06-06T23:35:00Z,True,60685.885240846284,60709.370393567304,gamma_finalPrice,60685.88524084628,0,60709.3703935673,0,60709.3703935673,0,7.275957614183426e-12,1.198953856453946e-12,Up,23.485152721019404,23.485152721019404,3.869953058740599,72201.151474,0.99,0.5,0.51,3166,3166,0,ok,60708.93826524841,0,23.053024402128358,3.798745673831234,Up,0,0.07118009197596693,119,2089.260636,1770.641136,318.6195000000001,1452.0216360000002,0.8474965284321759,0.8907563025210085,0.694993056864352,808.738747,60708.18518478503,0,22.299943938742217,3.6746508434769662,Up,0,0.19522856915768036,188,2600.50661,2199.2565129999984,401.2500970000001,1798.0064159999984,0.8457031043654984,0.8351063829787234,0.6914062087309973,808.738747,60705.376871693006,0,19.49163084672182,3.211888690321427,Up,0,0.6578314357493052,296,3692.634134999997,3039.330541,653.303594000001,2386.0269470000017,0.8230792517981211,0.7567567567567568,0.646158503596242,808.738747,60694.700575073795,0,8.815334227510903,1.452616896420834,Up,0,2.4166930232002275,708,7648.34983799998,5871.162287999991,1777.187550000001,4093.9747380000017,0.7676377796985399,0.6468926553672316,0.5352755593970795,808.738747,60686.33600413449,0,0.45076328820869094,0.07427811037438611,Up,0,3.79492659053288,1275,12787.195596999949,8980.349350999975,3806.846245999993,5173.503105000004,0.7022923269514144,0.6196078431372549,0.4045846539028291,808.738747,60705.55546709672,0,-0.6284114485589862,0.6284114485589862,60701.60430591323,0,-1.2793057108538748,1.2793057108538748,60800.40315357447,0,14.983613972949714,-14.983613972949714,60,0.07427811037438611,Up,3.79492659053288,15;30;60,0.646158503596242,12787.195596999949,3.79492659053288
5m,300,btc-up-or-down-5m,btc-updown-5m,btc-updown-5m-1780635900,0xac01e4ab1122de0fec3a3711c0ae0f4c4c1d268d8c737838a44e83bfbe94f91f,1780635900,1780636200,2026-06-05T05:05:00Z,2026-06-05T05:10:00Z,True,63350.75100030216,63325.22659196711,gamma_finalPrice,63350.75100030215,0,63325.22659196711,0,63325.22659196711,0,0.0,0.0,Down,-25.524408335048065,25.524408335048065,4.02906168151445,72134.87011899994,0.01,0.48,0.49,2915,2915,0,ok,63331.742914152,0,-19.008086150162853,3.000451588975195,Down,0,1.0289717519759962,41,728.558585,649.013689,79.54489599999998,569.468793,0.8908188062872117,0.5853658536585366,0.7816376125744232,540.1143549999999,63328.257994961525,0,-22.493005340635136,3.550550701526467,Down,0,0.47869239521954554,65,1081.8520359999998,906.0126410000001,175.839395,730.1732460000003,0.8374644691245008,0.5076923076923077,0.6749289382490014,540.1143549999999,63307.410124305665,-1,-43.340875996495015,6.84141471287188,Down,0,-2.813882462057835,287,4937.255986999995,4598.324092999996,338.9318939999999,4259.392198999997,0.9313521731722193,0.6933797909407665,0.8627043463444387,1224.683778,63337.63426089276,0,-13.116739409400907,2.070494698529832,Down,0,1.9591644909630035,422,6268.329444999994,5703.207865999999,565.1215789999998,5138.086287000004,0.9098449460963206,0.6682464454976303,0.8196898921926412,1224.683778,63330.85477837018,0,-19.896221931980108,3.1406449991232477,Down,0,0.8887352815400206,675,10139.230457999969,7561.870907999994,2577.3595499999997,4984.511358000005,0.7458032381573487,0.6340740740740741,0.4916064763146959,1224.683778,63347.314747651864,0,-3.4874418204653947,3.4874418204653947,,,,,63314.199783347154,0,1.7414495569715958,-1.7414495569715958,60,3.1406449991232477,Down,0.8887352815400206,30;60,0.8196898921926412,10139.230457999969,1.9591644909630035
5m,300,btc-up-or-down-5m,btc-updown-5m,btc-updown-5m-1780779900,0xc040c9a0d6c4190458e16115cd9e9e8a8e4033acc68b85510e5fe3ecb9faf04a,1780779900,1780780200,2026-06-06T21:05:00Z,2026-06-06T21:10:00Z,True,60688.93958918672,60713.9666810294,gamma_finalPrice,60688.939589186724,0,60713.9666810294,0,60713.9666810294,0,0.0,0.0,Up,25.02709184268315,25.02709184268315,4.1238308021355445,53632.06369799984,0.99,0.82,0.83,2082,2082,0,ok,60712.149965576464,0,23.21037638974667,3.824482112698208,Up,0,0.2992297708661808,11,52.4312,0.0,52.4312,-52.4312,0.0,0.0,-1.0,-24.750500000000002,60712.37921,0,23.43962081328209,3.8622557869603074,Up,0,0.2614706088428993,106,2129.883334999999,2019.7356350000002,110.14770000000001,1909.5879350000002,0.9482846322190699,0.7641509433962265,0.8965692644381393,1746.5856920000003,60712.088701781446,0,23.14911259472865,3.814387391084562,Up,0,0.3093206383396557,177,5934.810829999995,5789.5173309999955,145.29349900000003,5644.223831999998,0.9755184279395137,0.8192090395480226,0.9510368558790276,3321.4316149999995,60711.74960696671,0,22.81001777999336,3.7585131548512916,Up,0,0.36517372607954457,268,7100.687666999996,6853.939371999998,246.74829499999998,6607.191077000002,0.965250084700001,0.8097014925373134,0.9305001694000022,3321.4316149999995,60707.03830002767,0,18.098710840953572,2.9822091081944557,Up,0,1.1412162187801376,512,10054.63624699998,9163.136272999986,891.4999740000001,8271.636299,0.9113344379548297,0.78125,0.8226688759096603,3321.4316149999995,60729.710873671276,0,2.5928385976267765,-2.5928385976267765,60766.81638360291,0,8.700916239499888,-8.700916239499888,60826.705794626374,0,18.55167387749366,-18.55167387749366,60,2.9822091081944557,Up,1.1412162187801376,15;30;60,0.9510368558790276,10054.63624699998,1.1412162187801376
5m,300,btc-up-or-down-5m,btc-updown-5m,btc-updown-5m-1780782600,0x8a8630e03c743a4b3afb5025677a5702251894df7db02fc2d7b9a1684ff9b1fc,1780782600,1780782900,2026-06-06T21:50:00Z,2026-06-06T21:55:00Z,True,60825.936980952385,60800.26494761576,gamma_finalPrice,60825.936980952385,0,60800.26494761576,0,60800.26494761576,0,0.0,0.0,Down,-25.672033336624736,25.672033336624736,4.220573428184744,54775.53365099998,0.01,0.5,0.51,2073,2073,0,ok,60800.2750992063,0,-25.661881746083964,4.2189044706569785,Down,0,0.0016696620814272238,9,1313.1164999999999,1249.9839,63.132600000000004,1186.8513,0.9519215545612291,0.1111111111111111,0.903843109122458,1228.5402,60800.53430297987,0,-25.402677972517267,4.1762904499888105,Down,0,0.04430157791152975,95,4818.937926999997,4653.311627999998,165.626299,4487.685328999995,0.9656301240005577,0.8315789473684211,0.9312602480011147,2623.592522999997,60801.30930767442,0,-24.627673277966096,4.048876926577924,Down,0,0.17176752276095006,168,6252.366516999992,5708.3786209999935,543.987896,5164.390724999992,0.9129948804951034,0.8392857142857143,0.8259897609902063,2623.592522999997,60822.056228256064,0,-3.8807526963209966,0.6380095217499491,Down,0,3.5834344654511185,409,8279.759906999981,7468.04242599999,811.717481,6656.324944999993,0.9019636450673238,0.8092909535452323,0.8039272901346471,2623.592522999997,60808.37515029097,0,-17.561830661412387,2.8872273133929474,Down,0,1.333820143158722,815,13919.706004999965,9192.680133999978,4727.025870999996,4465.654263000005,0.660407635814863,0.6368098159509202,0.32081527162972695,2623.592522999997,60800.1351909271,0,0.021341490408271845,-0.021341490408271845,60782.52856708188,0,2.91758071137752,-2.91758071137752,60725.27921125612,0,12.340738137845237,-12.340738137845237,60,2.8872273133929474,Down,1.333820143158722,15;30;60,0.8259897609902063,13919.706004999965,3.5834344654511185
5m,300,btc-up-or-down-5m,btc-updown-5m,btc-updown-5m-1780599900,0x32b21fb1d6f04d00162cf2270aaceccc12160c2b4e541d52df7492630f783ff3,1780599900,1780600200,2026-06-04T19:05:00Z,2026-06-04T19:10:00Z,True,63630.59197850873,63603.250291608434,gamma_finalPrice,63630.591978508724,0,63603.250291608434,0,63603.250291608434,0,0.0,0.0,Down,-27.341686900297645,27.341686900297645,4.296940520297582,91604.21836499988,0.01,0.21,0.22,3446,3446,0,truncated_http_400_at_offset_3500,63604.56709749026,0,-26.024881018471206,4.089995112297733,Down,0,0.20703222630478857,133,3287.5419439999996,3203.187343999999,84.35459999999999,3118.8327439999994,0.9743411334556648,0.9323308270676691,0.9486822669113297,1556.9443510000003,63612.827403680276,0,-17.764574828455807,2.791829256351379,Down,0,1.5056449253019497,207,4017.2405809999977,3925.2667809999975,91.9738,3833.2929809999982,0.9771052297850915,0.9227053140096618,0.9542104595701834,1556.9443510000003,63613.498937317745,0,-17.093041190986696,2.6862929700166673,Down,0,1.6112101265915835,274,5567.096389,5318.913396999999,248.182992,5070.730405,0.9554196703886096,0.8832116788321168,0.9108393407772196,1556.9443510000003,63598.530240320615,0,-32.06173818811658,5.038730143976258,Down,0,-0.7421360409023624,508,7118.661397999985,6373.131626999991,745.5297710000001,5627.601855999998,0.8952710728439123,0.7696850393700787,0.7905421456878248,1556.9443510000003,63548.36597918588,0,-82.22599932285084,12.922400494187247,Down,0,-8.632893146130106,886,11923.026997999948,10481.297634999966,1441.7293629999992,9039.568271999984,0.8790802567802767,0.7381489841986456,0.7581605135605534,1556.9443510000003,63559.700366487734,0,6.849467804569045,-6.849467804569045,63539.40605353321,0,10.042930559519629,-10.042930559519629,63801.06641481007,0,-31.05330922507249,31.05330922507249,60,12.922400494187247,Down,-8.632893146130106,15,0.9108393407772196,5567.096389,1.6112101265915835
5m,300,btc-up-or-down-5m,btc-updown-5m,btc-updown-5m-1780606200,0x3e58336da2c1551f24d346f748f77cbd0e8098f4d65afc05a51ce860f0350f0b,1780606200,1780606500,2026-06-04T20:50:00Z,2026-06-04T20:55:00Z,True,63474.2212327656,63503.00734720149,gamma_finalPrice,63474.2212327656,0,63503.00734720149,0,63503.00734720149,0,0.0,0.0,Up,28.78611443589034,28.78611443589034,4.535087453901814,78594.8954669999,0.99,0.78,0.82,3412,3412,0,ok,63503.01258369651,0,28.791350930907356,4.535912433699173,Up,0,-0.0008246057976705614,154,3815.697988000001,3597.9464910000015,217.751497,3380.1949940000013,0.9429327222215158,0.8506493506493507,0.8858654444430314,1459.5311339999998,63482.51424573227,0,8.293012966671085,1.3065166938023345,Up,0,3.227628061853213,269,5877.011471999999,5321.116976999999,555.8944950000001,4765.222481999998,0.9054120452804179,0.8364312267657993,0.8108240905608358,1459.5311339999998,63482.65338031413,0,8.4321475485267,1.328436550265858,Up,0,3.205711092899192,340,6948.403816999995,6131.244826999997,817.1589900000002,5314.085836999999,0.8823961572295592,0.8,0.7647923144591184,1459.5311339999998,63480.01418762427,0,5.792954858668963,0.9126468582301599,Up,0,3.6214541992473883,545,8765.344024999984,7385.547550999993,1379.7964739999998,6005.751077,0.8425850177626094,0.7155963302752294,0.6851700355252184,1459.5311339999998,63431.12254851019,0,-43.09868425541208,6.789950852231078,Down,1,11.326316481654127,1020,13244.835441999958,9984.890880999985,3259.944561000001,6724.946320000007,0.7538705123762772,0.6676470588235294,0.5077410247525541,1459.5311339999998,63501.671115,0,-0.2104225163550974,0.2104225163550974,63528.9288343616,0,4.08109776156426,-4.08109776156426,63571.633915,0,10.8009865365073,-10.8009865365073,60,6.789950852231078,Down,11.326316481654127,15;30;60,0.7647923144591184,13244.835441999958,11.326316481654127
5m,300,btc-up-or-down-5m,btc-updown-5m,btc-updown-5m-1780788000,0x29a5ca1ad8263cc960ed531f903bfd72e19d48359cf2a7d5e3d472ee6edc3649,1780788000,1780788300,2026-06-06T23:20:00Z,2026-06-06T23:25:00Z,True,60627.77700001657,60598.22286754796,gamma_finalPrice,60627.77700001657,0,60598.22286754796,0,60598.22286754796,0,0.0,0.0,Down,-29.554132468612806,29.554132468612806,4.874685157696732,118669.27701299977,0.01,0.5,0.51,3449,3449,0,truncated_http_400_at_offset_3500,60600.499353681,0,-27.277646335569443,4.499199489956887,Down,0,0.37566173827401916,201,4548.174323999999,4104.788329,443.38599500000004,3661.402333999999,0.9025134123245188,0.8308457711442786,0.805026824649037,2076.1434209999993,60633.629234264256,0,5.852234247686283,0.9652727738450122,Up,1,5.841099860990375,292,5395.597163999996,4526.650389999999,868.9467739999999,3657.7036159999984,0.8389526223718659,0.6643835616438356,0.677905244743731,2076.1434209999993,60641.178809183555,0,13.401809166985913,2.2105064427782417,Up,1,7.086135833563691,553,9196.484610999978,7225.850573999992,1970.634036999999,5255.216536999996,0.7857187696869631,0.6039783001808319,0.571437539373925,2076.1434209999993,60652.43790693684,0,24.660906920267735,4.067592140193594,Up,1,8.942638770890026,736,12160.13839899997,9156.432343999993,3003.7060549999974,6152.726288999998,0.7529875107961768,0.5625,0.505975021592352,2076.1434209999993,60641.304186904395,0,13.527186887826247,2.2311863566798023,Up,1,7.106811155794249,1093,21047.469627999933,10336.719692999992,10710.74993499999,-374.0302420000003,0.49111460311831573,0.5361390667886551,-0.017770793763370932,-4736.311784,60574.65158803992,0,3.890520863065875,-3.890520863065875,60585.12862125578,0,2.161063575526984,-2.161063575526984,60685.88524084628,0,-14.455708984637873,14.455708984637873,60,2.2311863566798023,Up,7.106811155794249,15;30,0.571437539373925,12160.13839899997,8.942638770890026
5m,300,btc-up-or-down-5m,btc-updown-5m,btc-updown-5m-1780598400,0xc7259071fe8fb7c4ae2ada176c6ac6c83e69b8fed762156ca24a99a2264bc4a6,1780598400,1780598700,2026-06-04T18:40:00Z,2026-06-04T18:45:00Z,True,63874.31870953279,63842.97672070311,gamma_finalPrice,63874.31870953279,0,63842.97672070311,0,63842.97672070311,0,0.0,0.0,Down,-31.341988829677575,31.341988829677575,4.906821624541258,95060.74899099988,0.01,0.45,0.46,3403,3403,0,truncated_http_400_at_offset_3500,63851.394551245176,0,-22.924158287612954,3.5889476006562377,Down,0,1.3184340813788535,104,2574.4410320000006,2493.0211340000005,81.41989799999999,2411.6012359999995,0.9683737568707302,0.7788461538461539,0.9367475137414601,1338.4042919999997,63858.28740643912,0,-16.031303093666793,2.5098198176592423,Down,0,2.397891033267766,167,3251.446259000001,3085.891665,165.55459399999998,2920.337070999998,0.9490827832255427,0.7784431137724551,0.8981655664510853,1338.4042919999997,63839.726702993736,0,-34.59200653905282,5.415636086289904,Down,0,-0.5090772082560838,333,5081.671921999995,4433.276440999996,648.3954809999999,3784.8809599999963,0.8724050881378408,0.6846846846846847,0.7448101762756812,1338.4042919999997,63822.3786656678,0,-51.94004386499,8.131600448246866,Down,0,-3.226882524505503,617,8663.367499999997,7639.202323999994,1024.1651760000002,6615.037147999993,0.8817820927024044,0.7017828200972447,0.7635641854048089,1338.4042919999997,63864.0284115944,0,-10.290297938387084,1.6110227312454029,Down,0,3.296873348515468,1108,13284.84528999998,10511.861067999987,2772.984222,7738.876846000001,0.7912671046242951,0.6633574007220217,0.5825342092485906,1338.4042919999997,63834.54249459478,0,1.321176378180537,-1.321176378180537,63808.67458607827,0,5.374334777392446,-5.374334777392446,63931.34791465237,0,-13.832388986107869,13.832388986107869,60,1.6110227312454029,Down,3.296873348515468,60,0.5825342092485906,13284.84528999998,3.296873348515468
5m,300,btc-up-or-down-5m,btc-updown-5m,btc-updown-5m-1780718100,0xd8af2d618be51b01701e86470c6d1b71b52d0eef6aa3462a7381e1cd731db208,1780718100,1780718400,2026-06-06T03:55:00Z,2026-06-06T04:00:00Z,True,60633.51899302533,60664.42428,gamma_finalPrice,,,60664.42428,0,60664.42428,0,0.0,0.0,Up,30.905286974666524,30.905286974666524,5.097063058177699,46154.91935799998,0.99,0.5,0.51,2316,2316,0,ok,60664.55739686521,0,31.03840383987699,5.119017394231618,Up,0,-0.0219431274160511,78,3912.9030810000013,3674.4132810000015,238.48979999999997,3435.9234810000016,0.9390504198383952,0.6538461538461539,0.8781008396767904,2757.204846,60663.98957948406,0,30.470586458730395,5.025369954568433,Up,0,0.07165683653222735,131,4913.580102,4628.735603,284.84449899999987,4343.891104000001,0.9420291329159246,0.732824427480916,0.8840582658318493,2757.204846,60665.14560582874,0,31.626612803403987,5.216027921295809,Up,0,-0.11890354996361417,203,6440.716912999999,6094.530613999998,346.1862989999999,5748.3443149999985,0.94625034702251,0.7783251231527094,0.8925006940450201,2757.204846,60660.2986154736,0,26.77962244826631,4.416636687596306,Up,0,0.6801028561262621,340,7290.812340999992,6808.756152999997,482.0561879999999,6326.6999650000025,0.9338816903448269,0.7529411764705882,0.8677633806896539,2757.204846,60655.74760630863,0,22.228613283296,3.6660602340848722,Up,0,1.4303760984266911,594,9465.093911999971,8481.100144999991,983.9937670000002,7497.106378000002,0.8960397248935418,0.7003367003367004,0.7920794497870826,2757.204846,60673.53446497338,0,1.5016216004832696,-1.5016216004832696,,,,,,,,,60,3.6660602340848722,Up,1.4303760984266911,30;60,0.8677633806896539,9465.093911999971,1.4303760984266911
5m,300,btc-up-or-down-5m,btc-updown-5m,btc-updown-5m-1780782300,0xbf8c9a6641e23732eca4484d339f8f3610aee1e2c3bc25c324e56b8e8b2e5680,1780782300,1780782600,2026-06-06T21:45:00Z,2026-06-06T21:50:00Z,True,60794.006057366096,60825.936980952385,gamma_finalPrice,60794.006057366096,0,60825.936980952385,0,60825.936980952385,0,0.0,0.0,Up,31.930923586289282,31.930923586289282,5.252314439709534,73549.28753500007,0.99,0.59,0.6,3463,3463,0,truncated_http_400_at_offset_3500,60825.091842409085,0,31.0857850429893,5.113297684915897,Up,0,0.13894474243067642,87,3963.1050209999976,3529.745120999997,433.35990000000004,3096.385220999997,0.8906514216242869,0.7816091954022989,0.7813028432485738,2461.890991,60825.08722990971,0,31.08117254361423,5.112538975353194,Up,0,0.13970306426890572,195,5451.533858999995,4911.513358999998,540.0205000000007,4371.492859000001,0.9009415489351733,0.7333333333333333,0.8018830978703466,2461.890991,60822.53206525689,0,28.52600789079588,4.692240196159854,Up,0,0.5597958976514597,364,7173.669417999998,6562.047731999994,611.621686000001,5950.42604599999,0.9147407483727452,0.7005494505494505,0.8294814967454904,2461.890991,60808.79683487787,0,14.790777511771012,2.4329335194351596,Up,0,2.8182979729993254,603,8883.531419999968,7443.066551999988,1440.4648680000003,6002.6016840000075,0.8378499720553715,0.5406301824212272,0.675699944110743,2461.890991,60831.824795,0,37.818737633904675,6.220800385850271,Up,0,-0.9679306879006495,1054,14080.710154999966,11499.737811999972,2580.9723429999935,8918.765469000044,0.8167015502351274,0.5104364326375711,0.6334031004702593,2461.890991,60829.03827511993,-1,0.5098507745685867,-0.5098507745685867,60825.937680835676,0,0.00011506329822690631,-0.00011506329822690631,60800.26494761576,0,-4.221464340874719,4.221464340874719,60,6.220800385850271,Up,-0.9679306879006495,15;30,0.8294814967454904,8883.531419999968,2.8182979729993254
5m,300,btc-up-or-down-5m,btc-updown-5m,btc-updown-5m-1780780800,0x2da68770c1d971dad5837b4f6bfda3771820c2f7c79229301367f554d76b6a0b,1780780800,1780781100,2026-06-06T21:20:00Z,2026-06-06T21:25:00Z,True,60845.16286,60877.41158214286,gamma_finalPrice,60845.16286,0,60877.41158214286,0,60877.41158214286,0,0.0,0.0,Up,32.24872214286006,32.24872214286006,5.300129151936346,69705.88759399996,0.99,0.48,0.49,2612,2612,0,ok,60872.16100764405,0,26.99814764405164,4.437188820773196,Up,0,0.8625203999277126,16,175.47809999999998,0.0,175.47809999999998,-175.47809999999998,0.0,0.0,-1.0,-132.0663,60872.13944480382,0,26.976584803822334,4.433644933434292,Up,0,0.8660627161016713,80,4108.036540000001,3902.315441000001,205.72109899999995,3696.594342000001,0.9499222811197293,0.6875,0.8998445622394585,2896.0323929999995,60871.96998072968,0,26.80712072968163,4.405793241339945,Up,0,0.8939021039697365,133,4767.881094,4386.771194999999,381.109899,4005.661295999998,0.9200672392020016,0.706766917293233,0.8401344784040031,2896.0323929999995,60868.84854781255,0,23.685687812554534,3.8927807403611463,Up,0,1.4067018297377125,254,6337.317252999995,5819.359458999994,517.9577940000001,5301.401664999994,0.9182686027348864,0.7086614173228346,0.836537205469773,2896.0323929999995,60888.93134168637,0,43.76848168637662,7.193420089462904,Up,0,-1.8921089853357376,540,8538.095133999985,7239.135459999994,1298.9596739999988,5940.175785999998,0.847863059193691,0.6166666666666667,0.6957261183873813,2896.0323929999995,60873.204002096616,0,-0.6911800860674164,0.6911800860674164,60851.04845534074,0,-4.331464836765003,4.331464836765003,60864.64455691982,0,-2.097389460099149,2.097389460099149,60,7.193420089462904,Up,-1.8921089853357376,15;30,0.8401344784040031,6337.317252999995,1.4067018297377125
5m,300,btc-up-or-down-5m,btc-updown-5m,btc-updown-5m-1780785600,0x80e318c647ae88fe5ae9c9b83e048705e7b61a1ab249066ed41ac0d5445cb5ce,1780785600,1780785900,2026-06-06T22:40:00Z,2026-06-06T22:45:00Z,True,60522.196043856355,60554.93672580306,gamma_finalPrice,60522.196043856355,0,60554.93672580306,0,60554.93672580306,0,0.0,0.0,Up,32.7406819467069,32.7406819467069,5.409698273833609,46211.78212599999,0.99,0.5,0.51,1772,1772,0,ok,60554.220126040025,0,32.024082183670544,5.291295471245764,Up,0,0.11833948508554351,2,93.357,0.0,93.357,-93.357,0.0,0.0,-1.0,-60.360299999999995,60553.852006454414,0,31.655962598058977,5.230471573622351,Up,0,0.17913140079004114,10,201.1682,0.0,201.1682,-201.1682,0.0,0.0,-1.0,-60.360299999999995,60553.802635,0,31.606591143645346,5.222313995470716,Up,0,0.18728471769769106,46,4842.0100059999995,4156.752005999999,685.258,3471.4940059999994,0.858476541942115,0.43478260869565216,0.7169530838842302,2559.7637999999997,60542.20389349656,0,20.007849640205677,3.305869738386118,Up,0,2.102912139510639,207,11746.58733499999,10779.85583999999,966.7314950000001,9813.124344999993,0.917701076284553,0.6811594202898551,0.8354021525691063,4371.188479,60522.82140065226,0,0.6253567959065549,0.10332685143371219,Up,0,5.30490924194572,417,14839.474978999999,13290.267792999995,1549.2071859999992,11741.060606999996,0.8956022913079906,0.6642685851318945,0.7912045826159816,4371.188479,60579.1056,0,3.99043473719052,-3.99043473719052,60598.29759852054,0,7.158021791282197,-7.158021791282197,60625.30918545434,0,11.614511430132403,-11.614511430132403,60,0.10332685143371219,Up,5.30490924194572,15;30;60,0.8354021525691063,14839.474978999999,5.30490924194572
5m,300,btc-up-or-down-5m,btc-updown-5m,btc-updown-5m-1780664100,0x59dce16a7db16a4196ad73a5ca78008def3815394879f01620c789e6e2976512,1780664100,1780664400,2026-06-05T12:55:00Z,2026-06-05T13:00:00Z,True,61877.956988837446,61911.804448279174,gamma_finalPrice,61877.95698883744,0,61911.804448279174,0,61911.804448279174,0,0.0,0.0,Up,33.84745944172755,33.84745944172755,5.470035063994358,75265.93609599996,0.99,0.5,0.51,3217,3217,0,ok,61914.97922573653,0,37.02223689908715,5.98310589112789,Up,0,-0.5127771817794323,112,5365.885023999992,4834.153225999996,531.7317979999998,4302.421428000001,0.9009051078020271,0.7053571428571429,0.8018102156040545,2417.8781240000003,61909.83703228865,0,31.880043451201345,5.152084038093305,Up,0,0.317782249881876,206,6244.357808999991,5665.167610999993,579.1901979999997,5085.977412999995,0.9072458344451031,0.7524271844660194,0.8144916688902063,2417.8781240000003,61897.84592213786,0,19.888933300411736,3.2142194520093197,Up,0,2.2548365428220283,287,6866.896247999988,6125.8806539999905,741.0155939999997,5384.865059999994,0.8920887155946442,0.7456445993031359,0.7841774311892884,2417.8781240000003,61899.31804951594,0,21.36106067849323,3.4521276586986684,Up,0,2.017007608632591,492,8513.044903999975,7229.86372699999,1283.1811769999993,5946.682549999998,0.8492688348916069,0.6971544715447154,0.6985376697832129,2417.8781240000003,61916.30386386056,0,38.34687502311135,6.197178589789088,Up,0,-0.7267195864805603,816,12345.17133799997,10423.276084999989,1921.8952529999983,8501.38083199999,0.8443200826962888,0.6801470588235294,0.6886401653925762,2417.8781240000003,61944.89236567138,0,5.342935671705685,-5.342935671705685,61976.58780716514,0,10.45834296682522,-10.45834296682522,62022.1080386616,0,17.800393337724753,-17.800393337724753,60,6.197178589789088,Up,-0.7267195864805603,15;30,0.7841774311892884,8513.044903999975,2.2548365428220283
5m,300,btc-up-or-down-5m,btc-updown-5m,btc-updown-5m-1780594800,0xfa2c5e08adc508d8e54352471e41468e89a3bfaf2e339f0d55dcafb8a3e67e22,1780594800,1780595100,2026-06-04T17:40:00Z,2026-06-04T17:45:00Z,True,62933.80895476164,62969.410220966194,gamma_finalPrice,62933.80895476163,0,62969.41022096619,0,62969.41022096619,0,7.275957614183426e-12,1.156128595269605e-12,Up,35.60126620455412,35.60126620455412,5.656938106216514,99027.04988299981,0.99,0.5,0.51,3454,3454,0,truncated_http_400_at_offset_3500,62961.80079648318,0,27.99184172153764,4.447822591138391,Up,0,1.2085049338921567,169,4636.759490000001,4508.238391000001,128.521099,4379.717292,0.9722821295180009,0.8994082840236687,0.9445642590360017,1992.9160989999987,62960.646300035274,0,26.837345273634128,4.264376448742435,Up,0,1.3918712001219964,238,5454.814799999999,5195.344901999999,259.469898,4935.875003999999,0.9524328675649996,0.8949579831932774,0.9048657351299991,1992.9160989999987,62961.05795410746,0,27.248999345822085,4.329787088750552,Up,0,1.3264886555276107,339,6953.543313999995,6387.5926189999955,565.950695,5821.641923999996,0.91860974046706,0.8643067846607669,0.8372194809341199,1992.9160989999987,62937.215417087275,0,3.406462325634493,0.5412769991536888,Up,0,5.114076311304921,622,9435.944219999987,8320.850854999995,1115.0933650000002,7205.757489999997,0.8818249303936652,0.7893890675241158,0.7636498607873295,1992.9160989999987,62918.04248136448,0,-15.766473397161462,2.505246966458806,Down,1,8.16089949394679,952,13504.707176999955,10547.185693999978,2957.5214829999977,7589.664211000006,0.7810006952215173,0.7279411764705882,0.5620013904430348,1992.9160989999987,62992.12628721433,0,3.606825880997283,-3.606825880997283,62925.13001062768,0,-7.034492851401315,7.034492851401315,63017.331930049964,0,7.607421316993737,-7.607421316993737,60,2.505246966458806,Down,8.16089949394679,15;30;60,0.8372194809341199,13504.707176999955,8.16089949394679
5m,300,btc-up-or-down-5m,btc-updown-5m,btc-updown-5m-1780787100,0x7ece59237d073f74e2728d7f4f6c6b6b3089d629dce0c42a758edfa99a747669,1780787100,1780787400,2026-06-06T23:05:00Z,2026-06-06T23:10:00Z,True,60656.68147971777,60692.424222443726,gamma_finalPrice,60656.681479717765,0,60692.424222443726,0,60692.424222443726,0,0.0,0.0,Up,35.742742725953576,35.742742725953576,5.892630762845993,67739.28702599985,0.99,0.5,0.51,2342,2342,0,ok,60693.074153743924,0,36.392674026152235,5.999779931633934,Up,0,-0.10708549355539064,1,1.7622,0.0,1.7622,-1.7622,0.0,0.0,-1.0,-1.7622,60693.21880198996,0,36.53732227219007,6.0236269741211155,Up,0,-0.13091820852137107,5,425.0763,0.0,425.0763,-425.0763,0.0,0.0,-1.0,-397.1187,60692.59094863097,0,35.90946891319618,5.920117625492502,Up,0,-0.027470637460058032,57,3360.1672419999995,2790.2019420000006,569.9653,2220.2366420000003,0.8303759131760505,0.5964912280701754,0.6607518263521005,1353.2961420000001,60681.82753075567,0,25.14605103789654,4.145635802101177,Up,0,1.7461185650019704,228,8448.348770999994,6768.145274999994,1680.203496,5087.941778999996,0.8011204861987343,0.7324561403508771,0.6022409723974688,1353.2961420000001,60684.51214509143,0,27.83066537365812,4.588227495261848,Up,0,1.30372006417272,565,13549.175149999988,10933.384691999989,2615.7904579999977,8317.594233999987,0.8069409813482261,0.6035398230088496,0.613881962696452,2232.5516979999993,60684.409832505604,0,-1.3205798309322727,1.3205798309322727,60698.33548418822,0,0.9739228526875426,-0.9739228526875426,60689.409186718294,0,-0.49678533292373067,0.49678533292373067,60,4.588227495261848,Up,1.30372006417272,30;60,0.613881962696452,13549.175149999988,1.7461185650019704
5m,300,btc-up-or-down-5m,btc-updown-5m,btc-updown-5m-1780663800,0x1a10d51eac5d030c7510e45edbaae87126adb468f6cc2b5504d70cc1bab6a311,1780663800,1780664100,2026-06-05T12:50:00Z,2026-06-05T12:55:00Z,True,61915.06976064451,61877.956988837446,gamma_finalPrice,61915.06976064451,0,61877.95698883744,0,61877.95698883744,0,7.275957614183426e-12,1.1751513229834543e-12,Down,-37.11277180706384,37.11277180706384,5.99414196746235,69320.13060200003,0.01,0.09,0.1,3279,3279,0,ok,61879.54049618301,0,-35.529264461496496,5.738387213136955,Down,0,0.25590487491052455,114,2314.0462229999985,2285.466422999999,28.5798,2256.8866229999994,0.9876494256182369,0.9473684210526315,0.9752988512364738,1707.8907329999995,61879.06579723553,0,-36.00396340897714,5.815056584473491,Down,0,0.17919118820971655,191,3590.9434369999954,3517.399139999995,73.544297,3443.8548429999964,0.9795195055866873,0.8900523560209425,0.9590390111733751,1707.8907329999995,61884.51851943962,0,-30.551241204891994,4.93437887141193,Down,0,1.0603424957958876,282,4753.435294999993,4608.234001999994,145.20129300000002,4463.032708999997,0.9694533986498707,0.8900709219858156,0.9389067972997419,1707.8907329999995,61872.13098882098,0,-42.93877182353026,6.935108365302,Down,0,-0.9415750915391888,479,6609.656148999991,6036.951762999991,572.7043860000003,5464.247376999993,0.913353376773367,0.81419624217119,0.8267067535467344,1707.8907329999995,61902.123682531004,0,-12.946078113505791,2.090941375589759,Down,0,3.904779164716105,851,11218.400212999955,9678.708956999975,1539.6912559999987,8139.017700999984,0.8627530461771389,0.7414806110458284,0.7255060923542768,1707.8907329999995,61880.74192018426,0,-0.45005827821808425,0.45005827821808425,61920.97970080894,0,-6.950417322452605,6.950417322452605,61911.804448279174,0,-5.468539545159128,5.468539545159128,60,2.090941375589759,Down,3.904779164716105,15;60,0.9389067972997419,11218.400212999955,3.904779164716105
5m,300,btc-up-or-down-5m,btc-updown-5m,btc-updown-5m-1780783800,0x44ceac272939803432b3380c8c866758f104fd20ce5e25fbf497bc208db696f8,1780783800,1780784100,2026-06-06T22:10:00Z,2026-06-06T22:15:00Z,True,60564.413759080686,60601.36283232147,gamma_finalPrice,60564.413759080686,0,60601.36283232147,0,60601.36283232147,0,0.0,0.0,Up,36.949073240786674,36.949073240786674,6.100789382320528,74272.67313399998,0.99,0.5,0.51,2522,2522,0,ok,60598.57663028585,0,34.16287120516063,5.640749919756044,Up,0,0.4597695425373078,73,2267.711968999999,1939.826069,327.88590000000005,1611.9401690000004,0.855411134887387,0.5753424657534246,0.7108222697747736,1590.3531240000002,60584.263,0,19.84924091931316,3.277376876505649,Up,0,2.8220892234562496,131,3224.242152999999,2859.957053,364.2851,2495.671953,0.8870168297808992,0.6717557251908397,0.7740336595617981,1590.3531240000002,60591.73938094021,0,27.32562185952702,4.51182801310117,Up,0,1.5881186677693435,197,3806.650061000001,3274.0780700000014,532.5719909999999,2741.506079,0.8600943132502981,0.649746192893401,0.7201886265005958,1590.3531240000002,60613.76590047296,0,49.35214139227173,8.148702898139115,Up,0,-2.0464554753905646,328,5750.070342999995,4883.315659,866.7546840000002,4016.5609749999994,0.8492618990209115,0.6615853658536586,0.6985237980418222,1590.3531240000002,60603.04386407483,0,38.63010499414668,6.378350354023644,Up,0,-0.27738789360644756,627,11440.354275999984,9538.866203999994,1901.488071999999,7637.378131999994,0.8337911548780439,0.6746411483253588,0.6675823097560869,1590.3531240000002,60584.50020315041,0,-2.78293669864035,2.78293669864035,60605.16816263895,0,0.6279084612831608,-0.6279084612831608,60716.25900096718,0,18.941387287539552,-18.941387287539552,60,6.378350354023644,Up,-0.27738789360644756,15,0.7201886265005958,3806.650061000001,1.5881186677693435
5m,300,btc-up-or-down-5m,btc-updown-5m,btc-updown-5m-1780605300,0xe2f4aa13f5b7f25e4f83ef283430d0f7b3244301f3f3fd8f6e230b348582b2fa,1780605300,1780605600,2026-06-04T20:35:00Z,2026-06-04T20:40:00Z,True,63479.73865379913,63440.8394576325,gamma_finalPrice,63479.73865379914,0,63440.8394576325,0,63440.8394576325,0,0.0,0.0,Down,-38.899196166632464,38.899196166632464,6.127812904016174,77532.81931100001,0.01,0.13,0.14,2647,2647,0,ok,63438.62054,0,-41.11811379912979,6.477360283944545,Down,0,-0.34976782416504953,43,3477.999183999998,3276.5934839999986,201.40569999999997,3075.1877839999993,0.9420915045275067,0.5813953488372093,0.8841830090550133,2394.7383910000003,63438.23081143789,0,-41.50784236124309,6.538754450079787,Down,0,-0.4112019719963313,102,7049.038379999994,6730.902879999995,318.1355,6412.767379999996,0.9548682411912193,0.7843137254901961,0.9097364823824383,2586.7699009999988,63436.347325,0,-43.39132879913086,6.835461159626872,Down,0,-0.7081072253078573,157,9411.233574999982,8788.303675999985,622.9298989999999,8165.373776999995,0.9338099629516423,0.802547770700637,0.8676199259032853,2586.7699009999988,63455.76593306521,0,-23.97272073392378,3.776436583122111,Down,0,2.3525413395564683,409,12179.222411999954,11141.699629999965,1037.5227819999996,10104.176847999985,0.9148120670677844,0.7041564792176039,0.8296241341355696,2586.7699009999988,63410.14848255932,0,-69.59017123981175,10.962579984668372,Down,0,-4.838902111902564,724,17715.10218399995,15889.938411999969,1825.1637719999994,14064.774639999978,0.8969713099567417,0.6312154696132597,0.7939426199134827,2586.7699009999988,63458.07486,0,-2.716398728257224,2.716398728257224,63534.67275626833,0,-14.779749903057239,14.779749903057239,63495.860635,0,-8.669073762462123,8.669073762462123,60,10.962579984668372,Down,-4.838902111902564,30,0.8296241341355696,12179.222411999954,2.3525413395564683
5m,300,btc-up-or-down-5m,btc-updown-5m,btc-updown-5m-1780600800,0xfe603bcc5a2b0a9f5d6b0f0f98c6ededa0d69cd60eea75b3354ee51faee5eac7,1780600800,1780601100,2026-06-04T19:20:00Z,2026-06-04T19:25:00Z,True,63893.264021157,63932.92627345102,gamma_finalPrice,63893.264021157,0,63932.92627345102,0,63932.92627345102,0,0.0,0.0,Up,39.66225229401607,39.66225229401607,6.207579609782134,90229.001939,0.99,0.5,0.51,3452,3452,0,truncated_http_400_at_offset_3500,63933.66718310136,0,40.403161944355816,6.3235401357766134,Up,0,-0.1158879157286956,111,2492.1306529999993,2371.839353,120.29129999999998,2251.5480529999995,0.9517315435066801,0.7927927927927928,0.9034630870133598,943.2549890000001,63925.97049121372,0,32.70647005671344,5.118923028550135,Up,0,1.0880403976842472,266,5001.551471999998,4689.352074999999,312.199397,4377.1526779999995,0.9375794893349046,0.8383458646616542,0.8751589786698092,1055.6961159999994,63904.180584757814,0,10.91656360081106,1.7085625171999748,Up,0,4.497237129995311,389,6757.268172999994,6227.342979999995,529.9251929999999,5697.417786999996,0.9215770072412665,0.8457583547557841,0.8431540144825329,1055.6961159999994,63889.09668604682,0,-4.167335110185377,0.6522338737938705,Down,1,6.857908849694692,732,11201.725278999966,9354.011230999984,1847.7140479999985,7506.297182999992,0.835050940638232,0.7650273224043715,0.6701018812764633,1055.6961159999994,63877.295497146915,0,-15.968524010088004,2.4992499999374487,Down,1,8.70521606903638,1251,18535.203564999923,11321.369998999988,7213.833565999994,4107.536432999984,0.6108036504318821,0.592326139088729,0.2216073008637605,-1175.9599729999998,63946.406013131505,0,2.1081967647763062,-2.1081967647763062,63915.79134473495,0,-2.680500694553446,2.680500694553446,64039.05694392437,0,16.58655154616896,-16.58655154616896,60,2.4992499999374487,Down,8.70521606903638,15;30,0.8431540144825329,11201.725278999966,6.857908849694692
5m,300,btc-up-or-down-5m,btc-updown-5m,btc-updown-5m-1780603500,0xd6fd9d048b24c2e716ef58c1088f8d187e8ab93c10cb85a9c33a8ca47a6b6c63,1780603500,1780603800,2026-06-04T20:05:00Z,2026-06-04T20:10:00Z,True,63318.55867267417,63277.80673752419,gamma_finalPrice,63318.55867267417,0,63277.806737524195,0,63277.806737524195,0,-7.275957614183426e-12,-1.1491034803550332e-12,Down,-40.751935149979545,40.751935149979545,6.436017496962782,97913.30293199995,0.01,0.28,0.29,3480,3480,0,truncated_http_400_at_offset_3500,63281.736503425935,0,-36.82216924823297,5.815383359969624,Down,0,0.6210145521035988,29,439.3805190000001,400.425419,38.9551,361.470319,0.9113408576041121,0.6551724137931034,0.8226817152082246,389.01441900000003,63284.04279127701,0,-34.5158813971575,5.451147676242545,Down,0,0.9854555351526291,93,1511.0029370000002,1382.4759380000003,128.526999,1253.948939,0.9149392791683237,0.6129032258064516,0.8298785583366474,642.3003339999999,63280.39666699321,0,-38.16200568095519,6.026985844424225,Down,0,0.40928669967091563,260,3050.8857699999967,2480.1518749999977,570.733895,1909.4179799999995,0.8129284614284331,0.5653846153846154,0.6258569228568664,642.3003339999999,63229.267750877414,0,-89.29092179675354,14.101856338572663,Down,0,-7.6737193117396,299,3256.4645699999965,2480.1518749999977,776.3126950000001,1703.8391799999993,0.7616087390749657,0.4916387959866221,0.5232174781499315,642.3003339999999,63207.31841538888,0,-111.24025728528795,17.568349567201206,Down,0,-11.145710508995665,585,9253.710304999979,7857.150709999992,1396.5595950000006,6460.591114999994,0.8490811200081122,0.6581196581196581,0.6981622400162233,1256.8223469999998,63298.79476643574,0,-3.3162573263188575,3.3162573263188575,63344.24569690275,0,-10.494059162426957,10.494059162426957,63432.27094330388,0,-24.38074147230593,24.38074147230593,60,17.568349567201206,Down,-11.145710508995665,15,0.6258569228568664,3050.8857699999967,0.40928669967091563
5m,300,btc-up-or-down-5m,btc-updown-5m,btc-updown-5m-1780660500,0x3a642d855643234adb4cfdc50becc477fd84c9c12751af76cf2a7d72a8fca282,1780660500,1780660800,2026-06-05T11:55:00Z,2026-06-05T12:00:00Z,True,61958.73727169882,61915.377295097656,gamma_finalPrice,61958.73727169882,0,61915.37729509766,0,61915.37729509766,0,-7.275957614183426e-12,-1.1743230954299806e-12,Down,-43.35997660116118,43.35997660116118,6.998202111676494,96843.40232700002,0.01,0.5,0.51,3466,3466,0,truncated_http_400_at_offset_3500,61932.535619768656,0,-26.20165193016146,4.228887334366272,Down,0,2.7708702354277452,128,4643.164612999997,3937.113215000001,706.051398,3231.0618170000002,0.8479374614410217,0.8125,0.6958749228820422,2141.5941850000004,61939.615488102245,0,-19.12178359657264,3.0862126051279275,Down,0,3.913963057821999,199,5356.942630999991,4557.899637999999,799.042993,3758.8566450000008,0.8508397330268155,0.7587939698492462,0.7016794660536299,2141.5941850000004,61941.21657270964,0,-17.52069898917398,2.827801172309719,Down,0,4.172450925694724,314,6854.875349999992,5548.033468,1306.8418819999995,4241.191585999999,0.8093558503583885,0.7197452229299363,0.6187117007167758,2141.5941850000004,61945.88015484963,0,-12.857116849190788,2.075109567325478,Down,0,4.925327095268132,597,10671.295537999995,7538.923780999996,3132.3717570000013,4406.552023999995,0.7064675281604031,0.7319932998324958,0.4129350563208061,2141.5941850000004,61981.0828346801,0,22.345562981281546,3.6065233032901776,Up,1,10.606525105466313,1563,21072.412276999887,13556.864478999969,7515.547797999997,6041.316680999989,0.6433465851366724,0.6007677543186181,0.2866931702733419,2141.5941850000004,61893.278906822015,0,3.569764697917625,-3.569764697917625,,,,,61595.72305514252,0,51.761332016183204,-51.761332016183204,60,3.6065233032901776,Up,10.606525105466313,15;30;60,0.6187117007167758,21072.412276999887,10.606525105466313
5m,300,btc-up-or-down-5m,btc-updown-5m,btc-updown-5m-1780597800,0x51dcfba27586c391de127ab5a8e9baa4680d301a39f09db459e9b05f49102973,1780597800,1780598100,2026-06-04T18:30:00Z,2026-06-04T18:35:00Z,True,63810.49560696091,63763.48128875824,gamma_finalPrice,63810.4956069609,0,63763.48128875823,0,63763.48128875823,0,7.275957614183426e-12,1.140244648623245e-12,Down,-47.01431820267317,47.01431820267317,7.367803330075453,144955.09739,0.01,0.5,0.51,3460,3460,0,truncated_http_400_at_offset_3500,63740.4784418249,0,-70.01716513601423,10.972672202278938,Down,0,-3.608177696051518,8,185.2984,0.0,185.2984,-185.2984,0.0,0.0,-1.0,-167.1715,63720.017208682635,0,-90.47839827827556,14.17923453150637,Down,0,-6.818777688401017,126,5908.817744999997,5525.383244999995,383.43449999999996,5141.948744999996,0.9351080848069039,0.6984126984126984,0.8702161696138081,2997.873144,63728.63332179352,0,-81.86228516739357,12.828968712548825,Down,0,-5.466685989015732,301,9744.28028099998,7734.623481999988,2009.6567990000003,5724.96668299999,0.7937603659740219,0.7906976744186046,0.587520731948043,2997.873144,63773.97385897195,0,-36.52174798896158,5.7234703541430445,Down,0,1.6454100052776743,615,13331.361081999954,10425.087519999965,2906.2735620000035,7518.813957999994,0.7819972361318719,0.7382113821138211,0.5639944722637451,2997.873144,63735.38766049674,0,-75.10794646417344,11.770469066217395,Down,0,-4.406882813579929,1131,19282.43338299989,14860.02161599995,4422.4117670000005,10437.609848999986,0.770650743131886,0.6472148541114059,0.5413014862637705,2997.873144,63754.94391595963,0,1.339002234015454,-1.339002234015454,63800.12120889026,0,-5.7445729694415535,5.7445729694415535,63874.31870953279,0,-17.367495935519745,17.367495935519745,60,11.770469066217395,Down,-4.406882813579929,30,0.5639944722637451,13331.361081999954,1.6454100052776743
5m,300,btc-up-or-down-5m,btc-updown-5m,btc-updown-5m-1780595100,0xee23c93cf12afc37d8eedbe31e2b0a1f535f0c3a5b63a477aa3daa80299691bb,1780595100,1780595400,2026-06-04T17:45:00Z,2026-06-04T17:50:00Z,True,62969.410220966194,63017.331930049964,gamma_finalPrice,62969.41022096619,0,63017.331930049964,0,63017.331930049964,0,0.0,0.0,Up,47.92170908377011,47.92170908377011,7.610315693859584,99245.17986899982,0.99,0.62,0.63,3469,3469,0,truncated_http_400_at_offset_3500,63016.52163938663,0,47.11141842043435,7.481635647390612,Up,0,0.1285830180375281,71,598.5552670000005,473.6297670000004,124.9255,348.70426700000047,0.7912882788148617,0.7887323943661971,0.5825765576297237,363.02976700000045,63027.66970663014,0,58.259485663948,9.252029748970083,Up,0,-1.640331067337068,132,3346.5539370000015,3141.118437,205.43550000000002,2935.6829370000014,0.9386128226625378,0.7651515151515151,0.8772256453250764,1679.6426609999999,63028.01307321925,0,58.60285225305415,9.306558858882537,Up,0,-1.6948096249926343,265,6741.056460999988,6397.911160999987,343.1453000000001,6054.76586099999,0.9490962133331401,0.8150943396226416,0.8981924266662807,1977.527936,62995.59290114461,0,26.182680178419105,4.157999906072069,Up,0,3.450285619532349,577,10868.302152999973,10037.096967999973,831.2051849999999,9205.891782999985,0.9235202358842625,0.75736568457539,0.847040471768526,1977.527936,63025.52810886483,0,56.11788789863931,8.911928458868491,Up,0,-1.3005383762143907,1115,16210.670637999945,12758.601830999958,3452.0688070000033,9306.533023999984,0.7870495993603199,0.6206278026905829,0.5740991987206406,1977.527936,63049.83490722716,0,5.156454089164609,-5.156454089164609,63016.87439370332,0,-0.07260510618361507,0.07260510618361507,63521.50328973888,0,79.68684502498085,-79.68684502498085,60,8.911928458868491,Up,-1.3005383762143907,30,0.847040471768526,10868.302152999973,3.450285619532349
5m,300,btc-up-or-down-5m,btc-updown-5m,btc-updown-5m-1780706700,0x920dcad3c6c9eddd814241b128e656203f91aeb91f04c18ace42d93cdbe1f7fd,1780706700,1780707000,2026-06-06T00:45:00Z,2026-06-06T00:50:00Z,True,61180.02329419804,61228.20156687757,gamma_finalPrice,,,61228.20156687758,0,61228.20156687758,0,-7.275957614183426e-12,-1.1892701608162734e-12,Up,48.17827267952816,48.17827267952816,7.8748372565750735,45304.95870899988,0.99,0.94,0.95,1718,1718,0,ok,61235.671841402815,0,55.6485472047716,9.095868914134426,Up,0,-1.2199964490109405,2,5.3762,0.0,5.3762,-5.3762,0.0,0.0,-1.0,-5.3762,61234.762399192776,0,54.73910499473277,8.947218723913743,Up,0,-1.07148024333275,15,225.527429,190.17692899999997,35.3505,154.82642899999996,0.8432540992608042,0.4666666666666667,0.6865081985216085,181.86392899999996,61213.84481133906,0,33.821517141019285,5.52819618560471,Up,0,2.3450695294583355,59,649.754565,540.129865,109.6247,430.5051649999999,0.8312829091089188,0.6101694915254238,0.6625658182178373,181.86392899999996,61266.43728268894,0,86.41398849089455,14.124543247614218,Up,0,-6.242839264194704,264,3257.503739000001,2816.06465,441.43908900000014,2374.6255609999994,0.8644854697433085,0.6893939393939394,0.7289709394866173,499.4639900000002,61277.78145645067,0,97.75816225262679,15.978771662530178,Up,0,-8.09428095779035,459,10735.902847999989,10177.964858999985,557.937989,9620.02686999999,0.9480306410276483,0.7821350762527233,0.8960612820552976,3804.8799619999995,61235.66605865287,0,1.2190521056155195,-1.2190521056155195,,,,,,,,,60,15.978771662530178,Up,-8.09428095779035,15,0.6625658182178373,649.754565,2.3450695294583355
5m,300,btc-up-or-down-5m,btc-updown-5m,btc-updown-5m-1780836900,0x6b61b0d23c29318e74b29878daf105566bb2d31814e06a9e58331ff3bbfcb258,1780836900,1780837200,2026-06-07T12:55:00Z,2026-06-07T13:00:00Z,True,61830.322968383116,61879.376080953174,gamma_finalPrice,61830.32296838311,0,61879.37608095317,0,61879.37608095317,0,7.275957614183426e-12,1.176762026280209e-12,Up,49.05311257005815,49.05311257005815,7.933504179679187,83040.93318800014,0.99,0.51,0.52,2602,2602,0,ok,61872.207950523,0,41.884982139883505,6.774181361029176,Up,0,1.1584708986633439,1,0.5,0.0,0.5,-0.5,0.0,0.0,-1.0,-0.5,61870.78234726044,0,40.459378877327254,6.543614352138532,Up,0,1.3888844775144606,11,14.4453,0.0,14.4453,-14.4453,0.0,0.0,-1.0,-7.2284,61872.95316930569,0,42.63020092257648,6.894707786723902,Up,0,1.038026789823782,47,1164.5177289999997,1103.8857319999997,60.63199699999999,1043.2537350000002,0.9479338137238441,0.48936170212765956,0.8958676274476887,533.33224,61875.737991167145,0,45.415022784029134,7.345105217589122,Up,0,0.5879498094846015,240,4432.205395999996,4226.136699999999,206.06869600000005,4020.0680039999975,0.9535065102835778,0.7583333333333333,0.9070130205671545,1030.6246870000014,61917.53477485603,0,87.21180647291476,14.105021983713469,Up,0,-6.164724926905681,605,7271.269624999992,6511.622165999999,759.6474589999993,5751.974707000001,0.8955275353305313,0.6595041322314049,0.7910550706610618,1030.6246870000014,61863.68291164746,0,-2.536412065064716,2.536412065064716,61807.79327632285,0,-11.574816206773043,11.574816206773043,61744.15058930713,0,-21.876992061466034,21.876992061466034,60,14.105021983713469,Up,-6.164724926905681,15;30,0.9070130205671545,4432.205395999996,1.038026789823782
5m,300,btc-up-or-down-5m,btc-updown-5m,btc-updown-5m-1780784700,0xe516ad487154830b4fff361dd33c8e5443b188dc5036379ed8179ab391e59f9c,1780784700,1780785000,2026-06-06T22:25:00Z,2026-06-06T22:30:00Z,True,60479.91066996436,60431.38529991383,gamma_finalPrice,60479.91066996436,0,60431.38529991384,0,60431.38529991384,0,-7.275957614183426e-12,-1.2030370967126486e-12,Down,-48.52537005052727,48.52537005052727,8.023386528351145,66236.1595140001,0.01,0.49,0.5,2408,2408,0,ok,60432.455856191984,0,-47.45481377237593,7.8463763002783375,Down,0,0.17715079513257853,3,13.959499999999998,0.0,13.959499999999998,-13.959499999999998,0.0,0.0,-1.0,-6.5934,60434.141585587065,0,-45.76908437729435,7.567650790202683,Down,0,0.4560912850395453,3,13.959499999999998,0.0,13.959499999999998,-13.959499999999998,0.0,0.0,-1.0,-6.5934,60431.099085,0,-48.81158496435819,8.070710492732108,Down,0,-0.047362076874402324,4,15.563299999999998,0.0,15.563299999999998,-15.563299999999998,0.0,0.0,-1.0,-6.5934,60412.0090731667,0,-67.9015967976593,11.227132455303163,Down,0,-3.2068326140130035,28,455.5391,0.0,455.5391,-455.5391,0.0,0.0,-1.0,-209.11769999999999,60447.54113276309,0,-32.36953720126621,5.352113923895333,Down,0,2.673060296321572,358,9450.182267999975,8315.893877999992,1134.2883900000008,7181.605487999997,0.8799717975979269,0.6703910614525139,0.7599435951958526,2806.56999,60438.407495258354,0,-1.1619438058147018,1.1619438058147018,60428.86024200893,0,0.4178475550746524,-0.4178475550746524,60487.355887886246,0,-9.257554522971118,9.257554522971118,60,5.352113923895333,Down,2.673060296321572,60,0.7599435951958526,9450.182267999975,2.673060296321572
5m,300,btc-up-or-down-5m,btc-updown-5m,btc-updown-5m-1780769700,0x84f468b505b45d8fb74ae5de19cc607c7d8eb1f23cf0f10ecdf4958d7b2babd1,1780769700,1780770000,2026-06-06T18:15:00Z,2026-06-06T18:20:00Z,True,60464.64877764106,60412.71176694443,gamma_finalPrice,60464.64877764105,0,60412.71176694443,0,60412.71176694443,0,0.0,0.0,Down,-51.93701069663075,51.93701069663075,8.589648951344987,95769.80329299998,0.01,0.5,0.51,3214,3214,0,ok,60411.73117088783,0,-52.91760675322439,8.75182570692324,Down,0,-0.16231749682077123,0,0.0,0.0,0.0,0.0,,,,0.0,60421.17332332705,0,-43.47545431400795,7.19022688346195,Down,0,1.4005270773401461,61,5144.127622999998,5041.502822999997,102.62480000000001,4938.878022999997,0.980050106155774,0.6885245901639344,0.9601002123115481,2373.582833,60425.335110013766,0,-39.31366762729158,6.501926071193719,Down,0,2.089299428699286,170,8407.777694999997,8111.298095,296.4796000000001,7814.818495000004,0.9647374596766147,0.6235294117647059,0.9294749193532295,2373.582833,60434.73355999074,0,-29.91521765031939,4.947555018525404,Down,0,3.6445608313018134,359,11859.51748000003,11278.294286999999,581.2231930000006,10697.071093999966,0.9509909914985825,0.5710306406685237,0.9019819829971649,2373.582833,60429.52803860404,0,-35.12073903701821,5.808474827361495,Down,0,2.7831777688363624,754,14540.115609000008,13049.948757999995,1490.1668510000054,11559.78190699998,0.89751341109849,0.48010610079575594,0.7950268221969798,2373.582833,60428.386085172555,0,-2.5942032296360726,2.5942032296360726,,,,,,,,,60,5.808474827361495,Down,2.7831777688363624,15;30;60,0.9294749193532295,14540.115609000008,3.6445608313018134
5m,300,btc-up-or-down-5m,btc-updown-5m,btc-updown-5m-1780670400,0x8c00cfdf71677004f34900773fe415335216438c0e64b7ab69625de33bc5d58a,1780670400,1780670700,2026-06-05T14:40:00Z,2026-06-05T14:45:00Z,True,60861.60174109668,60808.05319650496,gamma_finalPrice,60861.60174109668,0,60808.05319650495,0,60808.05319650495,0,7.275957614183426e-12,1.1954922982696245e-12,Down,-53.54854459172202,53.54854459172202,8.798411980597525,133260.04247799944,0.01,0.5,0.51,3471,3471,0,truncated_http_400_at_offset_3500,60756.36540066927,0,-105.23634042741469,17.291089523914724,Down,0,-8.503771012431846,16,105.8976,0.0,105.8976,-105.8976,0.0,0.0,-1.0,-87.50009999999999,60717.80898888588,0,-143.79275221080024,23.626185985457635,Down,0,-14.851855001796915,22,130.2358,0.0,130.2358,-130.2358,0.0,0.0,-1.0,-87.50009999999999,,,,,,,,33,350.07320000000004,0.0,350.07320000000004,-350.07320000000004,0.0,0.0,-1.0,-139.0589,60701.02175109472,0,-160.57999000196287,26.384450196540183,Down,0,-17.61703364761599,110,7022.746075999999,6049.750375999998,972.9957,5076.754675999997,0.861450821449293,0.3,0.7229016428985858,5024.510294999996,60848.510854283115,0,-13.090886813566613,2.150927093449632,Down,0,6.651126404116081,817,19738.097434999956,15450.07965999996,4288.0177749999975,11162.061884999972,0.7827542502958565,0.7246022031823746,0.5655085005917135,5024.510294999996,60878.73560125673,0,-11.617105422756412,11.617105422756412,61049.4893096511,0,-39.62601314682358,39.62601314682358,,,,,60,2.150927093449632,Down,6.651126404116081,60,0.5655085005917135,19738.097434999956,6.651126404116081
5m,300,btc-up-or-down-5m,btc-updown-5m,btc-updown-5m-1780667400,0x746f890097df50454733b9c9c8ad3b2d9df6c82e7db1727c6df23525adcef127,1780667400,1780667700,2026-06-05T13:50:00Z,2026-06-05T13:55:00Z,True,61223.444262625475,61167.67680369386,gamma_finalPrice,61223.44426262547,0,61167.67680369386,0,61167.67680369386,0,0.0,0.0,Down,-55.76745893161569,55.76745893161569,9.108840510898787,142617.98034000004,0.01,0.49,0.5,3471,3471,0,truncated_http_400_at_offset_3500,61159.09850652672,0,-64.34575609875174,10.50998630895915,Down,0,-1.4025215917673435,18,147.341595,48.856995,98.4846,-49.627605,0.3315899695534041,0.1111111111111111,-0.3368200608931918,-23.839199999999998,61162.78132487607,0,-60.66293774940277,9.90844903942053,Down,0,-0.8003695719428197,95,3426.7612999999997,2961.1702999999984,465.591,2495.5792999999976,0.8641308923384884,0.5789473684210527,0.728261784676977,2016.517396,61171.68964990139,0,-51.754612724085746,8.453397770644523,Down,0,0.6560187984121896,159,4792.2550669999955,4191.951468999999,600.303598,3591.6478709999983,0.8747346312733322,0.6289308176100629,0.7494692625466636,2016.517396,61129.829678066795,0,-93.61458455867978,15.29064326356886,Down,0,-6.189353801897718,462,8654.232898999991,7425.176221999993,1229.056677000001,6196.119544999996,0.8579820197418054,0.6060606060606061,0.7159640394836111,2016.517396,61100.65008768648,0,-122.79417493899382,20.05672441626334,Down,0,-10.963873380083886,833,16716.275780999982,14700.640511999965,2015.6352690000006,12685.005242999976,0.8794207935184328,0.6770708283313326,0.7588415870368673,2016.517396,61103.14885916166,0,10.55492185859834,-10.55492185859834,61047.61,0,19.64841640706227,-19.64841640706227,60695.95258204681,-1,77.41876393362944,-77.41876393362944,60,20.05672441626334,Down,-10.963873380083886,15,0.7494692625466636,4792.2550669999955,0.6560187984121896
5m,300,btc-up-or-down-5m,btc-updown-5m,btc-updown-5m-1780659300,0xfa8b26b11d703c44b1bed973d4ee0bc96268a072b7ace45597cec6ae38f74664,1780659300,1780659600,2026-06-05T11:35:00Z,2026-06-05T11:40:00Z,True,62296.98681033774,62240.07879787786,gamma_finalPrice,62296.98681033774,0,62240.07879787786,0,62240.07879787786,0,0.0,0.0,Down,-56.90801245987677,56.90801245987677,9.134954252784711,58851.425688999945,0.01,0.37,0.38,2513,2513,0,ok,62241.86221496813,0,-55.12459536960523,8.848677631460934,Down,0,0.2865342676827049,1,1.1186999999999998,0.0,1.1186999999999998,-1.1186999999999998,0.0,0.0,-1.0,-1.1186999999999998,62224.96690173729,0,-72.01990860045044,11.560737089855403,Down,0,-2.4282956118138497,7,9.7858,0.0,9.7858,-9.7858,0.0,0.0,-1.0,-5.4871,62219.192248182706,0,-77.7945621550316,12.487692605723613,Down,0,-3.35636706139802,16,27.117400000000004,0.0,27.117400000000004,-27.117400000000004,0.0,0.0,-1.0,-8.029,62229.389730113224,0,-67.59708022451377,10.850778454231195,Down,0,-1.7175405209532137,150,5156.042130999995,4774.390230999993,381.6519,4392.738330999994,0.925979677763808,0.5666666666666667,0.8519593555276166,2373.9175539999974,62252.583290957176,0,-44.40351938056119,7.127715424784037,Down,0,2.008872316096132,497,9325.913435999973,8582.663049999968,743.250386,7839.41266399997,0.9203026715719982,0.704225352112676,0.840605343143997,2373.9175539999974,62210.385797697,0,4.771858560880603,-4.771858560880603,62184.996520852175,0,8.85388744718787,-8.85388744718787,62062.245039086825,0,28.613122366552545,-28.613122366552545,60,7.127715424784037,Down,2.008872316096132,60,0.840605343143997,9325.913435999973,2.008872316096132
5m,300,btc-up-or-down-5m,btc-updown-5m,btc-updown-5m-1780742100,0xb6342ea6c13d021c0090900ca2982048017e28bb88246704bc60929d931f5138,1780742100,1780742400,2026-06-06T10:35:00Z,2026-06-06T10:40:00Z,True,60334.94948385956,60279.375323979926,gamma_finalPrice,,,,,,,,,Down,-55.574159879630315,55.574159879630315,9.210939986698287,79870.07947799984,0.01,0.3,0.32,3483,3483,0,truncated_http_400_at_offset_3500,,,,,,,,3,16.1172,0.0,16.1172,-16.1172,0.0,0.0,-1.0,-14.810400000000001,60280.41743088846,-1,-54.532052971095254,9.038219711393534,Down,0,0.17287801923836119,36,2837.348129,2639.7331289999997,197.61499999999998,2442.1181289999995,0.9303522193909818,0.3888888888888889,0.8607044387819637,2205.825969,60274.32937134672,0,-60.620112512835476,10.04726332439413,Down,0,-0.8371294186102218,138,4581.871035999996,4203.160837999996,378.7101980000001,3824.4506399999973,0.9173459499352002,0.7028985507246377,0.8346918998704006,2205.825969,60279.92779,0,-55.021693859554944,9.119373485888808,Down,0,0.0916504999302542,351,6280.259855999992,5537.710464999994,742.5493910000004,4795.161073999998,0.8817645435020357,0.6552706552706553,0.7635290870040718,2205.825969,60293.255875,-1,-41.69360885955393,6.910357796969326,Down,0,2.302438114415664,729,9872.34656299998,8407.550600999986,1464.7959619999988,6942.7546390000025,0.8516263633319133,0.6556927297668038,0.7032527266638277,2205.825969,,,,,,,,,,,,,60,6.910357796969326,Down,2.302438114415664,30;60,0.7635290870040718,9872.34656299998,2.302438114415664
5m,300,btc-up-or-down-5m,btc-updown-5m,btc-updown-5m-1780785000,0xbc9d77e54170a410c55ff487cdfb37663787c8595aaae516d968535e1d021881,1780785000,1780785300,2026-06-06T22:30:00Z,2026-06-06T22:35:00Z,True,60431.38529991383,60487.35588788624,gamma_finalPrice,60431.38529991384,0,60487.355887886246,0,60487.355887886246,0,-7.275957614183426e-12,-1.2040031149499067e-12,Up,55.970587972406065,55.970587972406065,9.261840961386314,68998.18849100012,0.99,0.99,1.0,2842,2842,0,ok,60492.22863430546,0,60.84333439162583,10.068168070228333,Up,0,-0.8055485462447057,1,0.0396,0.0,0.0396,-0.0396,0.0,0.0,-1.0,-0.0396,60496.663869118915,0,65.27856920508202,10.80209710254236,Up,0,-1.5387125125677497,4,16.612299999999998,0.0,16.612299999999998,-16.612299999999998,0.0,0.0,-1.0,-16.572699999999998,60481.81535398473,0,50.43005407090095,8.345010431354924,Up,0,0.9160241156486141,57,1466.1913339999999,1135.1449340000001,331.0464,804.098534,0.7742133701630515,0.7894736842105263,0.5484267403261026,681.5529400000003,60484.06628487064,0,52.68098495680897,8.717487559710813,Up,0,0.543864485897003,176,2863.869330999999,2441.751434999999,422.11789600000003,2019.633539000001,0.852605741668875,0.7670454545454546,0.7052114833377507,681.5529400000003,60497.36132302849,0,65.97602311465744,10.917509632987267,Up,0,-1.6539998432394065,311,4472.914591,3650.2898959999998,822.6246950000003,2827.6652010000016,0.8160875468860478,0.7556270096463023,0.6321750937720961,681.5529400000003,60522.729441792304,0,5.846381285867442,-5.846381285867442,60512.213619378395,0,4.10873062492429,-4.10873062492429,60522.196043856355,0,5.758249059948229,-5.758249059948229,60,10.917509632987267,Up,-1.6539998432394065,15;30,0.7052114833377507,2863.869330999999,0.9160241156486141
5m,300,btc-up-or-down-5m,btc-updown-5m,btc-updown-5m-1780595700,0x1cbbe28330e3918d21c62c68a8b4b5089e4ac8c561e0d2f3d4339adf2684d088,1780595700,1780596000,2026-06-04T17:55:00Z,2026-06-04T18:00:00Z,True,63521.50328973888,63461.571019882525,gamma_finalPrice,63521.50328973888,0,63461.571019882525,0,63461.571019882525,0,0.0,0.0,Down,-59.93226985635556,59.93226985635556,9.434957731240734,117322.01875299943,0.01,0.46,0.5,3463,3463,0,truncated_http_400_at_offset_3500,63464.633626022776,0,-56.8696637161047,8.952820819857909,Down,0,0.4825805907276337,87,4271.333211999997,4177.963311999999,93.3699,4084.5934119999997,0.9781403380711011,0.8160919540229885,0.9562806761422018,3097.1060199999993,63468.802910461956,0,-52.70037927692465,8.296462858654944,Down,0,1.1395051260509539,178,5001.115321999996,4814.756923999998,186.35839800000005,4628.398525999999,0.962736632530707,0.7191011235955056,0.9254732650614136,3097.1060199999993,63464.97739390675,0,-56.5258958321283,8.898702471554914,Down,0,0.536747286932823,276,6496.957438999993,6261.4360439999955,235.521395,6025.914648999996,0.9637489706202771,0.7572463768115942,0.927497941240554,3097.1060199999993,63468.3396328806,0,-53.1636568582835,8.369395260655212,Down,0,1.0665118993116494,575,9635.464847000003,8890.075167,745.38968,8144.685487,0.9226410254371818,0.7547826086956522,0.8452820508743637,3097.1060199999993,63448.479700639364,0,-73.02358909951727,11.49588490789281,Down,0,-2.0630862906870404,1108,15490.507209999967,13435.485605999978,2055.021603999998,11380.464001999992,0.8673367129855271,0.7120938628158845,0.7346734259710541,3097.1060199999993,63472.0997898468,0,-1.6589404405085664,1.6589404405085664,63458.93574828973,0,0.41526332667207794,-0.41526332667207794,63267.39027997418,0,30.64506958512235,-30.64506958512235,60,11.49588490789281,Down,-2.0630862906870404,15;30,0.927497941240554,9635.464847000003,1.0665118993116494
5m,300,btc-up-or-down-5m,btc-updown-5m,btc-updown-5m-1780665600,0x1db8f91cc84b9914c6aa1c7c812b0582a53bb0daa4b8155eea9869506613b846,1780665600,1780665900,2026-06-05T13:20:00Z,2026-06-05T13:25:00Z,True,62023.17791036395,62082.67709321947,gamma_finalPrice,62023.17791036395,0,62082.67709321946,0,62082.67709321946,0,7.275957614183426e-12,1.173103001058517e-12,Up,59.49918285552121,59.49918285552121,9.593056154186355,97297.60864599995,0.99,0.81,0.82,3474,3474,0,truncated_http_400_at_offset_3500,62060.5366534693,0,37.358743105352914,6.02335197324843,Up,0,3.566919095566851,50,2269.3965539999995,2139.5949539999997,129.8016,2009.793354,0.9428034735616331,0.74,0.8856069471232662,1338.0543,62077.179335018176,0,54.00142465422687,8.706652331209126,Up,0,0.8855935183956973,121,3153.6432579999973,2903.7962579999976,249.847,2653.949257999998,0.9207751227516933,0.8264462809917356,0.8415502455033866,1338.0543,62078.01162397972,0,54.83371361577156,8.84084232107832,Up,0,0.751521160222973,178,4930.609403999997,4653.762404999996,276.846999,4376.9154059999955,0.943851362718895,0.8707865168539326,0.8877027254377902,1338.0543,62096.38090031301,0,73.20298994905897,11.802521640353888,Up,0,-2.207104381461473,383,10792.552220999996,9578.621423999992,1213.9307970000004,8364.690627,0.8875214340276293,0.7911227154046997,0.7750428680552597,2421.268376,62055.56249729588,0,32.38458693193388,5.221368530767025,Up,0,4.36845188786782,962,21894.493829999934,19660.621046999906,2233.872783,17426.748263999965,0.8979710241147861,0.7515592515592515,0.7959420482295761,4088.905921,62061.167750461354,0,-3.4652290655942384,3.4652290655942384,62150.81604952145,0,10.969499675311312,-10.969499675311312,62074.59623588182,0,-1.3017130825096648,1.3017130825096648,60,5.221368530767025,Up,4.36845188786782,15;60,0.8877027254377902,21894.493829999934,4.36845188786782
5m,300,btc-up-or-down-5m,btc-updown-5m,btc-updown-5m-1780767600,0xb6de2e59daaeb9a2a38ab8f060c2c9fbc0d9771509cd567e8d3dcc2d69c98696,1780767600,1780767900,2026-06-06T17:40:00Z,2026-06-06T17:45:00Z,True,60620.503635376386,60678.79290461163,gamma_finalPrice,60620.503635376386,0,60678.79290461163,0,60678.79290461163,0,0.0,0.0,Up,58.28926923524705,58.28926923524705,9.615437968950014,59523.145220999926,0.99,0.97,0.98,2378,2378,0,ok,60679.849267118225,0,59.34563174183859,9.789696255048296,Up,0,-0.17408937471817826,3,10.1382,0.0,10.1382,-10.1382,0.0,0.0,-1.0,-6.1182,60678.477329925976,0,57.97369454958971,9.56338055161883,Up,0,0.05200754516722384,10,65.8854,0.0,65.8854,-65.8854,0.0,0.0,-1.0,-38.204100000000004,60664.79218345327,0,44.28854807688185,7.305869371074695,Up,0,2.307616213965361,27,1175.0790240000001,1012.2627239999999,162.81629999999996,849.446424,0.8614422547976652,0.25925925925925924,0.7228845095953308,996.3237239999999,60659.592622379976,0,39.088987003589864,6.448146197976925,Up,0,3.1647499360596423,242,6906.900136999993,6357.890740999996,549.009396,5808.881345000001,0.9205129095382492,0.7603305785123967,0.8410258190764988,1204.4906989999995,60631.051648646266,0,10.548013269879448,1.7400075283643686,Up,0,7.870961933205162,562,12010.377299999971,9075.061951999985,2935.3153479999987,6139.746604000006,0.7556017371744023,0.6494661921708185,0.5112034743488051,1204.4906989999995,60696.741677805825,0,2.95756033318863,-2.95756033318863,60648.03438495289,0,-5.070357645518917,5.070357645518917,60569.74013070445,0,-17.988308902909267,17.988308902909267,60,1.7400075283643686,Up,7.870961933205162,15;30;60,0.8410258190764988,12010.377299999971,7.870961933205162
5m,300,btc-up-or-down-5m,btc-updown-5m,btc-updown-5m-1780786200,0x932626deb59fc2f617618b25eac26e02b84aba0c5953036fd29bca3d0c9be282,1780786200,1780786500,2026-06-06T22:50:00Z,2026-06-06T22:55:00Z,True,60625.30918545434,60683.803382637314,gamma_finalPrice,60625.30918545434,0,60683.803382637314,0,60683.803382637314,0,0.0,0.0,Up,58.49419718297577,58.49419718297577,9.648478163474689,85732.49465299984,0.99,0.5,0.51,2014,2014,0,ok,60684.333745,0,59.0245595456654,9.735960168897085,Up,0,-0.08739729804629282,5,19.112499999999997,0.0,19.112499999999997,-19.112499999999997,0.0,0.0,-1.0,-6.98,60681.98540718139,0,56.6762217270516,9.348607452652756,Up,0,0.2995861476598007,101,3837.6118420000016,3491.457144000002,346.15469800000005,3145.3024460000015,0.9097994502175607,0.8415841584158416,0.8195989004351212,1961.2865299999999,60675.80697431707,0,50.497788862732705,8.329489703427113,Up,0,1.3178038901571367,105,3916.2277420000014,3491.457144000002,424.77059800000006,3066.6865460000017,0.8915357772877961,0.8095238095238095,0.7830715545755921,1961.2865299999999,60686.47023084946,0,61.16104539512162,10.088368408650659,Up,0,-0.4394565709006853,167,8377.904047999997,6959.545349999998,1418.3586979999998,5541.1866519999985,0.8307024418191332,0.7305389221556886,0.6614048836382663,3445.948206,60651.54621962925,0,26.23703417491197,4.32773614311017,Up,0,5.317026550588932,396,14070.159470999979,11864.342479999978,2205.8169909999997,9658.525488999983,0.8432272928003116,0.7474747474747475,0.6864545856006239,3445.948206,60684.34039464091,0,0.08849307353452256,-0.08849307353452256,60678.94736429197,0,-0.800248563591595,0.800248563591595,60521.90714677506,0,-26.714307673575455,26.714307673575455,60,4.32773614311017,Up,5.317026550588932,15;60,0.7830715545755921,14070.159470999979,5.317026550588932
